config,,t_in,dir,px_in,px_out,pnl,R
H1 atr7 m1.2,0,2021-01-06 03:00:00+00:00,-1,1943.968,1953.968,-30.35,-1.0116666666666667
H1 atr7 m1.2,1,2021-01-07 00:00:00+00:00,1,1923.955,1913.955,-30.35,-1.0116666666666667
H1 atr7 m1.2,2,2021-01-18 03:00:00+00:00,1,1828.668,1848.825,60.12100000000045,2.004033333333348
H1 atr7 m1.2,3,2021-01-27 01:00:00+00:00,-1,1848.825,1858.825,-30.35,-1.0116666666666667
H1 atr7 m1.2,4,2021-02-01 00:00:00+00:00,1,1855.897,1845.897,-30.35,-1.0116666666666667
H1 atr7 m1.2,5,2021-02-11 02:00:00+00:00,-1,1838.572,1824.652,41.409999999999535,1.3803333333333179
H1 atr7 m1.2,6,2021-02-16 02:00:00+00:00,1,1824.652,1814.652,-30.35,-1.0116666666666667
H1 atr7 m1.2,7,2021-02-17 00:00:00+00:00,-1,1788.285,1782.998,15.511000000000104,0.5170333333333368
H1 atr7 m1.2,8,2021-02-18 03:00:00+00:00,1,1782.998,1772.998,-30.35,-1.0116666666666667
H1 atr7 m1.2,9,2021-02-24 02:00:00+00:00,1,1811.835,1801.835,-30.35,-1.0116666666666667
H1 atr7 m1.2,10,2021-02-25 02:00:00+00:00,-1,1796.855,1739.085,172.95999999999995,5.765333333333332
H1 atr7 m1.2,11,2021-03-01 00:00:00+00:00,1,1739.085,1729.085,-30.35,-1.0116666666666667
H1 atr7 m1.2,12,2021-03-23 02:00:00+00:00,-1,1733.368,1731.978,3.819999999999618,0.1273333333333206
H1 atr7 m1.2,13,2021-03-24 03:00:00+00:00,1,1731.978,1721.978,-30.35,-1.0116666666666667
H1 atr7 m1.2,14,2021-04-07 02:00:00+00:00,-1,1737.158,1747.158,-30.35,-1.0116666666666667
H1 atr7 m1.2,15,2021-04-09 03:00:00+00:00,-1,1752.518,1735.728,50.01999999999989,1.6673333333333296
H1 atr7 m1.2,16,2021-04-13 03:00:00+00:00,1,1735.728,1725.728,-30.35,-1.0116666666666667
H1 atr7 m1.2,17,2021-04-16 03:00:00+00:00,-1,1761.268,1771.268,-30.35,-1.0116666666666667
H1 atr7 m1.2,18,2021-04-19 01:00:00+00:00,1,1782.038,1772.038,-30.35,-1.0116666666666667
H1 atr7 m1.2,19,2021-04-23 02:00:00+00:00,1,1788.568,1778.568,-30.35,-1.0116666666666667
H1 atr7 m1.2,20,2021-04-26 02:00:00+00:00,1,1780.495,1770.495,-30.35,-1.0116666666666667
H1 atr7 m1.2,21,2021-04-27 02:00:00+00:00,-1,1774.985,1784.985,-30.35,-1.0116666666666667
H1 atr7 m1.2,22,2021-04-30 03:00:00+00:00,-1,1767.568,1777.568,-30.35,-1.0116666666666667
H1 atr7 m1.2,23,2021-05-12 02:00:00+00:00,-1,1830.178,1840.178,-30.35,-1.0116666666666667
H1 atr7 m1.2,24,2021-05-25 00:00:00+00:00,-1,1877.358,1887.358,-30.35,-1.0116666666666667
H1 atr7 m1.2,25,2021-06-08 03:00:00+00:00,-1,1896.148,1784.498,334.59999999999957,11.153333333333318
H1 atr7 m1.2,26,2021-06-18 02:00:00+00:00,1,1784.498,1774.498,-30.35,-1.0116666666666667
H1 atr7 m1.2,27,2021-06-21 01:00:00+00:00,1,1773.098,1773.238,0.0700000000003001,0.002333333333343337
H1 atr7 m1.2,28,2021-06-28 02:00:00+00:00,-1,1773.238,1783.238,-30.35,-1.0116666666666667
H1 atr7 m1.2,29,2021-07-02 01:00:00+00:00,1,1777.098,1806.358,87.42999999999998,2.9143333333333326
H1 atr7 m1.2,30,2021-07-12 00:00:00+00:00,-1,1806.358,1816.358,-30.35,-1.0116666666666667
H1 atr7 m1.2,31,2021-07-16 02:00:00+00:00,-1,1826.258,1734.468,275.01999999999987,9.167333333333328
H1 atr7 m1.2,32,2021-08-09 02:00:00+00:00,1,1734.468,1724.468,-30.35,-1.0116666666666667
H1 atr7 m1.2,33,2021-08-18 02:00:00+00:00,1,1789.718,1779.718,-30.35,-1.0116666666666667
H1 atr7 m1.2,34,2021-08-19 02:00:00+00:00,-1,1781.738,1791.738,-30.35,-1.0116666666666667
H1 atr7 m1.2,35,2021-08-23 02:00:00+00:00,1,1785.488,1801.668,48.18999999999951,1.606333333333317
H1 atr7 m1.2,36,2021-08-25 00:00:00+00:00,-1,1801.668,1811.668,-30.35,-1.0116666666666667
H1 atr7 m1.2,37,2021-08-30 03:00:00+00:00,-1,1813.488,1812.648,2.1700000000004365,0.07233333333334788
H1 atr7 m1.2,38,2021-08-31 02:00:00+00:00,1,1812.648,1802.648,-30.35,-1.0116666666666667
H1 atr7 m1.2,39,2021-09-03 02:00:00+00:00,1,1812.838,1802.838,-30.35,-1.0116666666666667
H1 atr7 m1.2,40,2021-09-08 03:00:00+00:00,1,1800.3,1790.3,-30.35,-1.0116666666666667
H1 atr7 m1.2,41,2021-09-22 01:00:00+00:00,-1,1772.578,1778.648,-18.55999999999981,-0.6186666666666604
H1 atr7 m1.2,42,2021-09-22 03:00:00+00:00,1,1778.648,1768.648,-30.35,-1.0116666666666667
H1 atr7 m1.2,43,2021-09-24 03:00:00+00:00,1,1751.764,1741.764,-30.35,-1.0116666666666667
H1 atr7 m1.2,44,2021-09-29 03:00:00+00:00,1,1739.968,1729.968,-30.35,-1.0116666666666667
H1 atr7 m1.2,45,2021-09-30 02:00:00+00:00,1,1731.288,1751.358,59.85999999999981,1.995333333333327
H1 atr7 m1.2,46,2021-10-01 01:00:00+00:00,-1,1751.358,1761.358,-30.35,-1.0116666666666667
H1 atr7 m1.2,47,2021-10-04 03:00:00+00:00,-1,1758.938,1768.938,-30.35,-1.0116666666666667
H1 atr7 m1.2,48,2021-10-05 03:00:00+00:00,-1,1761.828,1758.428,9.849999999999591,0.3283333333333197
H1 atr7 m1.2,49,2021-10-08 02:00:00+00:00,1,1758.428,1804.204,136.97799999999953,4.565933333333318
H1 atr7 m1.2,50,2021-10-26 03:00:00+00:00,-1,1804.204,1785.724,55.09000000000005,1.8363333333333351
H1 atr7 m1.2,51,2021-11-01 03:00:00+00:00,1,1785.724,1775.724,-30.35,-1.0116666666666667
H1 atr7 m1.2,52,2021-11-10 02:00:00+00:00,-1,1827.663,1837.663,-30.35,-1.0116666666666667
H1 atr7 m1.2,53,2021-11-12 03:00:00+00:00,-1,1856.774,1866.774,-30.35,-1.0116666666666667
H1 atr7 m1.2,54,2021-11-15 02:00:00+00:00,-1,1860.348,1870.348,-30.35,-1.0116666666666667
H1 atr7 m1.2,55,2021-11-17 02:00:00+00:00,1,1855.568,1845.568,-30.35,-1.0116666666666667
H1 atr7 m1.2,56,2021-11-24 01:00:00+00:00,1,1791.398,1781.398,-30.35,-1.0116666666666667
H1 atr7 m1.2,57,2021-11-26 00:00:00+00:00,1,1792.548,1782.548,-30.35,-1.0116666666666667
H1 atr7 m1.2,58,2021-11-30 02:00:00+00:00,1,1788.358,1778.358,-30.35,-1.0116666666666667
H1 atr7 m1.2,59,2021-12-03 01:00:00+00:00,1,1771.488,1761.488,-30.35,-1.0116666666666667
H1 atr7 m1.2,60,2022-01-18 02:00:00+00:00,1,1821.969,1811.969,-30.35,-1.0116666666666667
H1 atr7 m1.2,61,2022-01-24 02:00:00+00:00,1,1835.998,1825.998,-30.35,-1.0116666666666667
H1 atr7 m1.2,62,2022-02-18 02:00:00+00:00,-1,1890.118,1900.118,-30.35,-1.0116666666666667
H1 atr7 m1.2,63,2022-02-21 02:00:00+00:00,-1,1895.538,1905.538,-30.35,-1.0116666666666667
H1 atr7 m1.2,64,2022-02-25 01:00:00+00:00,1,1912.608,1902.608,-30.35,-1.0116666666666667
H1 atr7 m1.2,65,2022-02-28 00:00:00+00:00,1,1910.038,1900.038,-30.35,-1.0116666666666667
H1 atr7 m1.2,66,2022-03-02 01:00:00+00:00,-1,1935.048,1945.048,-30.35,-1.0116666666666667
H1 atr7 m1.2,67,2022-03-03 02:00:00+00:00,1,1930.527,1933.693,9.14799999999982,0.30493333333332734
H1 atr7 m1.2,68,2022-03-04 02:00:00+00:00,-1,1933.693,1943.693,-30.35,-1.0116666666666667
H1 atr7 m1.2,69,2022-03-08 02:00:00+00:00,-1,1984.838,1994.838,-30.35,-1.0116666666666667
H1 atr7 m1.2,70,2022-03-14 00:00:00+00:00,-1,1974.148,1927.948,138.24999999999946,4.608333333333316
H1 atr7 m1.2,71,2022-03-21 02:00:00+00:00,1,1927.948,1917.948,-30.35,-1.0116666666666667
H1 atr7 m1.2,72,2022-03-24 03:00:00+00:00,-1,1941.328,1951.328,-30.35,-1.0116666666666667
H1 atr7 m1.2,73,2022-03-28 02:00:00+00:00,-1,1945.84,1955.84,-30.35,-1.0116666666666667
H1 atr7 m1.2,74,2022-04-25 01:00:00+00:00,-1,1927.708,1906.458,63.39999999999999,2.113333333333333
H1 atr7 m1.2,75,2022-04-27 00:00:00+00:00,1,1906.458,1898.768,-23.420000000000165,-0.7806666666666722
H1 atr7 m1.2,76,2022-04-27 03:00:00+00:00,-1,1898.768,1908.768,-30.35,-1.0116666666666667
H1 atr7 m1.2,77,2022-05-04 02:00:00+00:00,-1,1862.663,1872.663,-30.35,-1.0116666666666667
H1 atr7 m1.2,78,2022-05-09 02:00:00+00:00,-1,1878.188,1860.068,54.01000000000035,1.800333333333345
H1 atr7 m1.2,79,2022-05-10 03:00:00+00:00,1,1860.068,1850.068,-30.35,-1.0116666666666667
H1 atr7 m1.2,80,2022-05-25 02:00:00+00:00,-1,1861.153,1856.563,13.419999999999755,0.44733333333332514
H1 atr7 m1.2,81,2022-05-30 02:00:00+00:00,1,1856.563,1846.563,-30.35,-1.0116666666666667
H1 atr7 m1.2,82,2022-06-08 02:00:00+00:00,-1,1849.053,1859.053,-30.35,-1.0116666666666667
H1 atr7 m1.2,83,2022-06-13 02:00:00+00:00,-1,1862.568,1824.218,114.69999999999972,3.823333333333324
H1 atr7 m1.2,84,2022-06-14 02:00:00+00:00,1,1824.218,1814.218,-30.35,-1.0116666666666667
H1 atr7 m1.2,85,2022-06-15 02:00:00+00:00,1,1815.678,1846.563,92.30499999999996,3.076833333333332
H1 atr7 m1.2,86,2022-06-17 01:00:00+00:00,-1,1846.563,1842.198,12.745000000000026,0.4248333333333342
H1 atr7 m1.2,87,2022-06-20 03:00:00+00:00,1,1842.198,1832.198,-30.35,-1.0116666666666667
H1 atr7 m1.2,88,2022-06-23 02:00:00+00:00,-1,1832.968,1842.968,-30.35,-1.0116666666666667
H1 atr7 m1.2,89,2022-07-07 03:00:00+00:00,1,1743.874,1733.874,-30.35,-1.0116666666666667
H1 atr7 m1.2,90,2022-07-14 01:00:00+00:00,-1,1728.094,1713.854,42.370000000000026,1.412333333333334
H1 atr7 m1.2,91,2022-07-15 02:00:00+00:00,1,1713.854,1703.854,-30.35,-1.0116666666666667
H1 atr7 m1.2,92,2022-07-26 02:00:00+00:00,1,1726.908,1716.908,-30.35,-1.0116666666666667
H1 atr7 m1.2,93,2022-08-03 02:00:00+00:00,1,1764.623,1754.623,-30.35,-1.0116666666666667
H1 atr7 m1.2,94,2022-08-04 01:00:00+00:00,1,1767.208,1783.694,49.10799999999962,1.6369333333333207
H1 atr7 m1.2,95,2022-08-09 02:00:00+00:00,-1,1783.694,1793.694,-30.35,-1.0116666666666667
H1 atr7 m1.2,96,2022-08-15 03:00:00+00:00,-1,1796.178,1713.444,247.85200000000043,8.261733333333348
H1 atr7 m1.2,97,2022-09-09 01:00:00+00:00,1,1713.444,1703.444,-30.35,-1.0116666666666667
H1 atr7 m1.2,98,2022-09-19 02:00:00+00:00,-1,1671.538,1681.538,-30.35,-1.0116666666666667
H1 atr7 m1.2,99,2022-09-22 00:00:00+00:00,-1,1666.928,1676.928,-30.35,-1.0116666666666667
H1 atr7 m1.2,100,2022-09-27 01:00:00+00:00,1,1630.618,1620.618,-30.35,-1.0116666666666667
H1 atr7 m1.2,101,2022-10-03 02:00:00+00:00,1,1668.848,1669.808,2.5300000000001086,0.08433333333333695
H1 atr7 m1.2,102,2022-10-13 03:00:00+00:00,-1,1669.808,1679.808,-30.35,-1.0116666666666667
H1 atr7 m1.2,103,2022-10-17 02:00:00+00:00,1,1651.838,1641.838,-30.35,-1.0116666666666667
H1 atr7 m1.2,104,2022-10-24 02:00:00+00:00,-1,1653.577,1663.577,-30.35,-1.0116666666666667
H1 atr7 m1.2,105,2022-10-28 02:00:00+00:00,1,1666.097,1656.097,-30.35,-1.0116666666666667
H1 atr7 m1.2,106,2022-11-01 02:00:00+00:00,1,1637.187,1627.187,-30.35,-1.0116666666666667
H1 atr7 m1.2,107,2022-11-07 00:00:00+00:00,-1,1672.698,1682.698,-30.35,-1.0116666666666667
H1 atr7 m1.2,108,2022-11-11 02:00:00+00:00,-1,1747.408,1757.408,-30.35,-1.0116666666666667
H1 atr7 m1.2,109,2022-11-14 02:00:00+00:00,-1,1762.537,1772.537,-30.35,-1.0116666666666667
H1 atr7 m1.2,110,2022-11-22 01:00:00+00:00,1,1740.638,1730.638,-30.35,-1.0116666666666667
H1 atr7 m1.2,111,2022-11-25 03:00:00+00:00,1,1758.508,1748.508,-30.35,-1.0116666666666667
H1 atr7 m1.2,112,2022-11-28 02:00:00+00:00,-1,1746.677,1756.677,-30.35,-1.0116666666666667
H1 atr7 m1.2,113,2022-11-29 02:00:00+00:00,1,1746.148,1781.768,106.51000000000036,3.5503333333333456
H1 atr7 m1.2,114,2022-12-08 03:00:00+00:00,-1,1781.768,1791.768,-30.35,-1.0116666666666667
H1 atr7 m1.2,115,2022-12-13 03:00:00+00:00,1,1785.625,1775.625,-30.35,-1.0116666666666667
H1 atr7 m1.2,116,2022-12-16 03:00:00+00:00,1,1781.785,1912.985,393.24999999999943,13.108333333333315
H1 atr7 m1.2,117,2023-01-17 02:00:00+00:00,-1,1912.985,1922.985,-30.35,-1.0116666666666667
H1 atr7 m1.2,118,2023-01-27 01:00:00+00:00,1,1933.765,1925.665,-24.650000000000407,-0.8216666666666802
H1 atr7 m1.2,119,2023-01-27 03:00:00+00:00,-1,1925.665,1935.665,-30.35,-1.0116666666666667
H1 atr7 m1.2,120,2023-02-06 02:00:00+00:00,1,1872.648,1862.648,-30.35,-1.0116666666666667
H1 atr7 m1.2,121,2023-02-16 02:00:00+00:00,1,1841.295,1831.295,-30.35,-1.0116666666666667
H1 atr7 m1.2,122,2023-02-23 03:00:00+00:00,1,1829.575,1819.575,-30.35,-1.0116666666666667
H1 atr7 m1.2,123,2023-03-01 01:00:00+00:00,-1,1823.365,1829.045,-17.390000000000192,-0.5796666666666731
H1 atr7 m1.2,124,2023-03-01 02:00:00+00:00,1,1829.045,1833.025,11.590000000000055,0.38633333333333514
H1 atr7 m1.2,125,2023-03-02 02:00:00+00:00,-1,1833.025,1843.025,-30.35,-1.0116666666666667
H1 atr7 m1.2,126,2023-03-07 03:00:00+00:00,1,1849.065,1839.065,-30.35,-1.0116666666666667
H1 atr7 m1.2,127,2023-03-14 03:00:00+00:00,-1,1904.335,1914.335,-30.35,-1.0116666666666667
H1 atr7 m1.2,128,2023-03-17 03:00:00+00:00,1,1927.325,1978.124,152.04699999999994,5.068233333333331
H1 atr7 m1.2,129,2023-04-04 02:00:00+00:00,-1,1978.124,1988.124,-30.35,-1.0116666666666667
H1 atr7 m1.2,130,2023-04-11 03:00:00+00:00,1,1997.705,1987.705,-30.35,-1.0116666666666667
H1 atr7 m1.2,131,2023-04-18 02:00:00+00:00,1,1997.625,1987.625,-30.35,-1.0116666666666667
H1 atr7 m1.2,132,2023-04-27 03:00:00+00:00,1,1998.635,1988.635,-30.35,-1.0116666666666667
H1 atr7 m1.2,133,2023-05-01 01:00:00+00:00,-1,1983.845,1993.845,-30.35,-1.0116666666666667
H1 atr7 m1.2,134,2023-05-10 02:00:00+00:00,-1,2032.744,2042.744,-30.35,-1.0116666666666667
H1 atr7 m1.2,135,2023-05-11 01:00:00+00:00,1,2035.264,2025.264,-30.35,-1.0116666666666667
H1 atr7 m1.2,136,2023-05-15 02:00:00+00:00,1,2017.495,2007.495,-30.35,-1.0116666666666667
H1 atr7 m1.2,137,2023-05-19 03:00:00+00:00,1,1962.745,1952.745,-30.35,-1.0116666666666667
H1 atr7 m1.2,138,2023-05-26 02:00:00+00:00,1,1946.735,1936.735,-30.35,-1.0116666666666667
H1 atr7 m1.2,139,2023-05-31 02:00:00+00:00,-1,1954.725,1964.725,-30.35,-1.0116666666666667
H1 atr7 m1.2,140,2023-06-13 00:00:00+00:00,1,1959.825,1949.825,-30.35,-1.0116666666666667
H1 atr7 m1.2,141,2023-06-26 00:00:00+00:00,1,1925.275,1915.275,-30.35,-1.0116666666666667
H1 atr7 m1.2,142,2023-07-03 03:00:00+00:00,-1,1914.765,1924.765,-30.35,-1.0116666666666667
H1 atr7 m1.2,143,2023-07-12 01:00:00+00:00,1,1935.695,1925.695,-30.35,-1.0116666666666667
H1 atr7 m1.2,144,2023-08-09 03:00:00+00:00,1,1929.555,1919.555,-30.35,-1.0116666666666667
H1 atr7 m1.2,145,2023-08-18 00:00:00+00:00,1,1891.215,1923.605,96.8200000000003,3.2273333333333434
H1 atr7 m1.2,146,2023-09-25 02:00:00+00:00,-1,1923.605,1822.715,302.3200000000003,10.077333333333343
H1 atr7 m1.2,147,2023-10-06 02:00:00+00:00,1,1822.715,1812.715,-30.35,-1.0116666666666667
H1 atr7 m1.2,148,2023-10-13 01:00:00+00:00,1,1872.455,1921.565,146.9800000000004,4.899333333333346
H1 atr7 m1.2,149,2023-10-16 01:00:00+00:00,-1,1921.565,1931.565,-30.35,-1.0116666666666667
H1 atr7 m1.2,150,2023-10-18 01:00:00+00:00,1,1927.305,1988.405,182.94999999999973,6.098333333333325
H1 atr7 m1.2,151,2023-11-06 00:00:00+00:00,-1,1988.405,1980.955,22.000000000000135,0.7333333333333378
H1 atr7 m1.2,152,2023-11-20 02:00:00+00:00,1,1980.955,1970.955,-30.35,-1.0116666666666667
H1 atr7 m1.2,153,2023-11-24 00:00:00+00:00,1,1994.065,2087.625,280.3299999999998,9.344333333333328
H1 atr7 m1.2,154,2023-12-04 02:00:00+00:00,-1,2087.625,2006.965,241.63000000000022,8.054333333333341
H1 atr7 m1.2,155,2023-12-11 00:00:00+00:00,1,2006.965,1996.965,-30.35,-1.0116666666666667
H1 atr7 m1.2,156,2023-12-11 03:00:00+00:00,-1,1998.004,2008.004,-30.35,-1.0116666666666667
H1 atr7 m1.2,157,2023-12-21 02:00:00+00:00,1,2035.298,2025.298,-30.35,-1.0116666666666667
H1 atr7 m1.2,158,2024-01-11 01:00:00+00:00,1,2027.748,2017.748,-30.35,-1.0116666666666667
H1 atr7 m1.2,159,2024-01-15 03:00:00+00:00,1,2056.295,2051.335,-15.230000000000109,-0.5076666666666703
H1 atr7 m1.2,160,2024-01-16 01:00:00+00:00,-1,2051.335,2011.555,118.98999999999992,3.966333333333331
H1 atr7 m1.2,161,2024-01-18 02:00:00+00:00,1,2011.555,2024.095,37.26999999999988,1.2423333333333295
H1 atr7 m1.2,162,2024-01-24 03:00:00+00:00,-1,2024.095,2034.095,-30.35,-1.0116666666666667
H1 atr7 m1.2,163,2024-01-26 02:00:00+00:00,1,2021.825,2011.825,-30.35,-1.0116666666666667
H1 atr7 m1.2,164,2024-02-21 03:00:00+00:00,1,2027.825,2017.825,-30.35,-1.0116666666666667
H1 atr7 m1.2,165,2024-02-26 01:00:00+00:00,-1,2030.255,2033.325,-9.559999999999809,-0.31866666666666027
H1 atr7 m1.2,166,2024-02-28 02:00:00+00:00,1,2033.325,2155.375,365.79999999999984,12.193333333333328
H1 atr7 m1.2,167,2024-03-08 03:00:00+00:00,-1,2155.375,2165.375,-30.35,-1.0116666666666667
H1 atr7 m1.2,168,2024-03-11 01:00:00+00:00,1,2186.605,2176.605,-30.35,-1.0116666666666667
H1 atr7 m1.2,169,2024-03-22 02:00:00+00:00,-1,2173.365,2175.105,-5.570000000000709,-0.1856666666666903
H1 atr7 m1.2,170,2024-03-25 02:00:00+00:00,1,2175.105,2165.105,-30.35,-1.0116666666666667
H1 atr7 m1.2,171,2024-04-08 02:00:00+00:00,1,2324.185,2314.185,-30.35,-1.0116666666666667
H1 atr7 m1.2,172,2024-04-30 00:00:00+00:00,-1,2333.005,2308.245,73.93000000000066,2.4643333333333555
H1 atr7 m1.2,173,2024-05-06 02:00:00+00:00,1,2308.245,2420.265,335.7099999999999,11.190333333333331
H1 atr7 m1.2,174,2024-05-21 02:00:00+00:00,-1,2420.265,2430.265,-30.35,-1.0116666666666667
H1 atr7 m1.2,175,2024-05-22 03:00:00+00:00,-1,2417.624,2324.048,280.37800000000004,9.345933333333335
H1 atr7 m1.2,176,2024-06-18 01:00:00+00:00,1,2324.048,2314.048,-30.35,-1.0116666666666667
H1 atr7 m1.2,177,2024-06-20 02:00:00+00:00,1,2336.155,2326.155,-30.35,-1.0116666666666667
H1 atr7 m1.2,178,2024-06-25 02:00:00+00:00,-1,2325.708,2335.708,-30.35,-1.0116666666666667
H1 atr7 m1.2,179,2024-06-28 01:00:00+00:00,-1,2321.474,2331.474,-30.35,-1.0116666666666667
H1 atr7 m1.2,180,2024-07-10 02:00:00+00:00,1,2368.175,2358.175,-30.35,-1.0116666666666667
H1 atr7 m1.2,181,2024-07-26 02:00:00+00:00,1,2373.425,2441.225,203.0499999999992,6.768333333333306
H1 atr7 m1.2,182,2024-08-01 03:00:00+00:00,-1,2441.225,2451.225,-30.35,-1.0116666666666667
H1 atr7 m1.2,183,2024-08-02 01:00:00+00:00,1,2448.895,2438.895,-30.35,-1.0116666666666667
H1 atr7 m1.2,184,2024-08-05 01:00:00+00:00,-1,2421.878,2431.878,-30.35,-1.0116666666666667
H1 atr7 m1.2,185,2024-08-13 02:00:00+00:00,-1,2466.258,2476.258,-30.35,-1.0116666666666667
H1 atr7 m1.2,186,2024-08-19 02:00:00+00:00,-1,2498.105,2508.105,-30.35,-1.0116666666666667
H1 atr7 m1.2,187,2024-08-21 02:00:00+00:00,1,2516.678,2506.678,-30.35,-1.0116666666666667
H1 atr7 m1.2,188,2024-08-22 03:00:00+00:00,-1,2502.158,2489.875,36.498999999999704,1.2166333333333235
H1 atr7 m1.2,189,2024-08-23 01:00:00+00:00,1,2489.875,2516.955,80.88999999999979,2.6963333333333264
H1 atr7 m1.2,190,2024-08-28 02:00:00+00:00,-1,2516.955,2526.955,-30.35,-1.0116666666666667
H1 atr7 m1.2,191,2024-08-30 02:00:00+00:00,-1,2515.925,2525.925,-30.35,-1.0116666666666667
H1 atr7 m1.2,192,2024-09-03 02:00:00+00:00,-1,2493.635,2503.635,-30.35,-1.0116666666666667
H1 atr7 m1.2,193,2024-09-18 00:00:00+00:00,1,2573.875,2563.875,-30.35,-1.0116666666666667
H1 atr7 m1.2,194,2024-09-30 02:00:00+00:00,-1,2652.565,2639.675,38.31999999999962,1.2773333333333206
H1 atr7 m1.2,195,2024-10-01 02:00:00+00:00,1,2639.675,2629.675,-30.35,-1.0116666666666667
H1 atr7 m1.2,196,2024-10-10 03:00:00+00:00,1,2615.095,2605.095,-30.35,-1.0116666666666667
H1 atr7 m1.2,197,2024-10-14 03:00:00+00:00,1,2655.025,2645.025,-30.35,-1.0116666666666667
H1 atr7 m1.2,198,2024-10-17 02:00:00+00:00,1,2682.915,2672.915,-30.35,-1.0116666666666667
H1 atr7 m1.2,199,2024-10-22 02:00:00+00:00,1,2727.925,2738.355,30.939999999999507,1.031333333333317
H1 atr7 m1.2,200,2024-10-23 02:00:00+00:00,-1,2738.355,2748.355,-30.35,-1.0116666666666667
H1 atr7 m1.2,201,2024-10-24 02:00:00+00:00,1,2723.605,2737.275,40.66000000000022,1.3553333333333406
H1 atr7 m1.2,202,2024-11-06 03:00:00+00:00,-1,2737.275,2607.995,387.4900000000006,12.916333333333352
H1 atr7 m1.2,203,2024-11-13 02:00:00+00:00,1,2607.995,2597.995,-30.35,-1.0116666666666667
H1 atr7 m1.2,204,2024-11-20 00:00:00+00:00,1,2635.015,2625.015,-30.35,-1.0116666666666667
H1 atr7 m1.2,205,2024-11-25 02:00:00+00:00,-1,2701.075,2644.775,168.5499999999992,5.6183333333333065
H1 atr7 m1.2,206,2024-11-29 02:00:00+00:00,1,2644.775,2634.775,-30.35,-1.0116666666666667
H1 atr7 m1.2,207,2024-12-09 00:00:00+00:00,1,2639.925,2630.875,-27.500000000000547,-0.916666666666685
H1 atr7 m1.2,208,2024-12-09 01:00:00+00:00,-1,2630.875,2640.875,-30.35,-1.0116666666666667
H1 atr7 m1.2,209,2024-12-09 02:00:00+00:00,1,2646.645,2636.645,-30.35,-1.0116666666666667
H1 atr7 m1.2,210,2024-12-10 02:00:00+00:00,1,2667.305,2710.855,130.30000000000055,4.3433333333333515
H1 atr7 m1.2,211,2024-12-12 02:00:00+00:00,-1,2710.855,2689.775,62.88999999999977,2.096333333333326
H1 atr7 m1.2,212,2024-12-13 02:00:00+00:00,1,2689.775,2679.775,-30.35,-1.0116666666666667
H1 atr7 m1.2,213,2024-12-17 02:00:00+00:00,1,2657.725,2647.725,-30.35,-1.0116666666666667
H1 atr7 m1.2,214,2024-12-19 02:00:00+00:00,1,2611.595,2601.595,-30.35,-1.0116666666666667
H1 atr7 m1.2,215,2024-12-20 02:00:00+00:00,1,2603.655,2669.935,198.48999999999924,6.616333333333308
H1 atr7 m1.2,216,2025-01-15 02:00:00+00:00,-1,2669.935,2679.935,-30.35,-1.0116666666666667
H1 atr7 m1.2,217,2025-01-23 02:00:00+00:00,-1,2752.598,2762.598,-30.35,-1.0116666666666667
H1 atr7 m1.2,218,2025-02-10 02:00:00+00:00,1,2871.695,2892.085,60.81999999999961,2.02733333333332
H1 atr7 m1.2,219,2025-02-12 01:00:00+00:00,-1,2892.085,2902.085,-30.35,-1.0116666666666667
H1 atr7 m1.2,220,2025-02-17 02:00:00+00:00,1,2895.385,2928.495,98.97999999999902,3.299333333333301
H1 atr7 m1.2,221,2025-02-21 02:00:00+00:00,-1,2928.495,2938.495,-30.35,-1.0116666666666667
H1 atr7 m1.2,222,2025-02-24 02:00:00+00:00,-1,2927.845,2937.845,-30.35,-1.0116666666666667
H1 atr7 m1.2,223,2025-02-24 03:00:00+00:00,1,2940.645,2930.645,-30.35,-1.0116666666666667
H1 atr7 m1.2,224,2025-02-27 03:00:00+00:00,-1,2906.585,2916.585,-30.35,-1.0116666666666667
H1 atr7 m1.2,225,2025-03-07 01:00:00+00:00,-1,2904.565,2914.565,-30.35,-1.0116666666666667
H1 atr7 m1.2,226,2025-03-11 03:00:00+00:00,1,2898.895,3035.745,410.1999999999997,13.673333333333323
H1 atr7 m1.2,227,2025-03-21 02:00:00+00:00,-1,3035.745,3025.145,31.449999999999726,1.0483333333333242
H1 atr7 m1.2,228,2025-03-27 01:00:00+00:00,1,3025.145,3078.748,160.45900000000017,5.348633333333339
H1 atr7 m1.2,229,2025-03-31 01:00:00+00:00,-1,3078.748,3088.748,-30.35,-1.0116666666666667
H1 atr7 m1.2,230,2025-03-31 02:00:00+00:00,1,3094.605,3084.605,-30.35,-1.0116666666666667
H1 atr7 m1.2,231,2025-04-04 03:00:00+00:00,-1,3096.555,3106.555,-30.35,-1.0116666666666667
H1 atr7 m1.2,232,2025-04-07 02:00:00+00:00,1,3037.845,3027.845,-30.35,-1.0116666666666667
H1 atr7 m1.2,233,2025-04-08 02:00:00+00:00,1,2999.675,2989.675,-30.35,-1.0116666666666667
H1 atr7 m1.2,234,2025-04-09 02:00:00+00:00,1,3007.912,3323.635,946.8190000000011,31.56063333333337
H1 atr7 m1.2,235,2025-04-17 02:00:00+00:00,-1,3323.635,3333.635,-30.35,-1.0116666666666667
H1 atr7 m1.2,236,2025-04-23 01:00:00+00:00,1,3367.665,3357.665,-30.35,-1.0116666666666667
H1 atr7 m1.2,237,2025-04-24 00:00:00+00:00,1,3316.165,3306.165,-30.35,-1.0116666666666667
H1 atr7 m1.2,238,2025-04-28 02:00:00+00:00,-1,3281.135,3291.135,-30.35,-1.0116666666666667
H1 atr7 m1.2,239,2025-04-29 01:00:00+00:00,-1,3329.555,3247.775,244.98999999999924,8.166333333333307
H1 atr7 m1.2,240,2025-05-05 00:00:00+00:00,1,3247.775,3290.855,128.8899999999998,4.296333333333326
H1 atr7 m1.2,241,2025-05-09 02:00:00+00:00,-1,3290.855,3300.855,-30.35,-1.0116666666666667
H1 atr7 m1.2,242,2025-05-14 01:00:00+00:00,-1,3243.379,3253.379,-30.35,-1.0116666666666667
H1 atr7 m1.2,243,2025-05-27 02:00:00+00:00,-1,3335.648,3345.648,-30.35,-1.0116666666666667
H1 atr7 m1.2,244,2025-05-28 00:00:00+00:00,1,3309.148,3299.148,-30.35,-1.0116666666666667
H1 atr7 m1.2,245,2025-05-30 02:00:00+00:00,-1,3309.625,3319.625,-30.35,-1.0116666666666667
H1 atr7 m1.2,246,2025-06-03 01:00:00+00:00,-1,3375.695,3385.695,-30.35,-1.0116666666666667
H1 atr7 m1.2,247,2025-06-11 03:00:00+00:00,1,3337.965,3327.965,-30.35,-1.0116666666666667
H1 atr7 m1.2,248,2025-06-17 00:00:00+00:00,1,3402.635,3392.635,-30.35,-1.0116666666666667
H1 atr7 m1.2,249,2025-06-19 01:00:00+00:00,1,3379.205,3369.205,-30.35,-1.0116666666666667
H1 atr7 m1.2,250,2025-06-20 02:00:00+00:00,-1,3356.198,3366.198,-30.35,-1.0116666666666667
H1 atr7 m1.2,251,2025-06-23 01:00:00+00:00,-1,3365.435,3375.435,-30.35,-1.0116666666666667
H1 atr7 m1.2,252,2025-06-30 03:00:00+00:00,1,3279.965,3349.115,207.0999999999989,6.903333333333296
H1 atr7 m1.2,253,2025-07-03 00:00:00+00:00,-1,3349.115,3359.115,-30.35,-1.0116666666666667
H1 atr7 m1.2,254,2025-07-09 03:00:00+00:00,-1,3288.145,3298.145,-30.35,-1.0116666666666667
H1 atr7 m1.2,255,2025-07-11 01:00:00+00:00,1,3329.858,3358.295,84.9609999999997,2.832033333333323
H1 atr7 m1.2,256,2025-07-14 02:00:00+00:00,-1,3358.295,3368.295,-30.35,-1.0116666666666667
H1 atr7 m1.2,257,2025-07-21 02:00:00+00:00,1,3356.335,3385.675,87.67000000000044,2.922333333333348
H1 atr7 m1.2,258,2025-07-22 02:00:00+00:00,-1,3385.675,3395.675,-30.35,-1.0116666666666667
H1 atr7 m1.2,259,2025-07-23 02:00:00+00:00,-1,3420.885,3430.885,-30.35,-1.0116666666666667
H1 atr7 m1.2,260,2025-07-25 03:00:00+00:00,-1,3362.785,3286.305,229.09000000000006,7.636333333333336
H1 atr7 m1.2,261,2025-07-31 01:00:00+00:00,1,3286.305,3382.969,289.6420000000006,9.654733333333354
H1 atr7 m1.2,262,2025-08-08 02:00:00+00:00,-1,3382.969,3392.969,-30.35,-1.0116666666666667
H1 atr7 m1.2,263,2025-08-14 00:00:00+00:00,1,3362.565,3352.565,-30.35,-1.0116666666666667
H1 atr7 m1.2,264,2025-08-18 01:00:00+00:00,1,3340.375,3330.375,-30.35,-1.0116666666666667
H1 atr7 m1.2,265,2025-08-19 03:00:00+00:00,1,3337.875,3327.875,-30.35,-1.0116666666666667
H1 atr7 m1.2,266,2025-08-21 01:00:00+00:00,-1,3342.095,3352.095,-30.35,-1.0116666666666667
H1 atr7 m1.2,267,2025-08-26 01:00:00+00:00,1,3383.039,3373.039,-30.35,-1.0116666666666667
H1 atr7 m1.2,268,2025-08-27 03:00:00+00:00,-1,3383.975,3393.975,-30.35,-1.0116666666666667
H1 atr7 m1.2,269,2025-08-28 02:00:00+00:00,-1,3385.745,3395.745,-30.35,-1.0116666666666667
H1 atr7 m1.2,270,2025-08-29 02:00:00+00:00,-1,3409.699,3419.699,-30.35,-1.0116666666666667
H1 atr7 m1.2,271,2025-09-15 03:00:00+00:00,1,3640.845,3630.845,-30.35,-1.0116666666666667
H1 atr7 m1.2,272,2025-09-23 03:00:00+00:00,-1,3741.575,3751.575,-30.35,-1.0116666666666667
H1 atr7 m1.2,273,2025-09-29 01:00:00+00:00,1,3786.895,4313.735,1580.1699999999992,52.672333333333306
H1 atr7 m1.2,274,2025-10-17 02:00:00+00:00,-1,4313.735,4323.735,-30.35,-1.0116666666666667
H1 atr7 m1.2,275,2025-10-21 03:00:00+00:00,-1,4338.495,4114.455,671.7699999999999,22.39233333333333
H1 atr7 m1.2,276,2025-10-22 03:00:00+00:00,1,4114.455,4104.455,-30.35,-1.0116666666666667
H1 atr7 m1.2,277,2025-10-29 01:00:00+00:00,1,3975.045,3965.045,-30.35,-1.0116666666666667
H1 atr7 m1.2,278,2025-11-03 03:00:00+00:00,1,4003.865,3993.865,-30.35,-1.0116666666666667
H1 atr7 m1.2,279,2025-11-04 01:00:00+00:00,-1,3986.155,3996.155,-30.35,-1.0116666666666667
H1 atr7 m1.2,280,2025-11-07 02:00:00+00:00,1,4001.475,3991.475,-30.35,-1.0116666666666667
H1 atr7 m1.2,281,2025-11-10 00:00:00+00:00,1,4011.665,4001.665,-30.35,-1.0116666666666667
H1 atr7 m1.2,282,2025-11-20 00:00:00+00:00,1,4104.265,4094.2650000000003,-30.35,-1.0116666666666667
H1 atr7 m1.2,283,2025-11-20 02:00:00+00:00,-1,4081.085,4091.085,-30.35,-1.0116666666666667
H1 atr7 m1.2,284,2025-11-24 02:00:00+00:00,-1,4043.805,4053.805,-30.35,-1.0116666666666667
H1 atr7 m1.2,285,2025-11-27 03:00:00+00:00,-1,4145.235,4155.235,-30.35,-1.0116666666666667
H1 atr7 m1.2,286,2025-12-11 03:00:00+00:00,-1,4221.975,4231.975,-30.35,-1.0116666666666667
H1 atr7 m1.2,287,2025-12-15 02:00:00+00:00,1,4322.125,4312.125,-30.35,-1.0116666666666667
H1 atr7 m1.2,288,2025-12-17 02:00:00+00:00,1,4326.475,4316.475,-30.35,-1.0116666666666667
H1 atr7 m1.2,289,2025-12-24 03:00:00+00:00,-1,4477.185,4487.185,-30.35,-1.0116666666666667
H1 atr7 m1.2,290,2025-12-26 00:00:00+00:00,1,4494.875,4484.875,-30.35,-1.0116666666666667
H1 atr7 m1.2,291,2025-12-31 02:00:00+00:00,1,4365.698,4355.698,-30.35,-1.0116666666666667
H1 atr7 m1.2,292,2026-01-02 00:00:00+00:00,1,4347.798,4337.798,-30.35,-1.0116666666666667
H1 atr7 m1.2,293,2026-01-05 00:00:00+00:00,1,4372.275,4465.255,278.59000000000134,9.286333333333378
H1 atr7 m1.2,294,2026-01-07 02:00:00+00:00,-1,4465.255,4475.255,-30.35,-1.0116666666666667
H1 atr7 m1.2,295,2026-01-08 03:00:00+00:00,-1,4440.965,4450.965,-30.35,-1.0116666666666667
H1 atr7 m1.2,296,2026-01-12 00:00:00+00:00,1,4539.775,4587.065,141.5199999999999,4.71733333333333
H1 atr7 m1.2,297,2026-01-13 01:00:00+00:00,-1,4587.065,4597.065,-30.35,-1.0116666666666667
H1 atr7 m1.2,298,2026-01-14 02:00:00+00:00,1,4619.055,4609.055,-30.35,-1.0116666666666667
H1 atr7 m1.2,299,2026-01-15 00:00:00+00:00,-1,4614.935,4624.935,-30.35,-1.0116666666666667
H1 atr7 m1.2,300,2026-01-19 00:00:00+00:00,1,4672.375,4662.375,-30.35,-1.0116666666666667
H1 atr7 m1.2,301,2026-01-20 01:00:00+00:00,-1,4660.115,4670.115,-30.35,-1.0116666666666667
H1 atr7 m1.2,302,2026-01-27 03:00:00+00:00,1,5072.345,5062.345,-30.35,-1.0116666666666667
H1 atr7 m1.2,303,2026-01-30 02:00:00+00:00,-1,5300.098,4773.975,1578.0189999999989,52.6006333333333
H1 atr7 m1.2,304,2026-02-03 00:00:00+00:00,1,4773.975,4763.975,-30.35,-1.0116666666666667
H1 atr7 m1.2,305,2026-02-05 00:00:00+00:00,1,5011.705,5001.705,-30.35,-1.0116666666666667
H1 atr7 m1.2,306,2026-02-05 03:00:00+00:00,-1,4810.768,4820.768,-30.35,-1.0116666666666667
H1 atr7 m1.2,307,2026-02-06 03:00:00+00:00,1,4815.905,5031.095,645.2200000000015,21.507333333333385
H1 atr7 m1.2,308,2026-02-10 00:00:00+00:00,-1,5031.095,5041.095,-30.35,-1.0116666666666667
H1 atr7 m1.2,309,2026-02-11 02:00:00+00:00,1,5052.215,5042.215,-30.35,-1.0116666666666667
H1 atr7 m1.2,310,2026-02-13 02:00:00+00:00,1,4980.445,4970.445,-30.35,-1.0116666666666667
H1 atr7 m1.2,311,2026-02-16 03:00:00+00:00,-1,4994.405,5004.405,-30.35,-1.0116666666666667
H1 atr7 m1.2,312,2026-02-19 01:00:00+00:00,-1,4960.985,4970.985,-30.35,-1.0116666666666667
H1 atr7 m1.2,313,2026-02-24 02:00:00+00:00,-1,5177.125,5187.125,-30.35,-1.0116666666666667
H1 atr7 m1.2,314,2026-03-03 00:00:00+00:00,1,5345.755,5335.755,-30.35,-1.0116666666666667
H1 atr7 m1.2,315,2026-03-04 02:00:00+00:00,1,5174.755,5164.755,-30.35,-1.0116666666666667
H1 atr7 m1.2,316,2026-03-05 01:00:00+00:00,1,5172.615,5162.615,-30.35,-1.0116666666666667
H1 atr7 m1.2,317,2026-03-06 02:00:00+00:00,1,5134.315,5124.315,-30.35,-1.0116666666666667
H1 atr7 m1.2,318,2026-03-13 01:00:00+00:00,1,5113.485,5103.485,-30.35,-1.0116666666666667
H1 atr7 m1.2,319,2026-03-17 02:00:00+00:00,1,5027.695,5017.695,-30.35,-1.0116666666666667
H1 atr7 m1.2,320,2026-03-27 03:00:00+00:00,1,4431.925,4421.925,-30.35,-1.0116666666666667
H1 atr7 m1.2,321,2026-03-30 00:00:00+00:00,-1,4448.675,4458.675,-30.35,-1.0116666666666667
H1 atr7 m1.2,322,2026-03-31 01:00:00+00:00,1,4547.025,4537.025,-30.35,-1.0116666666666667
H1 atr7 m1.2,323,2026-04-02 02:00:00+00:00,-1,4696.108,4706.108,-30.35,-1.0116666666666667
H1 atr7 m1.2,324,2026-04-13 02:00:00+00:00,1,4721.005,4711.005,-30.35,-1.0116666666666667
H1 atr7 m1.2,325,2026-04-15 03:00:00+00:00,-1,4823.985,4833.985,-30.35,-1.0116666666666667
H1 atr7 m1.2,326,2026-04-16 00:00:00+00:00,1,4822.995,4812.995,-30.35,-1.0116666666666667
H1 atr7 m1.2,327,2026-04-20 02:00:00+00:00,1,4807.415,4797.415,-30.35,-1.0116666666666667
H1 atr7 m1.2,328,2026-04-21 03:00:00+00:00,-1,4806.645,4737.765,206.29000000000033,6.876333333333345
H1 atr7 m1.2,329,2026-04-22 00:00:00+00:00,1,4737.765,4727.765,-30.35,-1.0116666666666667
H1 atr7 m1.2,330,2026-04-23 01:00:00+00:00,1,4747.485,4737.485,-30.35,-1.0116666666666667
H1 atr7 m1.2,331,2026-04-23 03:00:00+00:00,-1,4698.695,4708.695,-30.35,-1.0116666666666667
H1 atr7 m1.2,332,2026-04-27 02:00:00+00:00,1,4702.445,4692.445,-30.35,-1.0116666666666667
H1 atr7 m1.2,333,2026-04-28 00:00:00+00:00,1,4691.855,4681.855,-30.35,-1.0116666666666667
H1 atr7 m1.2,334,2026-04-28 02:00:00+00:00,-1,4670.295,4600.015,210.48999999999924,7.016333333333308
H1 atr7 m1.2,335,2026-04-29 01:00:00+00:00,1,4600.015,4590.015,-30.35,-1.0116666666666667
H1 atr7 m1.2,336,2026-04-29 02:00:00+00:00,-1,4584.665,4594.665,-30.35,-1.0116666666666667
H1 atr7 m1.2,337,2026-04-30 00:00:00+00:00,1,4561.325,4551.325,-30.35,-1.0116666666666667
H1 atr7 m1.2,338,2026-05-05 02:00:00+00:00,1,4540.635,4530.635,-30.35,-1.0116666666666667
H1 atr7 m1.2,339,2026-05-07 02:00:00+00:00,1,4714.588,4704.588,-30.35,-1.0116666666666667
H1 atr7 m1.2,340,2026-05-08 02:00:00+00:00,1,4722.695,4712.695,-30.35,-1.0116666666666667
H1 atr7 m1.2,341,2026-05-12 02:00:00+00:00,-1,4726.875,4704.765,65.97999999999902,2.1993333333333007
H1 atr7 m1.2,342,2026-05-14 01:00:00+00:00,1,4704.765,4694.765,-30.35,-1.0116666666666667
H1 atr7 m1.2,343,2026-05-19 03:00:00+00:00,-1,4546.975,4556.975,-30.35,-1.0116666666666667
H1 atr7 m1.2,344,2026-05-21 03:00:00+00:00,-1,4532.865,4542.865,-30.35,-1.0116666666666667
H1 atr7 m1.2,345,2026-05-26 00:00:00+00:00,-1,4559.555,4519.228,120.63100000000068,4.021033333333356
H1 atr7 m1.2,346,2026-05-27 00:00:00+00:00,1,4519.228,4509.228,-30.35,-1.0116666666666667
H1 atr7 m1.2,347,2026-05-28 02:00:00+00:00,-1,4409.668,4419.668,-30.35,-1.0116666666666667
H1 atr7 m1.2,348,2026-06-04 00:00:00+00:00,1,4457.215,4447.215,-30.35,-1.0116666666666667
H1 atr7 m1.2,349,2026-06-11 02:00:00+00:00,1,4101.765,4091.7650000000003,-30.35,-1.0116666666666667
H1 atr7 m1.2,350,2026-06-12 02:00:00+00:00,-1,4186.318,4196.318,-30.35,-1.0116666666666667
H1 atr7 m1.2,351,2026-06-18 01:00:00+00:00,1,4308.098,4298.098,-30.35,-1.0116666666666667
H1 atr7 m1.2,352,2026-06-22 00:00:00+00:00,-1,4140.015,4150.015,-30.35,-1.0116666666666667
H1 atr7 m1.2,353,2026-06-22 01:00:00+00:00,1,4200.655,4190.655,-30.35,-1.0116666666666667
H1 atr10 m1.2,0,2021-01-06 03:00:00+00:00,-1,1943.968,1953.968,-30.35,-1.0116666666666667
H1 atr10 m1.2,1,2021-01-18 03:00:00+00:00,1,1828.668,1848.825,60.12100000000045,2.004033333333348
H1 atr10 m1.2,2,2021-01-27 01:00:00+00:00,-1,1848.825,1858.825,-30.35,-1.0116666666666667
H1 atr10 m1.2,3,2021-02-01 00:00:00+00:00,1,1855.897,1845.897,-30.35,-1.0116666666666667
H1 atr10 m1.2,4,2021-02-11 01:00:00+00:00,-1,1839.655,1826.875,37.98999999999992,1.2663333333333306
H1 atr10 m1.2,5,2021-02-15 02:00:00+00:00,1,1826.875,1816.875,-30.35,-1.0116666666666667
H1 atr10 m1.2,6,2021-02-16 02:00:00+00:00,1,1824.652,1814.652,-30.35,-1.0116666666666667
H1 atr10 m1.2,7,2021-02-17 00:00:00+00:00,-1,1788.285,1782.998,15.511000000000104,0.5170333333333368
H1 atr10 m1.2,8,2021-02-18 03:00:00+00:00,1,1782.998,1772.998,-30.35,-1.0116666666666667
H1 atr10 m1.2,9,2021-02-24 02:00:00+00:00,1,1811.835,1801.835,-30.35,-1.0116666666666667
H1 atr10 m1.2,10,2021-02-25 03:00:00+00:00,-1,1796.295,1739.085,171.28000000000011,5.709333333333337
H1 atr10 m1.2,11,2021-03-01 00:00:00+00:00,1,1739.085,1729.085,-30.35,-1.0116666666666667
H1 atr10 m1.2,12,2021-03-23 02:00:00+00:00,-1,1733.368,1731.978,3.819999999999618,0.1273333333333206
H1 atr10 m1.2,13,2021-03-24 03:00:00+00:00,1,1731.978,1721.978,-30.35,-1.0116666666666667
H1 atr10 m1.2,14,2021-04-07 02:00:00+00:00,-1,1737.158,1747.158,-30.35,-1.0116666666666667
H1 atr10 m1.2,15,2021-04-12 02:00:00+00:00,-1,1739.228,1735.728,10.15,0.3383333333333333
H1 atr10 m1.2,16,2021-04-13 03:00:00+00:00,1,1735.728,1725.728,-30.35,-1.0116666666666667
H1 atr10 m1.2,17,2021-04-16 03:00:00+00:00,-1,1761.268,1771.268,-30.35,-1.0116666666666667
H1 atr10 m1.2,18,2021-04-19 01:00:00+00:00,1,1782.038,1772.038,-30.35,-1.0116666666666667
H1 atr10 m1.2,19,2021-04-23 02:00:00+00:00,1,1788.568,1778.568,-30.35,-1.0116666666666667
H1 atr10 m1.2,20,2021-04-26 02:00:00+00:00,1,1780.495,1770.495,-30.35,-1.0116666666666667
H1 atr10 m1.2,21,2021-04-27 02:00:00+00:00,-1,1774.985,1784.985,-30.35,-1.0116666666666667
H1 atr10 m1.2,22,2021-05-12 02:00:00+00:00,-1,1830.178,1840.178,-30.35,-1.0116666666666667
H1 atr10 m1.2,23,2021-05-21 00:00:00+00:00,-1,1873.928,1883.928,-30.35,-1.0116666666666667
H1 atr10 m1.2,24,2021-05-25 00:00:00+00:00,-1,1877.358,1887.358,-30.35,-1.0116666666666667
H1 atr10 m1.2,25,2021-06-08 03:00:00+00:00,-1,1896.148,1784.498,334.59999999999957,11.153333333333318
H1 atr10 m1.2,26,2021-06-18 02:00:00+00:00,1,1784.498,1774.498,-30.35,-1.0116666666666667
H1 atr10 m1.2,27,2021-06-21 01:00:00+00:00,1,1773.098,1773.238,0.0700000000003001,0.002333333333343337
H1 atr10 m1.2,28,2021-06-28 02:00:00+00:00,-1,1773.238,1783.238,-30.35,-1.0116666666666667
H1 atr10 m1.2,29,2021-07-07 02:00:00+00:00,1,1802.288,1805.428,9.0700000000003,0.30233333333334333
H1 atr10 m1.2,30,2021-07-12 02:00:00+00:00,-1,1805.428,1815.428,-30.35,-1.0116666666666667
H1 atr10 m1.2,31,2021-07-16 02:00:00+00:00,-1,1826.258,1804.698,64.32999999999984,2.144333333333328
H1 atr10 m1.2,32,2021-07-28 03:00:00+00:00,1,1804.698,1794.698,-30.35,-1.0116666666666667
H1 atr10 m1.2,33,2021-08-03 01:00:00+00:00,-1,1811.298,1821.298,-30.35,-1.0116666666666667
H1 atr10 m1.2,34,2021-08-09 01:00:00+00:00,1,1727.548,1781.738,162.22000000000014,5.407333333333338
H1 atr10 m1.2,35,2021-08-19 02:00:00+00:00,-1,1781.738,1791.738,-30.35,-1.0116666666666667
H1 atr10 m1.2,36,2021-08-23 02:00:00+00:00,1,1785.488,1801.668,48.18999999999951,1.606333333333317
H1 atr10 m1.2,37,2021-08-25 00:00:00+00:00,-1,1801.668,1811.668,-30.35,-1.0116666666666667
H1 atr10 m1.2,38,2021-08-30 03:00:00+00:00,-1,1813.488,1812.838,1.6000000000002728,0.05333333333334243
H1 atr10 m1.2,39,2021-09-03 02:00:00+00:00,1,1812.838,1825.618,37.98999999999992,1.2663333333333306
H1 atr10 m1.2,40,2021-09-06 01:00:00+00:00,-1,1825.618,1825.918,-1.2499999999998637,-0.04166666666666212
H1 atr10 m1.2,41,2021-09-07 01:00:00+00:00,1,1825.918,1815.918,-30.35,-1.0116666666666667
H1 atr10 m1.2,42,2021-09-08 03:00:00+00:00,1,1800.3,1790.3,-30.35,-1.0116666666666667
H1 atr10 m1.2,43,2021-09-22 03:00:00+00:00,1,1778.648,1768.648,-30.35,-1.0116666666666667
H1 atr10 m1.2,44,2021-09-24 02:00:00+00:00,1,1750.178,1740.178,-30.35,-1.0116666666666667
H1 atr10 m1.2,45,2021-09-29 03:00:00+00:00,1,1739.968,1729.968,-30.35,-1.0116666666666667
H1 atr10 m1.2,46,2021-09-30 01:00:00+00:00,1,1730.178,1751.358,63.18999999999951,2.1063333333333167
H1 atr10 m1.2,47,2021-10-01 01:00:00+00:00,-1,1751.358,1761.358,-30.35,-1.0116666666666667
H1 atr10 m1.2,48,2021-10-04 03:00:00+00:00,-1,1758.938,1768.938,-30.35,-1.0116666666666667
H1 atr10 m1.2,49,2021-10-05 03:00:00+00:00,-1,1761.828,1759.575,6.4089999999997875,0.21363333333332626
H1 atr10 m1.2,50,2021-10-08 03:00:00+00:00,1,1759.575,1788.314,85.8670000000001,2.8622333333333367
H1 atr10 m1.2,51,2021-10-27 03:00:00+00:00,-1,1788.314,1798.314,-30.35,-1.0116666666666667
H1 atr10 m1.2,52,2021-10-29 02:00:00+00:00,-1,1796.614,1785.724,32.3200000000003,1.0773333333333432
H1 atr10 m1.2,53,2021-11-01 03:00:00+00:00,1,1785.724,1775.724,-30.35,-1.0116666666666667
H1 atr10 m1.2,54,2021-11-10 03:00:00+00:00,-1,1827.073,1837.073,-30.35,-1.0116666666666667
H1 atr10 m1.2,55,2021-11-12 03:00:00+00:00,-1,1856.774,1866.774,-30.35,-1.0116666666666667
H1 atr10 m1.2,56,2021-11-15 02:00:00+00:00,-1,1860.348,1870.348,-30.35,-1.0116666666666667
H1 atr10 m1.2,57,2021-11-17 02:00:00+00:00,1,1855.568,1845.568,-30.35,-1.0116666666666667
H1 atr10 m1.2,58,2021-11-24 01:00:00+00:00,1,1791.398,1781.398,-30.35,-1.0116666666666667
H1 atr10 m1.2,59,2021-11-26 00:00:00+00:00,1,1792.548,1782.548,-30.35,-1.0116666666666667
H1 atr10 m1.2,60,2021-11-29 00:00:00+00:00,1,1795.405,1785.405,-30.35,-1.0116666666666667
H1 atr10 m1.2,61,2021-11-30 02:00:00+00:00,1,1788.358,1778.358,-30.35,-1.0116666666666667
H1 atr10 m1.2,62,2021-12-03 01:00:00+00:00,1,1771.488,1761.488,-30.35,-1.0116666666666667
H1 atr10 m1.2,63,2022-01-04 03:00:00+00:00,1,1805.318,1795.318,-30.35,-1.0116666666666667
H1 atr10 m1.2,64,2022-01-24 02:00:00+00:00,1,1835.998,1825.998,-30.35,-1.0116666666666667
H1 atr10 m1.2,65,2022-02-18 02:00:00+00:00,-1,1890.118,1900.118,-30.35,-1.0116666666666667
H1 atr10 m1.2,66,2022-02-21 02:00:00+00:00,-1,1895.538,1905.538,-30.35,-1.0116666666666667
H1 atr10 m1.2,67,2022-02-25 01:00:00+00:00,1,1912.608,1902.608,-30.35,-1.0116666666666667
H1 atr10 m1.2,68,2022-02-28 00:00:00+00:00,1,1910.038,1900.038,-30.35,-1.0116666666666667
H1 atr10 m1.2,69,2022-03-02 01:00:00+00:00,-1,1935.048,1945.048,-30.35,-1.0116666666666667
H1 atr10 m1.2,70,2022-03-03 02:00:00+00:00,1,1930.527,1933.693,9.14799999999982,0.30493333333332734
H1 atr10 m1.2,71,2022-03-04 02:00:00+00:00,-1,1933.693,1943.693,-30.35,-1.0116666666666667
H1 atr10 m1.2,72,2022-03-08 02:00:00+00:00,-1,1984.838,1994.838,-30.35,-1.0116666666666667
H1 atr10 m1.2,73,2022-03-14 00:00:00+00:00,-1,1974.148,1927.948,138.24999999999946,4.608333333333316
H1 atr10 m1.2,74,2022-03-21 02:00:00+00:00,1,1927.948,1917.948,-30.35,-1.0116666666666667
H1 atr10 m1.2,75,2022-03-28 02:00:00+00:00,-1,1945.84,1955.84,-30.35,-1.0116666666666667
H1 atr10 m1.2,76,2022-04-27 00:00:00+00:00,1,1906.458,1898.768,-23.420000000000165,-0.7806666666666722
H1 atr10 m1.2,77,2022-04-27 03:00:00+00:00,-1,1898.768,1908.768,-30.35,-1.0116666666666667
H1 atr10 m1.2,78,2022-05-04 01:00:00+00:00,-1,1865.878,1875.878,-30.35,-1.0116666666666667
H1 atr10 m1.2,79,2022-05-09 02:00:00+00:00,-1,1878.188,1860.068,54.01000000000035,1.800333333333345
H1 atr10 m1.2,80,2022-05-10 03:00:00+00:00,1,1860.068,1850.068,-30.35,-1.0116666666666667
H1 atr10 m1.2,81,2022-05-25 02:00:00+00:00,-1,1861.153,1856.563,13.419999999999755,0.44733333333332514
H1 atr10 m1.2,82,2022-05-30 02:00:00+00:00,1,1856.563,1846.563,-30.35,-1.0116666666666667
H1 atr10 m1.2,83,2022-06-08 02:00:00+00:00,-1,1849.053,1859.053,-30.35,-1.0116666666666667
H1 atr10 m1.2,84,2022-06-13 02:00:00+00:00,-1,1862.568,1823.908,115.63000000000025,3.854333333333342
H1 atr10 m1.2,85,2022-06-14 01:00:00+00:00,1,1823.908,1813.908,-30.35,-1.0116666666666667
H1 atr10 m1.2,86,2022-06-15 02:00:00+00:00,1,1815.678,1846.563,92.30499999999996,3.076833333333332
H1 atr10 m1.2,87,2022-06-17 01:00:00+00:00,-1,1846.563,1842.198,12.745000000000026,0.4248333333333342
H1 atr10 m1.2,88,2022-06-20 03:00:00+00:00,1,1842.198,1832.198,-30.35,-1.0116666666666667
H1 atr10 m1.2,89,2022-06-23 02:00:00+00:00,-1,1832.968,1842.968,-30.35,-1.0116666666666667
H1 atr10 m1.2,90,2022-07-05 02:00:00+00:00,1,1811.618,1801.618,-30.35,-1.0116666666666667
H1 atr10 m1.2,91,2022-07-07 03:00:00+00:00,1,1743.874,1733.874,-30.35,-1.0116666666666667
H1 atr10 m1.2,92,2022-07-14 01:00:00+00:00,-1,1728.094,1711.504,49.420000000000435,1.6473333333333477
H1 atr10 m1.2,93,2022-07-15 00:00:00+00:00,1,1711.504,1701.504,-30.35,-1.0116666666666667
H1 atr10 m1.2,94,2022-07-18 00:00:00+00:00,1,1710.138,1700.138,-30.35,-1.0116666666666667
H1 atr10 m1.2,95,2022-07-26 02:00:00+00:00,1,1726.908,1716.908,-30.35,-1.0116666666666667
H1 atr10 m1.2,96,2022-08-03 02:00:00+00:00,1,1764.623,1754.623,-30.35,-1.0116666666666667
H1 atr10 m1.2,97,2022-08-09 02:00:00+00:00,-1,1783.694,1793.694,-30.35,-1.0116666666666667
H1 atr10 m1.2,98,2022-08-15 03:00:00+00:00,-1,1796.178,1713.444,247.85200000000043,8.261733333333348
H1 atr10 m1.2,99,2022-09-09 01:00:00+00:00,1,1713.444,1703.444,-30.35,-1.0116666666666667
H1 atr10 m1.2,100,2022-09-19 02:00:00+00:00,-1,1671.538,1681.538,-30.35,-1.0116666666666667
H1 atr10 m1.2,101,2022-09-22 00:00:00+00:00,-1,1666.928,1676.928,-30.35,-1.0116666666666667
H1 atr10 m1.2,102,2022-10-03 02:00:00+00:00,1,1668.848,1658.848,-30.35,-1.0116666666666667
H1 atr10 m1.2,103,2022-10-17 02:00:00+00:00,1,1651.838,1641.838,-30.35,-1.0116666666666667
H1 atr10 m1.2,104,2022-10-24 02:00:00+00:00,-1,1653.577,1663.577,-30.35,-1.0116666666666667
H1 atr10 m1.2,105,2022-10-28 02:00:00+00:00,1,1666.097,1656.097,-30.35,-1.0116666666666667
H1 atr10 m1.2,106,2022-11-01 02:00:00+00:00,1,1637.187,1627.187,-30.35,-1.0116666666666667
H1 atr10 m1.2,107,2022-11-07 00:00:00+00:00,-1,1672.698,1682.698,-30.35,-1.0116666666666667
H1 atr10 m1.2,108,2022-11-11 02:00:00+00:00,-1,1747.408,1757.408,-30.35,-1.0116666666666667
H1 atr10 m1.2,109,2022-11-14 02:00:00+00:00,-1,1762.537,1772.537,-30.35,-1.0116666666666667
H1 atr10 m1.2,110,2022-11-22 01:00:00+00:00,1,1740.638,1730.638,-30.35,-1.0116666666666667
H1 atr10 m1.2,111,2022-11-25 01:00:00+00:00,-1,1753.457,1758.508,-15.50299999999979,-0.5167666666666597
H1 atr10 m1.2,112,2022-11-25 03:00:00+00:00,1,1758.508,1748.508,-30.35,-1.0116666666666667
H1 atr10 m1.2,113,2022-11-28 02:00:00+00:00,-1,1746.677,1756.677,-30.35,-1.0116666666666667
H1 atr10 m1.2,114,2022-11-29 02:00:00+00:00,1,1746.148,1782.138,107.62000000000003,3.5873333333333344
H1 atr10 m1.2,115,2022-12-08 02:00:00+00:00,-1,1782.138,1792.138,-30.35,-1.0116666666666667
H1 atr10 m1.2,116,2022-12-09 02:00:00+00:00,1,1794.108,1784.108,-30.35,-1.0116666666666667
H1 atr10 m1.2,117,2022-12-13 03:00:00+00:00,1,1785.625,1775.625,-30.35,-1.0116666666666667
H1 atr10 m1.2,118,2022-12-16 03:00:00+00:00,1,1781.785,1912.985,393.24999999999943,13.108333333333315
H1 atr10 m1.2,119,2023-01-17 02:00:00+00:00,-1,1912.985,1922.985,-30.35,-1.0116666666666667
H1 atr10 m1.2,120,2023-01-27 01:00:00+00:00,1,1933.765,1925.665,-24.650000000000407,-0.8216666666666802
H1 atr10 m1.2,121,2023-01-27 03:00:00+00:00,-1,1925.665,1935.665,-30.35,-1.0116666666666667
H1 atr10 m1.2,122,2023-02-06 03:00:00+00:00,1,1873.405,1863.405,-30.35,-1.0116666666666667
H1 atr10 m1.2,123,2023-02-07 02:00:00+00:00,1,1873.465,1863.465,-30.35,-1.0116666666666667
H1 atr10 m1.2,124,2023-02-15 02:00:00+00:00,1,1858.797,1848.797,-30.35,-1.0116666666666667
H1 atr10 m1.2,125,2023-02-16 02:00:00+00:00,1,1841.295,1831.295,-30.35,-1.0116666666666667
H1 atr10 m1.2,126,2023-02-23 03:00:00+00:00,1,1829.575,1819.575,-30.35,-1.0116666666666667
H1 atr10 m1.2,127,2023-02-24 01:00:00+00:00,1,1826.335,1816.335,-30.35,-1.0116666666666667
H1 atr10 m1.2,128,2023-03-01 01:00:00+00:00,-1,1823.365,1829.045,-17.390000000000192,-0.5796666666666731
H1 atr10 m1.2,129,2023-03-01 02:00:00+00:00,1,1829.045,1833.025,11.590000000000055,0.38633333333333514
H1 atr10 m1.2,130,2023-03-02 02:00:00+00:00,-1,1833.025,1843.025,-30.35,-1.0116666666666667
H1 atr10 m1.2,131,2023-03-07 03:00:00+00:00,1,1849.065,1839.065,-30.35,-1.0116666666666667
H1 atr10 m1.2,132,2023-03-13 02:00:00+00:00,-1,1872.915,1882.915,-30.35,-1.0116666666666667
H1 atr10 m1.2,133,2023-03-13 03:00:00+00:00,1,1886.748,1876.748,-30.35,-1.0116666666666667
H1 atr10 m1.2,134,2023-03-17 03:00:00+00:00,1,1927.325,1969.625,126.54999999999987,4.218333333333329
H1 atr10 m1.2,135,2023-03-20 02:00:00+00:00,-1,1969.625,1979.625,-30.35,-1.0116666666666667
H1 atr10 m1.2,136,2023-04-04 02:00:00+00:00,-1,1978.124,1988.124,-30.35,-1.0116666666666667
H1 atr10 m1.2,137,2023-04-11 03:00:00+00:00,1,1997.705,1987.705,-30.35,-1.0116666666666667
H1 atr10 m1.2,138,2023-04-18 02:00:00+00:00,1,1997.625,1987.625,-30.35,-1.0116666666666667
H1 atr10 m1.2,139,2023-04-27 03:00:00+00:00,1,1998.635,1988.635,-30.35,-1.0116666666666667
H1 atr10 m1.2,140,2023-04-28 02:00:00+00:00,1,1990.475,1980.475,-30.35,-1.0116666666666667
H1 atr10 m1.2,141,2023-05-01 01:00:00+00:00,-1,1983.845,1993.845,-30.35,-1.0116666666666667
H1 atr10 m1.2,142,2023-05-04 02:00:00+00:00,-1,2044.354,2054.3540000000003,-30.350000000000684,-1.0116666666666894
H1 atr10 m1.2,143,2023-05-10 03:00:00+00:00,-1,2031.214,2041.214,-30.35,-1.0116666666666667
H1 atr10 m1.2,144,2023-05-11 01:00:00+00:00,1,2035.264,2025.264,-30.35,-1.0116666666666667
H1 atr10 m1.2,145,2023-05-15 02:00:00+00:00,1,2017.495,2007.495,-30.35,-1.0116666666666667
H1 atr10 m1.2,146,2023-05-19 03:00:00+00:00,1,1962.745,1952.745,-30.35,-1.0116666666666667
H1 atr10 m1.2,147,2023-05-26 02:00:00+00:00,1,1946.735,1936.735,-30.35,-1.0116666666666667
H1 atr10 m1.2,148,2023-05-31 02:00:00+00:00,-1,1954.725,1964.725,-30.35,-1.0116666666666667
H1 atr10 m1.2,149,2023-06-07 01:00:00+00:00,1,1964.705,1954.705,-30.35,-1.0116666666666667
H1 atr10 m1.2,150,2023-06-26 00:00:00+00:00,1,1925.275,1915.275,-30.35,-1.0116666666666667
H1 atr10 m1.2,151,2023-07-03 03:00:00+00:00,-1,1914.765,1924.765,-30.35,-1.0116666666666667
H1 atr10 m1.2,152,2023-07-12 01:00:00+00:00,1,1935.695,1925.695,-30.35,-1.0116666666666667
H1 atr10 m1.2,153,2023-08-09 03:00:00+00:00,1,1929.555,1919.555,-30.35,-1.0116666666666667
H1 atr10 m1.2,154,2023-08-18 00:00:00+00:00,1,1891.215,1908.935,52.81000000000008,1.760333333333336
H1 atr10 m1.2,155,2023-09-13 03:00:00+00:00,-1,1908.935,1912.515,-11.090000000000463,-0.36966666666668213
H1 atr10 m1.2,156,2023-09-14 01:00:00+00:00,1,1912.515,1902.515,-30.35,-1.0116666666666667
H1 atr10 m1.2,157,2023-09-18 03:00:00+00:00,1,1927.955,1917.955,-30.35,-1.0116666666666667
H1 atr10 m1.2,158,2023-09-22 00:00:00+00:00,1,1921.315,1923.605,6.51999999999989,0.2173333333333297
H1 atr10 m1.2,159,2023-09-25 02:00:00+00:00,-1,1923.605,1822.715,302.3200000000003,10.077333333333343
H1 atr10 m1.2,160,2023-10-06 02:00:00+00:00,1,1822.715,1812.715,-30.35,-1.0116666666666667
H1 atr10 m1.2,161,2023-10-13 03:00:00+00:00,1,1873.295,1921.565,144.45999999999995,4.8153333333333315
H1 atr10 m1.2,162,2023-10-16 01:00:00+00:00,-1,1921.565,1931.565,-30.35,-1.0116666666666667
H1 atr10 m1.2,163,2023-10-18 01:00:00+00:00,1,1927.305,1988.405,182.94999999999973,6.098333333333325
H1 atr10 m1.2,164,2023-11-06 00:00:00+00:00,-1,1988.405,1980.955,22.000000000000135,0.7333333333333378
H1 atr10 m1.2,165,2023-11-20 02:00:00+00:00,1,1980.955,1970.955,-30.35,-1.0116666666666667
H1 atr10 m1.2,166,2023-12-01 01:00:00+00:00,1,2041.845,2087.625,136.98999999999992,4.566333333333331
H1 atr10 m1.2,167,2023-12-04 02:00:00+00:00,-1,2087.625,2006.965,241.63000000000022,8.054333333333341
H1 atr10 m1.2,168,2023-12-11 00:00:00+00:00,1,2006.965,1996.965,-30.35,-1.0116666666666667
H1 atr10 m1.2,169,2023-12-11 03:00:00+00:00,-1,1998.004,1985.585,36.906999999999606,1.2302333333333202
H1 atr10 m1.2,170,2023-12-12 01:00:00+00:00,1,1985.585,1975.585,-30.35,-1.0116666666666667
H1 atr10 m1.2,171,2023-12-20 02:00:00+00:00,-1,2038.035,2035.298,7.8610000000002405,0.26203333333334133
H1 atr10 m1.2,172,2023-12-21 02:00:00+00:00,1,2035.298,2025.298,-30.35,-1.0116666666666667
H1 atr10 m1.2,173,2024-01-09 01:00:00+00:00,1,2034.205,2024.205,-30.35,-1.0116666666666667
H1 atr10 m1.2,174,2024-01-11 01:00:00+00:00,1,2027.748,2017.748,-30.35,-1.0116666666666667
H1 atr10 m1.2,175,2024-01-15 03:00:00+00:00,1,2056.295,2050.785,-16.880000000000656,-0.5626666666666885
H1 atr10 m1.2,176,2024-01-16 02:00:00+00:00,-1,2050.785,2021.105,88.68999999999951,2.9563333333333173
H1 atr10 m1.2,177,2024-01-26 01:00:00+00:00,1,2021.105,2033.355,36.4,1.2133333333333334
H1 atr10 m1.2,178,2024-02-05 03:00:00+00:00,-1,2033.355,2043.355,-30.35,-1.0116666666666667
H1 atr10 m1.2,179,2024-02-21 03:00:00+00:00,1,2027.825,2017.825,-30.35,-1.0116666666666667
H1 atr10 m1.2,180,2024-02-26 00:00:00+00:00,-1,2033.975,2033.325,1.5999999999995906,0.05333333333331969
H1 atr10 m1.2,181,2024-02-28 02:00:00+00:00,1,2033.325,2155.375,365.79999999999984,12.193333333333328
H1 atr10 m1.2,182,2024-03-08 03:00:00+00:00,-1,2155.375,2165.375,-30.35,-1.0116666666666667
H1 atr10 m1.2,183,2024-03-11 01:00:00+00:00,1,2186.605,2176.605,-30.35,-1.0116666666666667
H1 atr10 m1.2,184,2024-03-22 02:00:00+00:00,-1,2173.365,2175.105,-5.570000000000709,-0.1856666666666903
H1 atr10 m1.2,185,2024-03-25 02:00:00+00:00,1,2175.105,2165.105,-30.35,-1.0116666666666667
H1 atr10 m1.2,186,2024-04-08 02:00:00+00:00,1,2324.185,2314.185,-30.35,-1.0116666666666667
H1 atr10 m1.2,187,2024-04-30 00:00:00+00:00,-1,2333.005,2308.245,73.93000000000066,2.4643333333333555
H1 atr10 m1.2,188,2024-05-06 02:00:00+00:00,1,2308.245,2420.265,335.7099999999999,11.190333333333331
H1 atr10 m1.2,189,2024-05-21 02:00:00+00:00,-1,2420.265,2430.265,-30.35,-1.0116666666666667
H1 atr10 m1.2,190,2024-05-22 03:00:00+00:00,-1,2417.624,2333.234,252.81999999999962,8.427333333333321
H1 atr10 m1.2,191,2024-06-05 03:00:00+00:00,1,2333.234,2370.955,112.81300000000002,3.7604333333333337
H1 atr10 m1.2,192,2024-06-07 02:00:00+00:00,-1,2370.955,2380.955,-30.35,-1.0116666666666667
H1 atr10 m1.2,193,2024-06-11 02:00:00+00:00,-1,2302.688,2312.688,-30.35,-1.0116666666666667
H1 atr10 m1.2,194,2024-06-17 02:00:00+00:00,-1,2326.138,2324.048,5.920000000000437,0.1973333333333479
H1 atr10 m1.2,195,2024-06-18 01:00:00+00:00,1,2324.048,2314.048,-30.35,-1.0116666666666667
H1 atr10 m1.2,196,2024-06-20 02:00:00+00:00,1,2336.155,2326.155,-30.35,-1.0116666666666667
H1 atr10 m1.2,197,2024-06-25 02:00:00+00:00,-1,2325.708,2335.708,-30.35,-1.0116666666666667
H1 atr10 m1.2,198,2024-06-28 01:00:00+00:00,-1,2321.474,2331.474,-30.35,-1.0116666666666667
H1 atr10 m1.2,199,2024-07-04 02:00:00+00:00,1,2361.788,2351.788,-30.35,-1.0116666666666667
H1 atr10 m1.2,200,2024-07-09 03:00:00+00:00,1,2363.888,2353.888,-30.35,-1.0116666666666667
H1 atr10 m1.2,201,2024-07-11 03:00:00+00:00,1,2377.265,2407.928,91.63900000000004,3.0546333333333346
H1 atr10 m1.2,202,2024-07-12 02:00:00+00:00,-1,2407.928,2417.928,-30.35,-1.0116666666666667
H1 atr10 m1.2,203,2024-07-16 03:00:00+00:00,1,2429.985,2419.985,-30.35,-1.0116666666666667
H1 atr10 m1.2,204,2024-07-26 02:00:00+00:00,1,2373.425,2441.225,203.0499999999992,6.768333333333306
H1 atr10 m1.2,205,2024-08-01 03:00:00+00:00,-1,2441.225,2451.225,-30.35,-1.0116666666666667
H1 atr10 m1.2,206,2024-08-02 01:00:00+00:00,1,2448.895,2438.895,-30.35,-1.0116666666666667
H1 atr10 m1.2,207,2024-08-05 01:00:00+00:00,-1,2421.878,2431.878,-30.35,-1.0116666666666667
H1 atr10 m1.2,208,2024-08-13 02:00:00+00:00,-1,2466.258,2476.258,-30.35,-1.0116666666666667
H1 atr10 m1.2,209,2024-08-19 02:00:00+00:00,-1,2498.105,2508.105,-30.35,-1.0116666666666667
H1 atr10 m1.2,210,2024-08-21 02:00:00+00:00,1,2516.678,2506.678,-30.35,-1.0116666666666667
H1 atr10 m1.2,211,2024-08-22 03:00:00+00:00,-1,2502.158,2489.875,36.498999999999704,1.2166333333333235
H1 atr10 m1.2,212,2024-08-23 01:00:00+00:00,1,2489.875,2516.955,80.88999999999979,2.6963333333333264
H1 atr10 m1.2,213,2024-08-28 02:00:00+00:00,-1,2516.955,2526.955,-30.35,-1.0116666666666667
H1 atr10 m1.2,214,2024-08-30 01:00:00+00:00,-1,2517.655,2527.655,-30.35,-1.0116666666666667
H1 atr10 m1.2,215,2024-09-18 00:00:00+00:00,1,2573.875,2563.875,-30.35,-1.0116666666666667
H1 atr10 m1.2,216,2024-09-30 02:00:00+00:00,-1,2652.565,2639.675,38.31999999999962,1.2773333333333206
H1 atr10 m1.2,217,2024-10-01 02:00:00+00:00,1,2639.675,2629.675,-30.35,-1.0116666666666667
H1 atr10 m1.2,218,2024-10-10 03:00:00+00:00,1,2615.095,2605.095,-30.35,-1.0116666666666667
H1 atr10 m1.2,219,2024-10-14 03:00:00+00:00,1,2655.025,2645.025,-30.35,-1.0116666666666667
H1 atr10 m1.2,220,2024-10-17 02:00:00+00:00,1,2682.915,2672.915,-30.35,-1.0116666666666667
H1 atr10 m1.2,221,2024-10-22 02:00:00+00:00,1,2727.925,2738.355,30.939999999999507,1.031333333333317
H1 atr10 m1.2,222,2024-10-23 02:00:00+00:00,-1,2738.355,2748.355,-30.35,-1.0116666666666667
H1 atr10 m1.2,223,2024-10-24 02:00:00+00:00,1,2723.605,2737.275,40.66000000000022,1.3553333333333406
H1 atr10 m1.2,224,2024-11-06 03:00:00+00:00,-1,2737.275,2607.995,387.4900000000006,12.916333333333352
H1 atr10 m1.2,225,2024-11-13 02:00:00+00:00,1,2607.995,2597.995,-30.35,-1.0116666666666667
H1 atr10 m1.2,226,2024-11-20 00:00:00+00:00,1,2635.015,2625.015,-30.35,-1.0116666666666667
H1 atr10 m1.2,227,2024-11-25 02:00:00+00:00,-1,2701.075,2644.775,168.5499999999992,5.6183333333333065
H1 atr10 m1.2,228,2024-11-29 02:00:00+00:00,1,2644.775,2634.775,-30.35,-1.0116666666666667
H1 atr10 m1.2,229,2024-12-09 02:00:00+00:00,1,2646.645,2636.645,-30.35,-1.0116666666666667
H1 atr10 m1.2,230,2024-12-10 02:00:00+00:00,1,2667.305,2710.855,130.30000000000055,4.3433333333333515
H1 atr10 m1.2,231,2024-12-12 02:00:00+00:00,-1,2710.855,2689.775,62.88999999999977,2.096333333333326
H1 atr10 m1.2,232,2024-12-13 02:00:00+00:00,1,2689.775,2679.775,-30.35,-1.0116666666666667
H1 atr10 m1.2,233,2024-12-17 02:00:00+00:00,1,2657.725,2647.725,-30.35,-1.0116666666666667
H1 atr10 m1.2,234,2024-12-19 02:00:00+00:00,1,2611.595,2601.595,-30.35,-1.0116666666666667
H1 atr10 m1.2,235,2024-12-20 02:00:00+00:00,1,2603.655,2669.935,198.48999999999924,6.616333333333308
H1 atr10 m1.2,236,2025-01-15 02:00:00+00:00,-1,2669.935,2679.935,-30.35,-1.0116666666666667
H1 atr10 m1.2,237,2025-01-23 02:00:00+00:00,-1,2752.598,2762.598,-30.35,-1.0116666666666667
H1 atr10 m1.2,238,2025-02-10 02:00:00+00:00,1,2871.695,2892.085,60.81999999999961,2.02733333333332
H1 atr10 m1.2,239,2025-02-12 01:00:00+00:00,-1,2892.085,2902.085,-30.35,-1.0116666666666667
H1 atr10 m1.2,240,2025-02-17 02:00:00+00:00,1,2895.385,2928.495,98.97999999999902,3.299333333333301
H1 atr10 m1.2,241,2025-02-21 02:00:00+00:00,-1,2928.495,2938.495,-30.35,-1.0116666666666667
H1 atr10 m1.2,242,2025-02-24 02:00:00+00:00,-1,2927.845,2937.845,-30.35,-1.0116666666666667
H1 atr10 m1.2,243,2025-02-24 03:00:00+00:00,1,2940.645,2930.645,-30.35,-1.0116666666666667
H1 atr10 m1.2,244,2025-02-27 03:00:00+00:00,-1,2906.585,2916.585,-30.35,-1.0116666666666667
H1 atr10 m1.2,245,2025-03-07 01:00:00+00:00,-1,2904.565,2914.565,-30.35,-1.0116666666666667
H1 atr10 m1.2,246,2025-03-11 03:00:00+00:00,1,2898.895,3035.745,410.1999999999997,13.673333333333323
H1 atr10 m1.2,247,2025-03-21 02:00:00+00:00,-1,3035.745,3025.145,31.449999999999726,1.0483333333333242
H1 atr10 m1.2,248,2025-03-27 01:00:00+00:00,1,3025.145,3078.748,160.45900000000017,5.348633333333339
H1 atr10 m1.2,249,2025-03-31 01:00:00+00:00,-1,3078.748,3088.748,-30.35,-1.0116666666666667
H1 atr10 m1.2,250,2025-03-31 02:00:00+00:00,1,3094.605,3084.605,-30.35,-1.0116666666666667
H1 atr10 m1.2,251,2025-04-07 02:00:00+00:00,1,3037.845,3027.845,-30.35,-1.0116666666666667
H1 atr10 m1.2,252,2025-04-08 02:00:00+00:00,1,2999.675,2989.675,-30.35,-1.0116666666666667
H1 atr10 m1.2,253,2025-04-09 02:00:00+00:00,1,3007.912,3323.635,946.8190000000011,31.56063333333337
H1 atr10 m1.2,254,2025-04-17 02:00:00+00:00,-1,3323.635,3333.635,-30.35,-1.0116666666666667
H1 atr10 m1.2,255,2025-04-23 01:00:00+00:00,1,3367.665,3357.665,-30.35,-1.0116666666666667
H1 atr10 m1.2,256,2025-04-24 00:00:00+00:00,1,3316.165,3306.165,-30.35,-1.0116666666666667
H1 atr10 m1.2,257,2025-04-28 02:00:00+00:00,-1,3281.135,3291.135,-30.35,-1.0116666666666667
H1 atr10 m1.2,258,2025-04-29 01:00:00+00:00,-1,3329.555,3247.775,244.98999999999924,8.166333333333307
H1 atr10 m1.2,259,2025-05-05 00:00:00+00:00,1,3247.775,3290.855,128.8899999999998,4.296333333333326
H1 atr10 m1.2,260,2025-05-09 02:00:00+00:00,-1,3290.855,3300.855,-30.35,-1.0116666666666667
H1 atr10 m1.2,261,2025-05-14 02:00:00+00:00,-1,3238.405,3248.405,-30.35,-1.0116666666666667
H1 atr10 m1.2,262,2025-05-16 02:00:00+00:00,-1,3221.965,3231.965,-30.35,-1.0116666666666667
H1 atr10 m1.2,263,2025-05-19 02:00:00+00:00,-1,3218.095,3228.095,-30.35,-1.0116666666666667
H1 atr10 m1.2,264,2025-05-20 00:00:00+00:00,-1,3222.225,3232.225,-30.35,-1.0116666666666667
H1 atr10 m1.2,265,2025-05-27 02:00:00+00:00,-1,3335.648,3345.648,-30.35,-1.0116666666666667
H1 atr10 m1.2,266,2025-05-28 00:00:00+00:00,1,3309.148,3299.148,-30.35,-1.0116666666666667
H1 atr10 m1.2,267,2025-05-30 02:00:00+00:00,-1,3309.625,3319.625,-30.35,-1.0116666666666667
H1 atr10 m1.2,268,2025-06-03 01:00:00+00:00,-1,3375.695,3385.695,-30.35,-1.0116666666666667
H1 atr10 m1.2,269,2025-06-11 03:00:00+00:00,1,3337.965,3327.965,-30.35,-1.0116666666666667
H1 atr10 m1.2,270,2025-06-17 00:00:00+00:00,1,3402.635,3392.635,-30.35,-1.0116666666666667
H1 atr10 m1.2,271,2025-06-19 01:00:00+00:00,1,3379.205,3369.205,-30.35,-1.0116666666666667
H1 atr10 m1.2,272,2025-06-20 02:00:00+00:00,-1,3356.198,3366.198,-30.35,-1.0116666666666667
H1 atr10 m1.2,273,2025-06-23 01:00:00+00:00,-1,3365.435,3375.435,-30.35,-1.0116666666666667
H1 atr10 m1.2,274,2025-06-30 03:00:00+00:00,1,3279.965,3349.115,207.0999999999989,6.903333333333296
H1 atr10 m1.2,275,2025-07-03 00:00:00+00:00,-1,3349.115,3359.115,-30.35,-1.0116666666666667
H1 atr10 m1.2,276,2025-07-09 03:00:00+00:00,-1,3288.145,3298.145,-30.35,-1.0116666666666667
H1 atr10 m1.2,277,2025-07-11 01:00:00+00:00,1,3329.858,3358.295,84.9609999999997,2.832033333333323
H1 atr10 m1.2,278,2025-07-14 02:00:00+00:00,-1,3358.295,3368.295,-30.35,-1.0116666666666667
H1 atr10 m1.2,279,2025-07-17 01:00:00+00:00,-1,3340.515,3350.515,-30.35,-1.0116666666666667
H1 atr10 m1.2,280,2025-07-21 02:00:00+00:00,1,3356.335,3385.675,87.67000000000044,2.922333333333348
H1 atr10 m1.2,281,2025-07-22 02:00:00+00:00,-1,3385.675,3395.675,-30.35,-1.0116666666666667
H1 atr10 m1.2,282,2025-07-23 02:00:00+00:00,-1,3420.885,3430.885,-30.35,-1.0116666666666667
H1 atr10 m1.2,283,2025-07-31 00:00:00+00:00,1,3285.045,3382.969,293.4219999999999,9.78073333333333
H1 atr10 m1.2,284,2025-08-08 02:00:00+00:00,-1,3382.969,3392.969,-30.35,-1.0116666666666667
H1 atr10 m1.2,285,2025-08-14 00:00:00+00:00,1,3362.565,3352.565,-30.35,-1.0116666666666667
H1 atr10 m1.2,286,2025-08-18 01:00:00+00:00,1,3340.375,3330.375,-30.35,-1.0116666666666667
H1 atr10 m1.2,287,2025-08-21 01:00:00+00:00,-1,3342.095,3352.095,-30.35,-1.0116666666666667
H1 atr10 m1.2,288,2025-08-26 01:00:00+00:00,1,3383.039,3373.039,-30.35,-1.0116666666666667
H1 atr10 m1.2,289,2025-08-28 02:00:00+00:00,-1,3385.745,3395.745,-30.35,-1.0116666666666667
H1 atr10 m1.2,290,2025-08-29 02:00:00+00:00,-1,3409.699,3419.699,-30.35,-1.0116666666666667
H1 atr10 m1.2,291,2025-09-02 02:00:00+00:00,1,3497.265,3487.265,-30.35,-1.0116666666666667
H1 atr10 m1.2,292,2025-09-15 03:00:00+00:00,1,3640.845,3630.845,-30.35,-1.0116666666666667
H1 atr10 m1.2,293,2025-09-23 03:00:00+00:00,-1,3741.575,3751.575,-30.35,-1.0116666666666667
H1 atr10 m1.2,294,2025-09-29 01:00:00+00:00,1,3786.895,4313.735,1580.1699999999992,52.672333333333306
H1 atr10 m1.2,295,2025-10-17 02:00:00+00:00,-1,4313.735,4323.735,-30.35,-1.0116666666666667
H1 atr10 m1.2,296,2025-10-21 03:00:00+00:00,-1,4338.495,4114.455,671.7699999999999,22.39233333333333
H1 atr10 m1.2,297,2025-10-22 03:00:00+00:00,1,4114.455,4104.455,-30.35,-1.0116666666666667
H1 atr10 m1.2,298,2025-10-29 01:00:00+00:00,1,3975.045,3965.045,-30.35,-1.0116666666666667
H1 atr10 m1.2,299,2025-11-03 03:00:00+00:00,1,4003.865,3993.865,-30.35,-1.0116666666666667
H1 atr10 m1.2,300,2025-11-04 00:00:00+00:00,-1,3996.975,4006.975,-30.35,-1.0116666666666667
H1 atr10 m1.2,301,2025-11-07 02:00:00+00:00,1,4001.475,3991.475,-30.35,-1.0116666666666667
H1 atr10 m1.2,302,2025-11-14 00:00:00+00:00,1,4185.795,4175.795,-30.35,-1.0116666666666667
H1 atr10 m1.2,303,2025-11-20 00:00:00+00:00,1,4104.265,4094.2650000000003,-30.35,-1.0116666666666667
H1 atr10 m1.2,304,2025-11-20 02:00:00+00:00,-1,4081.085,4091.085,-30.35,-1.0116666666666667
H1 atr10 m1.2,305,2025-11-24 02:00:00+00:00,-1,4043.805,4053.805,-30.35,-1.0116666666666667
H1 atr10 m1.2,306,2025-11-27 03:00:00+00:00,-1,4145.235,4155.235,-30.35,-1.0116666666666667
H1 atr10 m1.2,307,2025-12-11 03:00:00+00:00,-1,4221.975,4231.975,-30.35,-1.0116666666666667
H1 atr10 m1.2,308,2025-12-15 01:00:00+00:00,1,4307.198,4297.198,-30.35,-1.0116666666666667
H1 atr10 m1.2,309,2025-12-17 02:00:00+00:00,1,4326.475,4316.475,-30.35,-1.0116666666666667
H1 atr10 m1.2,310,2025-12-24 03:00:00+00:00,-1,4477.185,4487.185,-30.35,-1.0116666666666667
H1 atr10 m1.2,311,2025-12-26 00:00:00+00:00,1,4494.875,4484.875,-30.35,-1.0116666666666667
H1 atr10 m1.2,312,2025-12-31 02:00:00+00:00,1,4365.698,4355.698,-30.35,-1.0116666666666667
H1 atr10 m1.2,313,2026-01-02 00:00:00+00:00,1,4347.798,4337.798,-30.35,-1.0116666666666667
H1 atr10 m1.2,314,2026-01-05 00:00:00+00:00,1,4372.275,4465.255,278.59000000000134,9.286333333333378
H1 atr10 m1.2,315,2026-01-07 02:00:00+00:00,-1,4465.255,4475.255,-30.35,-1.0116666666666667
H1 atr10 m1.2,316,2026-01-08 03:00:00+00:00,-1,4440.965,4450.965,-30.35,-1.0116666666666667
H1 atr10 m1.2,317,2026-01-12 00:00:00+00:00,1,4539.775,4614.935,225.1300000000023,7.50433333333341
H1 atr10 m1.2,318,2026-01-15 00:00:00+00:00,-1,4614.935,4624.935,-30.35,-1.0116666666666667
H1 atr10 m1.2,319,2026-01-19 00:00:00+00:00,1,4672.375,4662.375,-30.35,-1.0116666666666667
H1 atr10 m1.2,320,2026-01-20 01:00:00+00:00,-1,4660.115,4670.115,-30.35,-1.0116666666666667
H1 atr10 m1.2,321,2026-01-27 03:00:00+00:00,1,5072.345,5062.345,-30.35,-1.0116666666666667
H1 atr10 m1.2,322,2026-01-30 02:00:00+00:00,-1,5300.098,4773.975,1578.0189999999989,52.6006333333333
H1 atr10 m1.2,323,2026-02-03 00:00:00+00:00,1,4773.975,4763.975,-30.35,-1.0116666666666667
H1 atr10 m1.2,324,2026-02-05 03:00:00+00:00,-1,4810.768,4820.768,-30.35,-1.0116666666666667
H1 atr10 m1.2,325,2026-02-06 03:00:00+00:00,1,4815.905,5031.095,645.2200000000015,21.507333333333385
H1 atr10 m1.2,326,2026-02-10 00:00:00+00:00,-1,5031.095,5041.095,-30.35,-1.0116666666666667
H1 atr10 m1.2,327,2026-02-11 02:00:00+00:00,1,5052.215,5042.215,-30.35,-1.0116666666666667
H1 atr10 m1.2,328,2026-02-13 02:00:00+00:00,1,4980.445,4970.445,-30.35,-1.0116666666666667
H1 atr10 m1.2,329,2026-02-16 03:00:00+00:00,-1,4994.405,5004.405,-30.35,-1.0116666666666667
H1 atr10 m1.2,330,2026-02-19 01:00:00+00:00,-1,4960.985,4970.985,-30.35,-1.0116666666666667
H1 atr10 m1.2,331,2026-02-24 02:00:00+00:00,-1,5177.125,5187.125,-30.35,-1.0116666666666667
H1 atr10 m1.2,332,2026-02-26 02:00:00+00:00,1,5191.195,5181.195,-30.35,-1.0116666666666667
H1 atr10 m1.2,333,2026-03-02 02:00:00+00:00,-1,5324.595,5334.595,-30.35,-1.0116666666666667
H1 atr10 m1.2,334,2026-03-05 01:00:00+00:00,1,5172.615,5162.615,-30.35,-1.0116666666666667
H1 atr10 m1.2,335,2026-03-06 02:00:00+00:00,1,5134.315,5124.315,-30.35,-1.0116666666666667
H1 atr10 m1.2,336,2026-03-13 01:00:00+00:00,1,5113.485,5103.485,-30.35,-1.0116666666666667
H1 atr10 m1.2,337,2026-03-17 02:00:00+00:00,1,5027.695,5017.695,-30.35,-1.0116666666666667
H1 atr10 m1.2,338,2026-03-19 03:00:00+00:00,1,4858.435,4848.435,-30.35,-1.0116666666666667
H1 atr10 m1.2,339,2026-03-27 03:00:00+00:00,1,4431.925,4421.925,-30.35,-1.0116666666666667
H1 atr10 m1.2,340,2026-03-31 01:00:00+00:00,1,4547.025,4537.025,-30.35,-1.0116666666666667
H1 atr10 m1.2,341,2026-04-02 02:00:00+00:00,-1,4696.108,4706.108,-30.35,-1.0116666666666667
H1 atr10 m1.2,342,2026-04-13 01:00:00+00:00,1,4694.795,4823.985,387.2199999999988,12.907333333333293
H1 atr10 m1.2,343,2026-04-15 03:00:00+00:00,-1,4823.985,4833.985,-30.35,-1.0116666666666667
H1 atr10 m1.2,344,2026-04-16 00:00:00+00:00,1,4822.995,4812.995,-30.35,-1.0116666666666667
H1 atr10 m1.2,345,2026-04-20 02:00:00+00:00,1,4807.415,4797.415,-30.35,-1.0116666666666667
H1 atr10 m1.2,346,2026-04-22 00:00:00+00:00,1,4737.765,4727.765,-30.35,-1.0116666666666667
H1 atr10 m1.2,347,2026-04-23 01:00:00+00:00,1,4747.485,4737.485,-30.35,-1.0116666666666667
H1 atr10 m1.2,348,2026-04-23 03:00:00+00:00,-1,4698.695,4708.695,-30.35,-1.0116666666666667
H1 atr10 m1.2,349,2026-04-27 02:00:00+00:00,1,4702.445,4692.445,-30.35,-1.0116666666666667
H1 atr10 m1.2,350,2026-04-28 00:00:00+00:00,1,4691.855,4681.855,-30.35,-1.0116666666666667
H1 atr10 m1.2,351,2026-04-28 02:00:00+00:00,-1,4670.295,4600.015,210.48999999999924,7.016333333333308
H1 atr10 m1.2,352,2026-04-29 01:00:00+00:00,1,4600.015,4590.015,-30.35,-1.0116666666666667
H1 atr10 m1.2,353,2026-04-30 00:00:00+00:00,1,4561.325,4551.325,-30.35,-1.0116666666666667
H1 atr10 m1.2,354,2026-05-06 00:00:00+00:00,1,4593.735,4726.875,399.0700000000009,13.302333333333364
H1 atr10 m1.2,355,2026-05-12 02:00:00+00:00,-1,4726.875,4704.765,65.97999999999902,2.1993333333333007
H1 atr10 m1.2,356,2026-05-14 01:00:00+00:00,1,4704.765,4694.765,-30.35,-1.0116666666666667
H1 atr10 m1.2,357,2026-05-19 03:00:00+00:00,-1,4546.975,4556.975,-30.35,-1.0116666666666667
H1 atr10 m1.2,358,2026-05-21 03:00:00+00:00,-1,4532.865,4542.865,-30.35,-1.0116666666666667
H1 atr10 m1.2,359,2026-05-26 01:00:00+00:00,-1,4549.395,4519.228,90.15100000000112,3.0050333333333707
H1 atr10 m1.2,360,2026-05-27 00:00:00+00:00,1,4519.228,4509.228,-30.35,-1.0116666666666667
H1 atr10 m1.2,361,2026-05-28 02:00:00+00:00,-1,4409.668,4419.668,-30.35,-1.0116666666666667
H1 atr10 m1.2,362,2026-06-04 00:00:00+00:00,1,4457.215,4447.215,-30.35,-1.0116666666666667
H1 atr10 m1.2,363,2026-06-11 02:00:00+00:00,1,4101.765,4091.7650000000003,-30.35,-1.0116666666666667
H1 atr10 m1.2,364,2026-06-12 02:00:00+00:00,-1,4186.318,4196.318,-30.35,-1.0116666666666667
H1 atr10 m1.2,365,2026-06-18 01:00:00+00:00,1,4308.098,4298.098,-30.35,-1.0116666666666667
H1 atr10 m1.2,366,2026-06-22 00:00:00+00:00,-1,4140.015,4150.015,-30.35,-1.0116666666666667
H1 atr10 m1.2,367,2026-06-22 01:00:00+00:00,1,4200.655,4190.655,-30.35,-1.0116666666666667
H1 atr14 m1.2,0,2021-01-06 03:00:00+00:00,-1,1943.968,1953.968,-30.35,-1.0116666666666667
H1 atr14 m1.2,1,2021-01-18 03:00:00+00:00,1,1828.668,1848.825,60.12100000000045,2.004033333333348
H1 atr14 m1.2,2,2021-01-27 01:00:00+00:00,-1,1848.825,1858.825,-30.35,-1.0116666666666667
H1 atr14 m1.2,3,2021-02-01 00:00:00+00:00,1,1855.897,1845.897,-30.35,-1.0116666666666667
H1 atr14 m1.2,4,2021-02-11 01:00:00+00:00,-1,1839.655,1826.875,37.98999999999992,1.2663333333333306
H1 atr14 m1.2,5,2021-02-15 02:00:00+00:00,1,1826.875,1816.875,-30.35,-1.0116666666666667
H1 atr14 m1.2,6,2021-02-16 02:00:00+00:00,1,1824.652,1814.652,-30.35,-1.0116666666666667
H1 atr14 m1.2,7,2021-02-18 03:00:00+00:00,1,1782.998,1772.998,-30.35,-1.0116666666666667
H1 atr14 m1.2,8,2021-02-24 02:00:00+00:00,1,1811.835,1801.835,-30.35,-1.0116666666666667
H1 atr14 m1.2,9,2021-02-25 02:00:00+00:00,-1,1796.855,1739.085,172.95999999999995,5.765333333333332
H1 atr14 m1.2,10,2021-03-01 00:00:00+00:00,1,1739.085,1729.085,-30.35,-1.0116666666666667
H1 atr14 m1.2,11,2021-03-23 02:00:00+00:00,-1,1733.368,1731.978,3.819999999999618,0.1273333333333206
H1 atr14 m1.2,12,2021-03-24 03:00:00+00:00,1,1731.978,1721.978,-30.35,-1.0116666666666667
H1 atr14 m1.2,13,2021-04-07 02:00:00+00:00,-1,1737.158,1747.158,-30.35,-1.0116666666666667
H1 atr14 m1.2,14,2021-04-12 02:00:00+00:00,-1,1739.228,1735.728,10.15,0.3383333333333333
H1 atr14 m1.2,15,2021-04-13 03:00:00+00:00,1,1735.728,1725.728,-30.35,-1.0116666666666667
H1 atr14 m1.2,16,2021-04-16 02:00:00+00:00,-1,1761.998,1771.998,-30.35,-1.0116666666666667
H1 atr14 m1.2,17,2021-04-19 01:00:00+00:00,1,1782.038,1772.038,-30.35,-1.0116666666666667
H1 atr14 m1.2,18,2021-04-23 02:00:00+00:00,1,1788.568,1778.568,-30.35,-1.0116666666666667
H1 atr14 m1.2,19,2021-04-26 02:00:00+00:00,1,1780.495,1770.495,-30.35,-1.0116666666666667
H1 atr14 m1.2,20,2021-04-27 02:00:00+00:00,-1,1774.985,1784.985,-30.35,-1.0116666666666667
H1 atr14 m1.2,21,2021-05-12 02:00:00+00:00,-1,1830.178,1840.178,-30.35,-1.0116666666666667
H1 atr14 m1.2,22,2021-05-21 00:00:00+00:00,-1,1873.928,1883.928,-30.35,-1.0116666666666667
H1 atr14 m1.2,23,2021-05-25 00:00:00+00:00,-1,1877.358,1887.358,-30.35,-1.0116666666666667
H1 atr14 m1.2,24,2021-06-01 00:00:00+00:00,1,1907.978,1897.978,-30.35,-1.0116666666666667
H1 atr14 m1.2,25,2021-06-08 03:00:00+00:00,-1,1896.148,1824.238,215.37999999999957,7.179333333333319
H1 atr14 m1.2,26,2021-06-17 03:00:00+00:00,1,1824.238,1814.238,-30.35,-1.0116666666666667
H1 atr14 m1.2,27,2021-06-18 02:00:00+00:00,1,1784.498,1774.498,-30.35,-1.0116666666666667
H1 atr14 m1.2,28,2021-06-21 01:00:00+00:00,1,1773.098,1773.238,0.0700000000003001,0.002333333333343337
H1 atr14 m1.2,29,2021-06-28 02:00:00+00:00,-1,1773.238,1783.238,-30.35,-1.0116666666666667
H1 atr14 m1.2,30,2021-07-07 02:00:00+00:00,1,1802.288,1805.428,9.0700000000003,0.30233333333334333
H1 atr14 m1.2,31,2021-07-12 02:00:00+00:00,-1,1805.428,1815.428,-30.35,-1.0116666666666667
H1 atr14 m1.2,32,2021-07-14 00:00:00+00:00,-1,1805.948,1811.648,-17.449999999999456,-0.5816666666666486
H1 atr14 m1.2,33,2021-07-14 03:00:00+00:00,1,1811.648,1826.258,43.48000000000038,1.449333333333346
H1 atr14 m1.2,34,2021-07-16 02:00:00+00:00,-1,1826.258,1804.698,64.32999999999984,2.144333333333328
H1 atr14 m1.2,35,2021-07-28 03:00:00+00:00,1,1804.698,1794.698,-30.35,-1.0116666666666667
H1 atr14 m1.2,36,2021-08-03 00:00:00+00:00,-1,1812.525,1822.525,-30.35,-1.0116666666666667
H1 atr14 m1.2,37,2021-08-09 01:00:00+00:00,1,1727.548,1781.738,162.22000000000014,5.407333333333338
H1 atr14 m1.2,38,2021-08-19 02:00:00+00:00,-1,1781.738,1791.738,-30.35,-1.0116666666666667
H1 atr14 m1.2,39,2021-08-23 02:00:00+00:00,1,1785.488,1813.488,83.65,2.7883333333333336
H1 atr14 m1.2,40,2021-08-30 03:00:00+00:00,-1,1813.488,1812.838,1.6000000000002728,0.05333333333334243
H1 atr14 m1.2,41,2021-09-03 02:00:00+00:00,1,1812.838,1825.618,37.98999999999992,1.2663333333333306
H1 atr14 m1.2,42,2021-09-06 01:00:00+00:00,-1,1825.618,1825.918,-1.2499999999998637,-0.04166666666666212
H1 atr14 m1.2,43,2021-09-07 01:00:00+00:00,1,1825.918,1815.918,-30.35,-1.0116666666666667
H1 atr14 m1.2,44,2021-09-08 03:00:00+00:00,1,1800.3,1790.3,-30.35,-1.0116666666666667
H1 atr14 m1.2,45,2021-09-14 02:00:00+00:00,-1,1790.748,1800.748,-30.35,-1.0116666666666667
H1 atr14 m1.2,46,2021-09-22 03:00:00+00:00,1,1778.648,1768.648,-30.35,-1.0116666666666667
H1 atr14 m1.2,47,2021-09-24 02:00:00+00:00,1,1750.178,1740.178,-30.35,-1.0116666666666667
H1 atr14 m1.2,48,2021-09-29 03:00:00+00:00,1,1739.968,1729.968,-30.35,-1.0116666666666667
H1 atr14 m1.2,49,2021-09-30 01:00:00+00:00,1,1730.178,1752.968,68.0199999999999,2.26733333333333
H1 atr14 m1.2,50,2021-10-01 00:00:00+00:00,-1,1752.968,1762.968,-30.35,-1.0116666666666667
H1 atr14 m1.2,51,2021-10-04 03:00:00+00:00,-1,1758.938,1768.938,-30.35,-1.0116666666666667
H1 atr14 m1.2,52,2021-10-05 03:00:00+00:00,-1,1761.828,1759.575,6.4089999999997875,0.21363333333332626
H1 atr14 m1.2,53,2021-10-08 03:00:00+00:00,1,1759.575,1788.314,85.8670000000001,2.8622333333333367
H1 atr14 m1.2,54,2021-10-27 03:00:00+00:00,-1,1788.314,1798.314,-30.35,-1.0116666666666667
H1 atr14 m1.2,55,2021-10-29 01:00:00+00:00,-1,1797.944,1784.438,40.16799999999957,1.338933333333319
H1 atr14 m1.2,56,2021-11-01 02:00:00+00:00,1,1784.438,1774.438,-30.35,-1.0116666666666667
H1 atr14 m1.2,57,2021-11-10 03:00:00+00:00,-1,1827.073,1837.073,-30.35,-1.0116666666666667
H1 atr14 m1.2,58,2021-11-12 03:00:00+00:00,-1,1856.774,1866.774,-30.35,-1.0116666666666667
H1 atr14 m1.2,59,2021-11-15 02:00:00+00:00,-1,1860.348,1870.348,-30.35,-1.0116666666666667
H1 atr14 m1.2,60,2021-11-17 02:00:00+00:00,1,1855.568,1845.568,-30.35,-1.0116666666666667
H1 atr14 m1.2,61,2021-11-24 01:00:00+00:00,1,1791.398,1781.398,-30.35,-1.0116666666666667
H1 atr14 m1.2,62,2021-11-26 00:00:00+00:00,1,1792.548,1782.548,-30.35,-1.0116666666666667
H1 atr14 m1.2,63,2021-11-29 00:00:00+00:00,1,1795.405,1785.405,-30.35,-1.0116666666666667
H1 atr14 m1.2,64,2021-11-30 03:00:00+00:00,1,1788.468,1778.468,-30.35,-1.0116666666666667
H1 atr14 m1.2,65,2021-12-03 01:00:00+00:00,1,1771.488,1761.488,-30.35,-1.0116666666666667
H1 atr14 m1.2,66,2021-12-20 03:00:00+00:00,1,1801.885,1791.885,-30.35,-1.0116666666666667
H1 atr14 m1.2,67,2022-01-04 02:00:00+00:00,1,1805.044,1795.044,-30.35,-1.0116666666666667
H1 atr14 m1.2,68,2022-01-24 02:00:00+00:00,1,1835.998,1825.998,-30.35,-1.0116666666666667
H1 atr14 m1.2,69,2022-02-18 02:00:00+00:00,-1,1890.118,1900.118,-30.35,-1.0116666666666667
H1 atr14 m1.2,70,2022-02-21 02:00:00+00:00,-1,1895.538,1905.538,-30.35,-1.0116666666666667
H1 atr14 m1.2,71,2022-02-25 00:00:00+00:00,1,1906.398,1896.398,-30.35,-1.0116666666666667
H1 atr14 m1.2,72,2022-02-28 00:00:00+00:00,1,1910.038,1900.038,-30.35,-1.0116666666666667
H1 atr14 m1.2,73,2022-03-02 01:00:00+00:00,-1,1935.048,1945.048,-30.35,-1.0116666666666667
H1 atr14 m1.2,74,2022-03-03 02:00:00+00:00,1,1930.527,1933.693,9.14799999999982,0.30493333333332734
H1 atr14 m1.2,75,2022-03-04 02:00:00+00:00,-1,1933.693,1943.693,-30.35,-1.0116666666666667
H1 atr14 m1.2,76,2022-03-08 02:00:00+00:00,-1,1984.838,1994.838,-30.35,-1.0116666666666667
H1 atr14 m1.2,77,2022-03-14 00:00:00+00:00,-1,1974.148,1927.948,138.24999999999946,4.608333333333316
H1 atr14 m1.2,78,2022-03-21 02:00:00+00:00,1,1927.948,1917.948,-30.35,-1.0116666666666667
H1 atr14 m1.2,79,2022-03-28 02:00:00+00:00,-1,1945.84,1955.84,-30.35,-1.0116666666666667
H1 atr14 m1.2,80,2022-04-27 00:00:00+00:00,1,1906.458,1898.768,-23.420000000000165,-0.7806666666666722
H1 atr14 m1.2,81,2022-04-27 03:00:00+00:00,-1,1898.768,1908.768,-30.35,-1.0116666666666667
H1 atr14 m1.2,82,2022-05-09 02:00:00+00:00,-1,1878.188,1860.068,54.01000000000035,1.800333333333345
H1 atr14 m1.2,83,2022-05-10 03:00:00+00:00,1,1860.068,1850.068,-30.35,-1.0116666666666667
H1 atr14 m1.2,84,2022-05-25 02:00:00+00:00,-1,1861.153,1856.563,13.419999999999755,0.44733333333332514
H1 atr14 m1.2,85,2022-05-30 02:00:00+00:00,1,1856.563,1846.563,-30.35,-1.0116666666666667
H1 atr14 m1.2,86,2022-06-06 03:00:00+00:00,1,1854.408,1844.408,-30.35,-1.0116666666666667
H1 atr14 m1.2,87,2022-06-08 02:00:00+00:00,-1,1849.053,1859.053,-30.35,-1.0116666666666667
H1 atr14 m1.2,88,2022-06-13 02:00:00+00:00,-1,1862.568,1823.908,115.63000000000025,3.854333333333342
H1 atr14 m1.2,89,2022-06-14 01:00:00+00:00,1,1823.908,1813.908,-30.35,-1.0116666666666667
H1 atr14 m1.2,90,2022-06-15 02:00:00+00:00,1,1815.678,1846.563,92.30499999999996,3.076833333333332
H1 atr14 m1.2,91,2022-06-17 01:00:00+00:00,-1,1846.563,1842.198,12.745000000000026,0.4248333333333342
H1 atr14 m1.2,92,2022-06-20 03:00:00+00:00,1,1842.198,1832.198,-30.35,-1.0116666666666667
H1 atr14 m1.2,93,2022-06-23 02:00:00+00:00,-1,1832.968,1842.968,-30.35,-1.0116666666666667
H1 atr14 m1.2,94,2022-06-27 01:00:00+00:00,-1,1828.908,1838.908,-30.35,-1.0116666666666667
H1 atr14 m1.2,95,2022-07-05 02:00:00+00:00,1,1811.618,1801.618,-30.35,-1.0116666666666667
H1 atr14 m1.2,96,2022-07-07 03:00:00+00:00,1,1743.874,1733.874,-30.35,-1.0116666666666667
H1 atr14 m1.2,97,2022-07-14 00:00:00+00:00,-1,1731.914,1710.138,64.97800000000021,2.1659333333333404
H1 atr14 m1.2,98,2022-07-18 00:00:00+00:00,1,1710.138,1700.138,-30.35,-1.0116666666666667
H1 atr14 m1.2,99,2022-07-26 02:00:00+00:00,1,1726.908,1716.908,-30.35,-1.0116666666666667
H1 atr14 m1.2,100,2022-08-03 02:00:00+00:00,1,1764.623,1754.623,-30.35,-1.0116666666666667
H1 atr14 m1.2,101,2022-08-09 02:00:00+00:00,-1,1783.694,1793.694,-30.35,-1.0116666666666667
H1 atr14 m1.2,102,2022-08-15 03:00:00+00:00,-1,1796.178,1713.444,247.85200000000043,8.261733333333348
H1 atr14 m1.2,103,2022-09-09 01:00:00+00:00,1,1713.444,1703.444,-30.35,-1.0116666666666667
H1 atr14 m1.2,104,2022-09-19 02:00:00+00:00,-1,1671.538,1681.538,-30.35,-1.0116666666666667
H1 atr14 m1.2,105,2022-09-22 00:00:00+00:00,-1,1666.928,1676.928,-30.35,-1.0116666666666667
H1 atr14 m1.2,106,2022-10-03 02:00:00+00:00,1,1668.848,1658.848,-30.35,-1.0116666666666667
H1 atr14 m1.2,107,2022-10-17 02:00:00+00:00,1,1651.838,1641.838,-30.35,-1.0116666666666667
H1 atr14 m1.2,108,2022-10-24 02:00:00+00:00,-1,1653.577,1663.577,-30.35,-1.0116666666666667
H1 atr14 m1.2,109,2022-10-28 02:00:00+00:00,1,1666.097,1656.097,-30.35,-1.0116666666666667
H1 atr14 m1.2,110,2022-11-01 02:00:00+00:00,1,1637.187,1627.187,-30.35,-1.0116666666666667
H1 atr14 m1.2,111,2022-11-07 00:00:00+00:00,-1,1672.698,1682.698,-30.35,-1.0116666666666667
H1 atr14 m1.2,112,2022-11-09 02:00:00+00:00,-1,1706.917,1716.917,-30.35,-1.0116666666666667
H1 atr14 m1.2,113,2022-11-11 02:00:00+00:00,-1,1747.408,1757.408,-30.35,-1.0116666666666667
H1 atr14 m1.2,114,2022-11-22 01:00:00+00:00,1,1740.638,1730.638,-30.35,-1.0116666666666667
H1 atr14 m1.2,115,2022-11-28 02:00:00+00:00,-1,1746.677,1756.677,-30.35,-1.0116666666666667
H1 atr14 m1.2,116,2022-11-29 02:00:00+00:00,1,1746.148,1782.138,107.62000000000003,3.5873333333333344
H1 atr14 m1.2,117,2022-12-08 02:00:00+00:00,-1,1782.138,1792.138,-30.35,-1.0116666666666667
H1 atr14 m1.2,118,2022-12-09 02:00:00+00:00,1,1794.108,1784.108,-30.35,-1.0116666666666667
H1 atr14 m1.2,119,2022-12-13 03:00:00+00:00,1,1785.625,1775.625,-30.35,-1.0116666666666667
H1 atr14 m1.2,120,2022-12-22 01:00:00+00:00,1,1818.498,1808.498,-30.35,-1.0116666666666667
H1 atr14 m1.2,121,2022-12-23 00:00:00+00:00,1,1793.435,1925.665,396.34000000000003,13.211333333333334
H1 atr14 m1.2,122,2023-01-27 03:00:00+00:00,-1,1925.665,1935.665,-30.35,-1.0116666666666667
H1 atr14 m1.2,123,2023-02-06 03:00:00+00:00,1,1873.405,1863.405,-30.35,-1.0116666666666667
H1 atr14 m1.2,124,2023-02-07 02:00:00+00:00,1,1873.465,1863.465,-30.35,-1.0116666666666667
H1 atr14 m1.2,125,2023-02-15 02:00:00+00:00,1,1858.797,1848.797,-30.35,-1.0116666666666667
H1 atr14 m1.2,126,2023-02-16 02:00:00+00:00,1,1841.295,1831.295,-30.35,-1.0116666666666667
H1 atr14 m1.2,127,2023-02-23 03:00:00+00:00,1,1829.575,1819.575,-30.35,-1.0116666666666667
H1 atr14 m1.2,128,2023-02-24 01:00:00+00:00,1,1826.335,1816.335,-30.35,-1.0116666666666667
H1 atr14 m1.2,129,2023-03-01 01:00:00+00:00,-1,1823.365,1829.045,-17.390000000000192,-0.5796666666666731
H1 atr14 m1.2,130,2023-03-01 02:00:00+00:00,1,1829.045,1833.025,11.590000000000055,0.38633333333333514
H1 atr14 m1.2,131,2023-03-02 02:00:00+00:00,-1,1833.025,1843.025,-30.35,-1.0116666666666667
H1 atr14 m1.2,132,2023-03-07 03:00:00+00:00,1,1849.065,1839.065,-30.35,-1.0116666666666667
H1 atr14 m1.2,133,2023-03-13 02:00:00+00:00,-1,1872.915,1882.915,-30.35,-1.0116666666666667
H1 atr14 m1.2,134,2023-03-13 03:00:00+00:00,1,1886.748,1876.748,-30.35,-1.0116666666666667
H1 atr14 m1.2,135,2023-03-17 03:00:00+00:00,1,1927.325,1969.625,126.54999999999987,4.218333333333329
H1 atr14 m1.2,136,2023-03-20 02:00:00+00:00,-1,1969.625,1979.625,-30.35,-1.0116666666666667
H1 atr14 m1.2,137,2023-04-04 02:00:00+00:00,-1,1978.124,1988.124,-30.35,-1.0116666666666667
H1 atr14 m1.2,138,2023-04-11 03:00:00+00:00,1,1997.705,1987.705,-30.35,-1.0116666666666667
H1 atr14 m1.2,139,2023-04-18 02:00:00+00:00,1,1997.625,1987.625,-30.35,-1.0116666666666667
H1 atr14 m1.2,140,2023-04-27 03:00:00+00:00,1,1998.635,1988.635,-30.35,-1.0116666666666667
H1 atr14 m1.2,141,2023-04-28 02:00:00+00:00,1,1990.475,1980.475,-30.35,-1.0116666666666667
H1 atr14 m1.2,142,2023-05-01 01:00:00+00:00,-1,1983.845,1993.845,-30.35,-1.0116666666666667
H1 atr14 m1.2,143,2023-05-04 02:00:00+00:00,-1,2044.354,2054.3540000000003,-30.350000000000684,-1.0116666666666894
H1 atr14 m1.2,144,2023-05-10 03:00:00+00:00,-1,2031.214,2041.214,-30.35,-1.0116666666666667
H1 atr14 m1.2,145,2023-05-11 01:00:00+00:00,1,2035.264,2025.264,-30.35,-1.0116666666666667
H1 atr14 m1.2,146,2023-05-15 02:00:00+00:00,1,2017.495,2007.495,-30.35,-1.0116666666666667
H1 atr14 m1.2,147,2023-05-19 03:00:00+00:00,1,1962.745,1952.745,-30.35,-1.0116666666666667
H1 atr14 m1.2,148,2023-05-26 02:00:00+00:00,1,1946.735,1936.735,-30.35,-1.0116666666666667
H1 atr14 m1.2,149,2023-05-31 02:00:00+00:00,-1,1954.725,1964.725,-30.35,-1.0116666666666667
H1 atr14 m1.2,150,2023-06-07 01:00:00+00:00,1,1964.705,1954.705,-30.35,-1.0116666666666667
H1 atr14 m1.2,151,2023-06-26 00:00:00+00:00,1,1925.275,1915.275,-30.35,-1.0116666666666667
H1 atr14 m1.2,152,2023-07-03 03:00:00+00:00,-1,1914.765,1924.765,-30.35,-1.0116666666666667
H1 atr14 m1.2,153,2023-07-12 02:00:00+00:00,1,1937.388,1927.388,-30.35,-1.0116666666666667
H1 atr14 m1.2,154,2023-08-09 03:00:00+00:00,1,1929.555,1919.555,-30.35,-1.0116666666666667
H1 atr14 m1.2,155,2023-08-18 00:00:00+00:00,1,1891.215,1908.935,52.81000000000008,1.760333333333336
H1 atr14 m1.2,156,2023-09-13 03:00:00+00:00,-1,1908.935,1912.515,-11.090000000000463,-0.36966666666668213
H1 atr14 m1.2,157,2023-09-14 01:00:00+00:00,1,1912.515,1902.515,-30.35,-1.0116666666666667
H1 atr14 m1.2,158,2023-09-18 03:00:00+00:00,1,1927.955,1917.955,-30.35,-1.0116666666666667
H1 atr14 m1.2,159,2023-09-22 00:00:00+00:00,1,1921.315,1923.605,6.51999999999989,0.2173333333333297
H1 atr14 m1.2,160,2023-09-25 02:00:00+00:00,-1,1923.605,1822.715,302.3200000000003,10.077333333333343
H1 atr14 m1.2,161,2023-10-06 02:00:00+00:00,1,1822.715,1812.715,-30.35,-1.0116666666666667
H1 atr14 m1.2,162,2023-10-13 03:00:00+00:00,1,1873.295,1921.565,144.45999999999995,4.8153333333333315
H1 atr14 m1.2,163,2023-10-16 01:00:00+00:00,-1,1921.565,1931.565,-30.35,-1.0116666666666667
H1 atr14 m1.2,164,2023-10-18 01:00:00+00:00,1,1927.305,1988.405,182.94999999999973,6.098333333333325
H1 atr14 m1.2,165,2023-11-06 00:00:00+00:00,-1,1988.405,1980.955,22.000000000000135,0.7333333333333378
H1 atr14 m1.2,166,2023-11-20 02:00:00+00:00,1,1980.955,1970.955,-30.35,-1.0116666666666667
H1 atr14 m1.2,167,2023-12-01 01:00:00+00:00,1,2041.845,2087.625,136.98999999999992,4.566333333333331
H1 atr14 m1.2,168,2023-12-04 02:00:00+00:00,-1,2087.625,2032.405,165.3100000000001,5.510333333333336
H1 atr14 m1.2,169,2023-12-08 03:00:00+00:00,1,2032.405,2022.405,-30.35,-1.0116666666666667
H1 atr14 m1.2,170,2023-12-11 00:00:00+00:00,1,2006.965,1996.965,-30.35,-1.0116666666666667
H1 atr14 m1.2,171,2023-12-11 03:00:00+00:00,-1,1998.004,1985.585,36.906999999999606,1.2302333333333202
H1 atr14 m1.2,172,2023-12-12 01:00:00+00:00,1,1985.585,1975.585,-30.35,-1.0116666666666667
H1 atr14 m1.2,173,2023-12-20 02:00:00+00:00,-1,2038.035,2035.298,7.8610000000002405,0.26203333333334133
H1 atr14 m1.2,174,2023-12-21 02:00:00+00:00,1,2035.298,2025.298,-30.35,-1.0116666666666667
H1 atr14 m1.2,175,2024-01-09 01:00:00+00:00,1,2034.205,2024.205,-30.35,-1.0116666666666667
H1 atr14 m1.2,176,2024-01-11 01:00:00+00:00,1,2027.748,2017.748,-30.35,-1.0116666666666667
H1 atr14 m1.2,177,2024-01-15 03:00:00+00:00,1,2056.295,2050.785,-16.880000000000656,-0.5626666666666885
H1 atr14 m1.2,178,2024-01-16 02:00:00+00:00,-1,2050.785,2011.555,117.33999999999936,3.911333333333312
H1 atr14 m1.2,179,2024-01-18 02:00:00+00:00,1,2011.555,2024.095,37.26999999999988,1.2423333333333295
H1 atr14 m1.2,180,2024-01-24 03:00:00+00:00,-1,2024.095,2034.095,-30.35,-1.0116666666666667
H1 atr14 m1.2,181,2024-01-29 00:00:00+00:00,1,2021.855,2033.355,34.15,1.1383333333333332
H1 atr14 m1.2,182,2024-02-05 03:00:00+00:00,-1,2033.355,2043.355,-30.35,-1.0116666666666667
H1 atr14 m1.2,183,2024-02-21 03:00:00+00:00,1,2027.825,2017.825,-30.35,-1.0116666666666667
H1 atr14 m1.2,184,2024-02-26 00:00:00+00:00,-1,2033.975,2033.325,1.5999999999995906,0.05333333333331969
H1 atr14 m1.2,185,2024-02-28 02:00:00+00:00,1,2033.325,2155.375,365.79999999999984,12.193333333333328
H1 atr14 m1.2,186,2024-03-08 03:00:00+00:00,-1,2155.375,2165.375,-30.35,-1.0116666666666667
H1 atr14 m1.2,187,2024-03-11 01:00:00+00:00,1,2186.605,2176.605,-30.35,-1.0116666666666667
H1 atr14 m1.2,188,2024-03-22 02:00:00+00:00,-1,2173.365,2175.105,-5.570000000000709,-0.1856666666666903
H1 atr14 m1.2,189,2024-03-25 02:00:00+00:00,1,2175.105,2165.105,-30.35,-1.0116666666666667
H1 atr14 m1.2,190,2024-04-08 02:00:00+00:00,1,2324.185,2314.185,-30.35,-1.0116666666666667
H1 atr14 m1.2,191,2024-04-30 00:00:00+00:00,-1,2333.005,2308.245,73.93000000000066,2.4643333333333555
H1 atr14 m1.2,192,2024-05-06 02:00:00+00:00,1,2308.245,2420.265,335.7099999999999,11.190333333333331
H1 atr14 m1.2,193,2024-05-21 02:00:00+00:00,-1,2420.265,2430.265,-30.35,-1.0116666666666667
H1 atr14 m1.2,194,2024-05-22 03:00:00+00:00,-1,2417.624,2346.035,214.4169999999998,7.147233333333327
H1 atr14 m1.2,195,2024-05-27 03:00:00+00:00,1,2346.035,2336.035,-30.35,-1.0116666666666667
H1 atr14 m1.2,196,2024-06-05 03:00:00+00:00,1,2333.234,2370.955,112.81300000000002,3.7604333333333337
H1 atr14 m1.2,197,2024-06-07 02:00:00+00:00,-1,2370.955,2380.955,-30.35,-1.0116666666666667
H1 atr14 m1.2,198,2024-06-11 02:00:00+00:00,-1,2302.688,2312.688,-30.35,-1.0116666666666667
H1 atr14 m1.2,199,2024-06-17 03:00:00+00:00,-1,2322.374,2324.048,-5.371999999999934,-0.17906666666666446
H1 atr14 m1.2,200,2024-06-18 01:00:00+00:00,1,2324.048,2314.048,-30.35,-1.0116666666666667
H1 atr14 m1.2,201,2024-06-20 02:00:00+00:00,1,2336.155,2326.155,-30.35,-1.0116666666666667
H1 atr14 m1.2,202,2024-06-25 02:00:00+00:00,-1,2325.708,2335.708,-30.35,-1.0116666666666667
H1 atr14 m1.2,203,2024-06-28 01:00:00+00:00,-1,2321.474,2331.474,-30.35,-1.0116666666666667
H1 atr14 m1.2,204,2024-07-02 02:00:00+00:00,1,2333.985,2323.985,-30.35,-1.0116666666666667
H1 atr14 m1.2,205,2024-07-04 02:00:00+00:00,1,2361.788,2351.788,-30.35,-1.0116666666666667
H1 atr14 m1.2,206,2024-07-08 03:00:00+00:00,-1,2382.785,2363.255,58.23999999999923,1.9413333333333076
H1 atr14 m1.2,207,2024-07-09 02:00:00+00:00,1,2363.255,2353.255,-30.35,-1.0116666666666667
H1 atr14 m1.2,208,2024-07-11 03:00:00+00:00,1,2377.265,2407.928,91.63900000000004,3.0546333333333346
H1 atr14 m1.2,209,2024-07-12 02:00:00+00:00,-1,2407.928,2417.928,-30.35,-1.0116666666666667
H1 atr14 m1.2,210,2024-07-16 03:00:00+00:00,1,2429.985,2419.985,-30.35,-1.0116666666666667
H1 atr14 m1.2,211,2024-07-26 02:00:00+00:00,1,2373.425,2441.225,203.0499999999992,6.768333333333306
H1 atr14 m1.2,212,2024-08-01 03:00:00+00:00,-1,2441.225,2451.225,-30.35,-1.0116666666666667
H1 atr14 m1.2,213,2024-08-02 01:00:00+00:00,1,2448.895,2438.895,-30.35,-1.0116666666666667
H1 atr14 m1.2,214,2024-08-05 01:00:00+00:00,-1,2421.878,2431.878,-30.35,-1.0116666666666667
H1 atr14 m1.2,215,2024-08-05 03:00:00+00:00,1,2442.634,2432.634,-30.35,-1.0116666666666667
H1 atr14 m1.2,216,2024-08-13 02:00:00+00:00,-1,2466.258,2476.258,-30.35,-1.0116666666666667
H1 atr14 m1.2,217,2024-08-15 03:00:00+00:00,1,2451.318,2441.318,-30.35,-1.0116666666666667
H1 atr14 m1.2,218,2024-08-19 02:00:00+00:00,-1,2498.105,2508.105,-30.35,-1.0116666666666667
H1 atr14 m1.2,219,2024-08-22 03:00:00+00:00,-1,2502.158,2489.875,36.498999999999704,1.2166333333333235
H1 atr14 m1.2,220,2024-08-23 01:00:00+00:00,1,2489.875,2516.955,80.88999999999979,2.6963333333333264
H1 atr14 m1.2,221,2024-08-28 02:00:00+00:00,-1,2516.955,2526.955,-30.35,-1.0116666666666667
H1 atr14 m1.2,222,2024-08-30 01:00:00+00:00,-1,2517.655,2527.655,-30.35,-1.0116666666666667
H1 atr14 m1.2,223,2024-09-18 00:00:00+00:00,1,2573.875,2563.875,-30.35,-1.0116666666666667
H1 atr14 m1.2,224,2024-09-30 02:00:00+00:00,-1,2652.565,2639.675,38.31999999999962,1.2773333333333206
H1 atr14 m1.2,225,2024-10-01 02:00:00+00:00,1,2639.675,2657.385,52.78000000000011,1.759333333333337
H1 atr14 m1.2,226,2024-10-02 01:00:00+00:00,-1,2657.385,2667.385,-30.35,-1.0116666666666667
H1 atr14 m1.2,227,2024-10-10 03:00:00+00:00,1,2615.095,2605.095,-30.35,-1.0116666666666667
H1 atr14 m1.2,228,2024-10-14 03:00:00+00:00,1,2655.025,2645.025,-30.35,-1.0116666666666667
H1 atr14 m1.2,229,2024-10-17 02:00:00+00:00,1,2682.915,2672.915,-30.35,-1.0116666666666667
H1 atr14 m1.2,230,2024-10-22 02:00:00+00:00,1,2727.925,2738.355,30.939999999999507,1.031333333333317
H1 atr14 m1.2,231,2024-10-23 02:00:00+00:00,-1,2738.355,2748.355,-30.35,-1.0116666666666667
H1 atr14 m1.2,232,2024-10-24 02:00:00+00:00,1,2723.605,2737.875,42.459999999999944,1.4153333333333316
H1 atr14 m1.2,233,2024-11-06 01:00:00+00:00,-1,2737.875,2747.875,-30.35,-1.0116666666666667
H1 atr14 m1.2,234,2024-11-13 02:00:00+00:00,1,2607.995,2597.995,-30.35,-1.0116666666666667
H1 atr14 m1.2,235,2024-11-20 00:00:00+00:00,1,2635.015,2625.015,-30.35,-1.0116666666666667
H1 atr14 m1.2,236,2024-11-25 02:00:00+00:00,-1,2701.075,2644.775,168.5499999999992,5.6183333333333065
H1 atr14 m1.2,237,2024-11-29 02:00:00+00:00,1,2644.775,2634.775,-30.35,-1.0116666666666667
H1 atr14 m1.2,238,2024-12-09 02:00:00+00:00,1,2646.645,2636.645,-30.35,-1.0116666666666667
H1 atr14 m1.2,239,2024-12-10 02:00:00+00:00,1,2667.305,2710.855,130.30000000000055,4.3433333333333515
H1 atr14 m1.2,240,2024-12-12 02:00:00+00:00,-1,2710.855,2689.775,62.88999999999977,2.096333333333326
H1 atr14 m1.2,241,2024-12-13 02:00:00+00:00,1,2689.775,2679.775,-30.35,-1.0116666666666667
H1 atr14 m1.2,242,2024-12-17 02:00:00+00:00,1,2657.725,2647.725,-30.35,-1.0116666666666667
H1 atr14 m1.2,243,2024-12-19 02:00:00+00:00,1,2611.595,2601.595,-30.35,-1.0116666666666667
H1 atr14 m1.2,244,2024-12-20 02:00:00+00:00,1,2603.655,2669.935,198.48999999999924,6.616333333333308
H1 atr14 m1.2,245,2025-01-15 02:00:00+00:00,-1,2669.935,2679.935,-30.35,-1.0116666666666667
H1 atr14 m1.2,246,2025-01-23 02:00:00+00:00,-1,2752.598,2762.598,-30.35,-1.0116666666666667
H1 atr14 m1.2,247,2025-02-10 02:00:00+00:00,1,2871.695,2892.085,60.81999999999961,2.02733333333332
H1 atr14 m1.2,248,2025-02-12 01:00:00+00:00,-1,2892.085,2902.085,-30.35,-1.0116666666666667
H1 atr14 m1.2,249,2025-02-17 02:00:00+00:00,1,2895.385,2928.495,98.97999999999902,3.299333333333301
H1 atr14 m1.2,250,2025-02-21 02:00:00+00:00,-1,2928.495,2938.495,-30.35,-1.0116666666666667
H1 atr14 m1.2,251,2025-02-24 02:00:00+00:00,-1,2927.845,2937.845,-30.35,-1.0116666666666667
H1 atr14 m1.2,252,2025-02-24 03:00:00+00:00,1,2940.645,2930.645,-30.35,-1.0116666666666667
H1 atr14 m1.2,253,2025-02-27 03:00:00+00:00,-1,2906.585,2916.585,-30.35,-1.0116666666666667
H1 atr14 m1.2,254,2025-03-07 01:00:00+00:00,-1,2904.565,2914.565,-30.35,-1.0116666666666667
H1 atr14 m1.2,255,2025-03-11 03:00:00+00:00,1,2898.895,3035.745,410.1999999999997,13.673333333333323
H1 atr14 m1.2,256,2025-03-21 02:00:00+00:00,-1,3035.745,3025.145,31.449999999999726,1.0483333333333242
H1 atr14 m1.2,257,2025-03-27 01:00:00+00:00,1,3025.145,3078.748,160.45900000000017,5.348633333333339
H1 atr14 m1.2,258,2025-03-31 01:00:00+00:00,-1,3078.748,3088.748,-30.35,-1.0116666666666667
H1 atr14 m1.2,259,2025-03-31 02:00:00+00:00,1,3094.605,3084.605,-30.35,-1.0116666666666667
H1 atr14 m1.2,260,2025-04-07 02:00:00+00:00,1,3037.845,3027.845,-30.35,-1.0116666666666667
H1 atr14 m1.2,261,2025-04-08 02:00:00+00:00,1,2999.675,2989.675,-30.35,-1.0116666666666667
H1 atr14 m1.2,262,2025-04-09 02:00:00+00:00,1,3007.912,3323.635,946.8190000000011,31.56063333333337
H1 atr14 m1.2,263,2025-04-17 02:00:00+00:00,-1,3323.635,3333.635,-30.35,-1.0116666666666667
H1 atr14 m1.2,264,2025-04-23 01:00:00+00:00,1,3367.665,3357.665,-30.35,-1.0116666666666667
H1 atr14 m1.2,265,2025-04-24 00:00:00+00:00,1,3316.165,3306.165,-30.35,-1.0116666666666667
H1 atr14 m1.2,266,2025-04-28 02:00:00+00:00,-1,3281.135,3291.135,-30.35,-1.0116666666666667
H1 atr14 m1.2,267,2025-04-29 01:00:00+00:00,-1,3329.555,3247.775,244.98999999999924,8.166333333333307
H1 atr14 m1.2,268,2025-05-05 00:00:00+00:00,1,3247.775,3290.855,128.8899999999998,4.296333333333326
H1 atr14 m1.2,269,2025-05-09 02:00:00+00:00,-1,3290.855,3300.855,-30.35,-1.0116666666666667
H1 atr14 m1.2,270,2025-05-14 02:00:00+00:00,-1,3238.405,3248.405,-30.35,-1.0116666666666667
H1 atr14 m1.2,271,2025-05-16 02:00:00+00:00,-1,3221.965,3231.965,-30.35,-1.0116666666666667
H1 atr14 m1.2,272,2025-05-19 02:00:00+00:00,-1,3218.095,3228.095,-30.35,-1.0116666666666667
H1 atr14 m1.2,273,2025-05-20 00:00:00+00:00,-1,3222.225,3232.225,-30.35,-1.0116666666666667
H1 atr14 m1.2,274,2025-05-27 02:00:00+00:00,-1,3335.648,3345.648,-30.35,-1.0116666666666667
H1 atr14 m1.2,275,2025-05-28 00:00:00+00:00,1,3309.148,3299.148,-30.35,-1.0116666666666667
H1 atr14 m1.2,276,2025-05-30 02:00:00+00:00,-1,3309.625,3319.625,-30.35,-1.0116666666666667
H1 atr14 m1.2,277,2025-06-03 02:00:00+00:00,-1,3372.465,3382.465,-30.35,-1.0116666666666667
H1 atr14 m1.2,278,2025-06-11 03:00:00+00:00,1,3337.965,3327.965,-30.35,-1.0116666666666667
H1 atr14 m1.2,279,2025-06-17 00:00:00+00:00,1,3402.635,3392.635,-30.35,-1.0116666666666667
H1 atr14 m1.2,280,2025-06-19 01:00:00+00:00,1,3379.205,3369.205,-30.35,-1.0116666666666667
H1 atr14 m1.2,281,2025-06-20 02:00:00+00:00,-1,3356.198,3366.198,-30.35,-1.0116666666666667
H1 atr14 m1.2,282,2025-06-23 01:00:00+00:00,-1,3365.435,3375.435,-30.35,-1.0116666666666667
H1 atr14 m1.2,283,2025-06-30 03:00:00+00:00,1,3279.965,3349.115,207.0999999999989,6.903333333333296
H1 atr14 m1.2,284,2025-07-03 00:00:00+00:00,-1,3349.115,3359.115,-30.35,-1.0116666666666667
H1 atr14 m1.2,285,2025-07-09 03:00:00+00:00,-1,3288.145,3298.145,-30.35,-1.0116666666666667
H1 atr14 m1.2,286,2025-07-11 01:00:00+00:00,1,3329.858,3358.295,84.9609999999997,2.832033333333323
H1 atr14 m1.2,287,2025-07-14 02:00:00+00:00,-1,3358.295,3368.295,-30.35,-1.0116666666666667
H1 atr14 m1.2,288,2025-07-17 01:00:00+00:00,-1,3340.515,3350.515,-30.35,-1.0116666666666667
H1 atr14 m1.2,289,2025-07-21 02:00:00+00:00,1,3356.335,3385.675,87.67000000000044,2.922333333333348
H1 atr14 m1.2,290,2025-07-22 02:00:00+00:00,-1,3385.675,3395.675,-30.35,-1.0116666666666667
H1 atr14 m1.2,291,2025-07-23 02:00:00+00:00,-1,3420.885,3430.885,-30.35,-1.0116666666666667
H1 atr14 m1.2,292,2025-07-28 03:00:00+00:00,1,3335.395,3325.395,-30.35,-1.0116666666666667
H1 atr14 m1.2,293,2025-07-31 00:00:00+00:00,1,3285.045,3382.969,293.4219999999999,9.78073333333333
H1 atr14 m1.2,294,2025-08-08 02:00:00+00:00,-1,3382.969,3392.969,-30.35,-1.0116666666666667
H1 atr14 m1.2,295,2025-08-14 00:00:00+00:00,1,3362.565,3352.565,-30.35,-1.0116666666666667
H1 atr14 m1.2,296,2025-08-18 01:00:00+00:00,1,3340.375,3330.375,-30.35,-1.0116666666666667
H1 atr14 m1.2,297,2025-08-21 01:00:00+00:00,-1,3342.095,3352.095,-30.35,-1.0116666666666667
H1 atr14 m1.2,298,2025-08-25 02:00:00+00:00,-1,3362.648,3372.648,-30.35,-1.0116666666666667
H1 atr14 m1.2,299,2025-08-26 01:00:00+00:00,1,3383.039,3373.039,-30.35,-1.0116666666666667
H1 atr14 m1.2,300,2025-08-28 02:00:00+00:00,-1,3385.745,3395.745,-30.35,-1.0116666666666667
H1 atr14 m1.2,301,2025-08-29 02:00:00+00:00,-1,3409.699,3419.699,-30.35,-1.0116666666666667
H1 atr14 m1.2,302,2025-09-02 02:00:00+00:00,1,3497.265,3487.265,-30.35,-1.0116666666666667
H1 atr14 m1.2,303,2025-09-15 03:00:00+00:00,1,3640.845,3630.845,-30.35,-1.0116666666666667
H1 atr14 m1.2,304,2025-09-23 03:00:00+00:00,-1,3741.575,3751.575,-30.35,-1.0116666666666667
H1 atr14 m1.2,305,2025-09-29 01:00:00+00:00,1,3786.895,4313.735,1580.1699999999992,52.672333333333306
H1 atr14 m1.2,306,2025-10-17 02:00:00+00:00,-1,4313.735,4323.735,-30.35,-1.0116666666666667
H1 atr14 m1.2,307,2025-10-21 03:00:00+00:00,-1,4338.495,4114.455,671.7699999999999,22.39233333333333
H1 atr14 m1.2,308,2025-10-22 03:00:00+00:00,1,4114.455,4104.455,-30.35,-1.0116666666666667
H1 atr14 m1.2,309,2025-10-24 03:00:00+00:00,-1,4109.348,4119.348,-30.35,-1.0116666666666667
H1 atr14 m1.2,310,2025-10-29 01:00:00+00:00,1,3975.045,3965.045,-30.35,-1.0116666666666667
H1 atr14 m1.2,311,2025-11-03 03:00:00+00:00,1,4003.865,3993.865,-30.35,-1.0116666666666667
H1 atr14 m1.2,312,2025-11-04 00:00:00+00:00,-1,3996.975,4006.975,-30.35,-1.0116666666666667
H1 atr14 m1.2,313,2025-11-07 02:00:00+00:00,1,4001.475,3991.475,-30.35,-1.0116666666666667
H1 atr14 m1.2,314,2025-11-14 00:00:00+00:00,1,4185.795,4175.795,-30.35,-1.0116666666666667
H1 atr14 m1.2,315,2025-11-20 00:00:00+00:00,1,4104.265,4094.2650000000003,-30.35,-1.0116666666666667
H1 atr14 m1.2,316,2025-11-20 02:00:00+00:00,-1,4081.085,4091.085,-30.35,-1.0116666666666667
H1 atr14 m1.2,317,2025-11-24 02:00:00+00:00,-1,4043.805,4053.805,-30.35,-1.0116666666666667
H1 atr14 m1.2,318,2025-11-27 03:00:00+00:00,-1,4145.235,4155.235,-30.35,-1.0116666666666667
H1 atr14 m1.2,319,2025-12-11 03:00:00+00:00,-1,4221.975,4231.975,-30.35,-1.0116666666666667
H1 atr14 m1.2,320,2025-12-15 00:00:00+00:00,1,4302.155,4292.155,-30.35,-1.0116666666666667
H1 atr14 m1.2,321,2025-12-17 02:00:00+00:00,1,4326.475,4316.475,-30.35,-1.0116666666666667
H1 atr14 m1.2,322,2025-12-24 03:00:00+00:00,-1,4477.185,4487.185,-30.35,-1.0116666666666667
H1 atr14 m1.2,323,2025-12-26 00:00:00+00:00,1,4494.875,4484.875,-30.35,-1.0116666666666667
H1 atr14 m1.2,324,2025-12-31 02:00:00+00:00,1,4365.698,4355.698,-30.35,-1.0116666666666667
H1 atr14 m1.2,325,2026-01-02 00:00:00+00:00,1,4347.798,4337.798,-30.35,-1.0116666666666667
H1 atr14 m1.2,326,2026-01-05 00:00:00+00:00,1,4372.275,4465.255,278.59000000000134,9.286333333333378
H1 atr14 m1.2,327,2026-01-07 02:00:00+00:00,-1,4465.255,4475.255,-30.35,-1.0116666666666667
H1 atr14 m1.2,328,2026-01-08 03:00:00+00:00,-1,4440.965,4450.965,-30.35,-1.0116666666666667
H1 atr14 m1.2,329,2026-01-12 00:00:00+00:00,1,4539.775,4614.935,225.1300000000023,7.50433333333341
H1 atr14 m1.2,330,2026-01-15 00:00:00+00:00,-1,4614.935,4624.935,-30.35,-1.0116666666666667
H1 atr14 m1.2,331,2026-01-19 00:00:00+00:00,1,4672.375,4662.375,-30.35,-1.0116666666666667
H1 atr14 m1.2,332,2026-01-27 03:00:00+00:00,1,5072.345,5062.345,-30.35,-1.0116666666666667
H1 atr14 m1.2,333,2026-01-30 02:00:00+00:00,-1,5300.098,4781.445,1555.6090000000008,51.85363333333336
H1 atr14 m1.2,334,2026-02-03 01:00:00+00:00,1,4781.445,4771.445,-30.35,-1.0116666666666667
H1 atr14 m1.2,335,2026-02-05 03:00:00+00:00,-1,4810.768,4820.768,-30.35,-1.0116666666666667
H1 atr14 m1.2,336,2026-02-06 03:00:00+00:00,1,4815.905,5031.095,645.2200000000015,21.507333333333385
H1 atr14 m1.2,337,2026-02-10 00:00:00+00:00,-1,5031.095,5041.095,-30.35,-1.0116666666666667
H1 atr14 m1.2,338,2026-02-11 03:00:00+00:00,1,5055.435,5045.435,-30.35,-1.0116666666666667
H1 atr14 m1.2,339,2026-02-13 02:00:00+00:00,1,4980.445,4970.445,-30.35,-1.0116666666666667
H1 atr14 m1.2,340,2026-02-16 03:00:00+00:00,-1,4994.405,5004.405,-30.35,-1.0116666666666667
H1 atr14 m1.2,341,2026-02-19 01:00:00+00:00,-1,4960.985,4970.985,-30.35,-1.0116666666666667
H1 atr14 m1.2,342,2026-02-24 02:00:00+00:00,-1,5177.125,5187.125,-30.35,-1.0116666666666667
H1 atr14 m1.2,343,2026-02-26 02:00:00+00:00,1,5191.195,5181.195,-30.35,-1.0116666666666667
H1 atr14 m1.2,344,2026-03-02 02:00:00+00:00,-1,5324.595,5334.595,-30.35,-1.0116666666666667
H1 atr14 m1.2,345,2026-03-05 01:00:00+00:00,1,5172.615,5162.615,-30.35,-1.0116666666666667
H1 atr14 m1.2,346,2026-03-06 02:00:00+00:00,1,5134.315,5124.315,-30.35,-1.0116666666666667
H1 atr14 m1.2,347,2026-03-13 01:00:00+00:00,1,5113.485,5103.485,-30.35,-1.0116666666666667
H1 atr14 m1.2,348,2026-03-17 02:00:00+00:00,1,5027.695,5017.695,-30.35,-1.0116666666666667
H1 atr14 m1.2,349,2026-03-19 03:00:00+00:00,1,4858.435,4848.435,-30.35,-1.0116666666666667
H1 atr14 m1.2,350,2026-03-27 03:00:00+00:00,1,4431.925,4421.925,-30.35,-1.0116666666666667
H1 atr14 m1.2,351,2026-03-31 01:00:00+00:00,1,4547.025,4537.025,-30.35,-1.0116666666666667
H1 atr14 m1.2,352,2026-04-02 02:00:00+00:00,-1,4696.108,4706.108,-30.35,-1.0116666666666667
H1 atr14 m1.2,353,2026-04-13 01:00:00+00:00,1,4694.795,4823.985,387.2199999999988,12.907333333333293
H1 atr14 m1.2,354,2026-04-15 03:00:00+00:00,-1,4823.985,4833.985,-30.35,-1.0116666666666667
H1 atr14 m1.2,355,2026-04-16 00:00:00+00:00,1,4822.995,4812.995,-30.35,-1.0116666666666667
H1 atr14 m1.2,356,2026-04-20 02:00:00+00:00,1,4807.415,4797.415,-30.35,-1.0116666666666667
H1 atr14 m1.2,357,2026-04-22 00:00:00+00:00,1,4737.765,4727.765,-30.35,-1.0116666666666667
H1 atr14 m1.2,358,2026-04-23 01:00:00+00:00,1,4747.485,4737.485,-30.35,-1.0116666666666667
H1 atr14 m1.2,359,2026-04-23 03:00:00+00:00,-1,4698.695,4708.695,-30.35,-1.0116666666666667
H1 atr14 m1.2,360,2026-04-27 02:00:00+00:00,1,4702.445,4692.445,-30.35,-1.0116666666666667
H1 atr14 m1.2,361,2026-04-28 00:00:00+00:00,1,4691.855,4681.855,-30.35,-1.0116666666666667
H1 atr14 m1.2,362,2026-04-28 02:00:00+00:00,-1,4670.295,4561.325,326.56000000000074,10.885333333333358
H1 atr14 m1.2,363,2026-04-30 00:00:00+00:00,1,4561.325,4551.325,-30.35,-1.0116666666666667
H1 atr14 m1.2,364,2026-05-06 00:00:00+00:00,1,4593.735,4726.875,399.0700000000009,13.302333333333364
H1 atr14 m1.2,365,2026-05-12 02:00:00+00:00,-1,4726.875,4704.765,65.97999999999902,2.1993333333333007
H1 atr14 m1.2,366,2026-05-14 01:00:00+00:00,1,4704.765,4694.765,-30.35,-1.0116666666666667
H1 atr14 m1.2,367,2026-05-19 03:00:00+00:00,-1,4546.975,4556.975,-30.35,-1.0116666666666667
H1 atr14 m1.2,368,2026-05-26 01:00:00+00:00,-1,4549.395,4519.228,90.15100000000112,3.0050333333333707
H1 atr14 m1.2,369,2026-05-27 00:00:00+00:00,1,4519.228,4509.228,-30.35,-1.0116666666666667
H1 atr14 m1.2,370,2026-05-28 02:00:00+00:00,-1,4409.668,4419.668,-30.35,-1.0116666666666667
H1 atr14 m1.2,371,2026-06-04 02:00:00+00:00,1,4465.395,4455.395,-30.35,-1.0116666666666667
H1 atr14 m1.2,372,2026-06-11 02:00:00+00:00,1,4101.765,4091.7650000000003,-30.35,-1.0116666666666667
H1 atr14 m1.2,373,2026-06-12 02:00:00+00:00,-1,4186.318,4196.318,-30.35,-1.0116666666666667
H1 atr14 m1.2,374,2026-06-18 01:00:00+00:00,1,4308.098,4298.098,-30.35,-1.0116666666666667
H1 atr14 m1.2,375,2026-06-22 00:00:00+00:00,-1,4140.015,4150.015,-30.35,-1.0116666666666667
H1 atr14 m1.2,376,2026-06-22 01:00:00+00:00,1,4200.655,4190.655,-30.35,-1.0116666666666667
H1 atr14 m1.2,377,2026-06-25 00:00:00+00:00,1,4012.185,4002.185,-30.35,-1.0116666666666667
H1 atr20 m1.2,0,2021-01-06 03:00:00+00:00,-1,1943.968,1953.968,-30.35,-1.0116666666666667
H1 atr20 m1.2,1,2021-01-18 02:00:00+00:00,1,1825.098,1848.825,70.83100000000027,2.3610333333333426
H1 atr20 m1.2,2,2021-01-27 01:00:00+00:00,-1,1848.825,1858.825,-30.35,-1.0116666666666667
H1 atr20 m1.2,3,2021-02-01 00:00:00+00:00,1,1855.897,1856.847,2.5000000000001363,0.08333333333333788
H1 atr20 m1.2,4,2021-02-02 01:00:00+00:00,-1,1856.847,1826.875,89.56599999999995,2.9855333333333314
H1 atr20 m1.2,5,2021-02-15 02:00:00+00:00,1,1826.875,1816.875,-30.35,-1.0116666666666667
H1 atr20 m1.2,6,2021-02-16 02:00:00+00:00,1,1824.652,1814.652,-30.35,-1.0116666666666667
H1 atr20 m1.2,7,2021-02-18 03:00:00+00:00,1,1782.998,1772.998,-30.35,-1.0116666666666667
H1 atr20 m1.2,8,2021-02-24 02:00:00+00:00,1,1811.835,1801.835,-30.35,-1.0116666666666667
H1 atr20 m1.2,9,2021-02-25 02:00:00+00:00,-1,1796.855,1731.979,194.2779999999999,6.47593333333333
H1 atr20 m1.2,10,2021-03-16 02:00:00+00:00,1,1731.979,1721.979,-30.35,-1.0116666666666667
H1 atr20 m1.2,11,2021-03-23 02:00:00+00:00,-1,1733.368,1731.978,3.819999999999618,0.1273333333333206
H1 atr20 m1.2,12,2021-03-24 03:00:00+00:00,1,1731.978,1721.978,-30.35,-1.0116666666666667
H1 atr20 m1.2,13,2021-04-07 02:00:00+00:00,-1,1737.158,1747.158,-30.35,-1.0116666666666667
H1 atr20 m1.2,14,2021-04-12 02:00:00+00:00,-1,1739.228,1735.728,10.15,0.3383333333333333
H1 atr20 m1.2,15,2021-04-13 03:00:00+00:00,1,1735.728,1725.728,-30.35,-1.0116666666666667
H1 atr20 m1.2,16,2021-04-16 01:00:00+00:00,-1,1762.548,1772.548,-30.35,-1.0116666666666667
H1 atr20 m1.2,17,2021-04-19 01:00:00+00:00,1,1782.038,1772.038,-30.35,-1.0116666666666667
H1 atr20 m1.2,18,2021-04-23 02:00:00+00:00,1,1788.568,1778.568,-30.35,-1.0116666666666667
H1 atr20 m1.2,19,2021-04-26 02:00:00+00:00,1,1780.495,1770.495,-30.35,-1.0116666666666667
H1 atr20 m1.2,20,2021-04-27 02:00:00+00:00,-1,1774.985,1784.985,-30.35,-1.0116666666666667
H1 atr20 m1.2,21,2021-04-30 03:00:00+00:00,-1,1767.568,1777.568,-30.35,-1.0116666666666667
H1 atr20 m1.2,22,2021-05-05 03:00:00+00:00,1,1781.048,1771.048,-30.35,-1.0116666666666667
H1 atr20 m1.2,23,2021-05-12 02:00:00+00:00,-1,1830.178,1840.178,-30.35,-1.0116666666666667
H1 atr20 m1.2,24,2021-05-21 00:00:00+00:00,-1,1873.928,1883.928,-30.35,-1.0116666666666667
H1 atr20 m1.2,25,2021-05-25 00:00:00+00:00,-1,1877.358,1887.358,-30.35,-1.0116666666666667
H1 atr20 m1.2,26,2021-06-01 00:00:00+00:00,1,1907.978,1897.978,-30.35,-1.0116666666666667
H1 atr20 m1.2,27,2021-06-07 02:00:00+00:00,-1,1887.028,1897.028,-30.35,-1.0116666666666667
H1 atr20 m1.2,28,2021-06-08 03:00:00+00:00,-1,1896.148,1824.238,215.37999999999957,7.179333333333319
H1 atr20 m1.2,29,2021-06-17 03:00:00+00:00,1,1824.238,1814.238,-30.35,-1.0116666666666667
H1 atr20 m1.2,30,2021-06-18 02:00:00+00:00,1,1784.498,1774.498,-30.35,-1.0116666666666667
H1 atr20 m1.2,31,2021-06-21 01:00:00+00:00,1,1773.098,1773.238,0.0700000000003001,0.002333333333343337
H1 atr20 m1.2,32,2021-06-28 02:00:00+00:00,-1,1773.238,1783.238,-30.35,-1.0116666666666667
H1 atr20 m1.2,33,2021-07-07 02:00:00+00:00,1,1802.288,1805.428,9.0700000000003,0.30233333333334333
H1 atr20 m1.2,34,2021-07-12 02:00:00+00:00,-1,1805.428,1815.428,-30.35,-1.0116666666666667
H1 atr20 m1.2,35,2021-07-14 00:00:00+00:00,-1,1805.948,1811.648,-17.449999999999456,-0.5816666666666486
H1 atr20 m1.2,36,2021-07-14 03:00:00+00:00,1,1811.648,1826.258,43.48000000000038,1.449333333333346
H1 atr20 m1.2,37,2021-07-16 02:00:00+00:00,-1,1826.258,1804.698,64.32999999999984,2.144333333333328
H1 atr20 m1.2,38,2021-07-28 03:00:00+00:00,1,1804.698,1794.698,-30.35,-1.0116666666666667
H1 atr20 m1.2,39,2021-08-03 00:00:00+00:00,-1,1812.525,1822.525,-30.35,-1.0116666666666667
H1 atr20 m1.2,40,2021-08-09 00:00:00+00:00,1,1718.975,1781.738,187.93900000000045,6.264633333333348
H1 atr20 m1.2,41,2021-08-19 02:00:00+00:00,-1,1781.738,1791.738,-30.35,-1.0116666666666667
H1 atr20 m1.2,42,2021-08-23 02:00:00+00:00,1,1785.488,1813.488,83.65,2.7883333333333336
H1 atr20 m1.2,43,2021-08-30 03:00:00+00:00,-1,1813.488,1812.838,1.6000000000002728,0.05333333333334243
H1 atr20 m1.2,44,2021-09-03 02:00:00+00:00,1,1812.838,1825.618,37.98999999999992,1.2663333333333306
H1 atr20 m1.2,45,2021-09-06 01:00:00+00:00,-1,1825.618,1825.918,-1.2499999999998637,-0.04166666666666212
H1 atr20 m1.2,46,2021-09-07 01:00:00+00:00,1,1825.918,1815.918,-30.35,-1.0116666666666667
H1 atr20 m1.2,47,2021-09-08 01:00:00+00:00,1,1798.266,1788.266,-30.35,-1.0116666666666667
H1 atr20 m1.2,48,2021-09-14 02:00:00+00:00,-1,1790.748,1800.748,-30.35,-1.0116666666666667
H1 atr20 m1.2,49,2021-09-22 03:00:00+00:00,1,1778.648,1768.648,-30.35,-1.0116666666666667
H1 atr20 m1.2,50,2021-09-24 02:00:00+00:00,1,1750.178,1740.178,-30.35,-1.0116666666666667
H1 atr20 m1.2,51,2021-09-29 03:00:00+00:00,1,1739.968,1729.968,-30.35,-1.0116666666666667
H1 atr20 m1.2,52,2021-09-30 01:00:00+00:00,1,1730.178,1752.968,68.0199999999999,2.26733333333333
H1 atr20 m1.2,53,2021-10-01 00:00:00+00:00,-1,1752.968,1762.968,-30.35,-1.0116666666666667
H1 atr20 m1.2,54,2021-10-04 03:00:00+00:00,-1,1758.938,1768.938,-30.35,-1.0116666666666667
H1 atr20 m1.2,55,2021-10-05 03:00:00+00:00,-1,1761.828,1759.575,6.4089999999997875,0.21363333333332626
H1 atr20 m1.2,56,2021-10-08 03:00:00+00:00,1,1759.575,1788.314,85.8670000000001,2.8622333333333367
H1 atr20 m1.2,57,2021-10-27 03:00:00+00:00,-1,1788.314,1798.314,-30.35,-1.0116666666666667
H1 atr20 m1.2,58,2021-11-01 02:00:00+00:00,1,1784.438,1774.438,-30.35,-1.0116666666666667
H1 atr20 m1.2,59,2021-11-10 03:00:00+00:00,-1,1827.073,1837.073,-30.35,-1.0116666666666667
H1 atr20 m1.2,60,2021-11-12 03:00:00+00:00,-1,1856.774,1866.774,-30.35,-1.0116666666666667
H1 atr20 m1.2,61,2021-11-15 02:00:00+00:00,-1,1860.348,1870.348,-30.35,-1.0116666666666667
H1 atr20 m1.2,62,2021-11-17 02:00:00+00:00,1,1855.568,1845.568,-30.35,-1.0116666666666667
H1 atr20 m1.2,63,2021-11-24 00:00:00+00:00,1,1790.708,1780.708,-30.35,-1.0116666666666667
H1 atr20 m1.2,64,2021-11-26 03:00:00+00:00,1,1794.055,1784.055,-30.35,-1.0116666666666667
H1 atr20 m1.2,65,2021-11-29 00:00:00+00:00,1,1795.405,1785.405,-30.35,-1.0116666666666667
H1 atr20 m1.2,66,2021-12-03 01:00:00+00:00,1,1771.488,1761.488,-30.35,-1.0116666666666667
H1 atr20 m1.2,67,2021-12-20 03:00:00+00:00,1,1801.885,1791.885,-30.35,-1.0116666666666667
H1 atr20 m1.2,68,2022-01-04 02:00:00+00:00,1,1805.044,1795.044,-30.35,-1.0116666666666667
H1 atr20 m1.2,69,2022-01-19 03:00:00+00:00,-1,1811.598,1821.598,-30.35,-1.0116666666666667
H1 atr20 m1.2,70,2022-01-24 02:00:00+00:00,1,1835.998,1825.998,-30.35,-1.0116666666666667
H1 atr20 m1.2,71,2022-02-14 03:00:00+00:00,-1,1854.668,1864.668,-30.35,-1.0116666666666667
H1 atr20 m1.2,72,2022-02-18 02:00:00+00:00,-1,1890.118,1900.118,-30.35,-1.0116666666666667
H1 atr20 m1.2,73,2022-02-21 02:00:00+00:00,-1,1895.538,1905.538,-30.35,-1.0116666666666667
H1 atr20 m1.2,74,2022-02-28 00:00:00+00:00,1,1910.038,1900.038,-30.35,-1.0116666666666667
H1 atr20 m1.2,75,2022-03-02 01:00:00+00:00,-1,1935.048,1945.048,-30.35,-1.0116666666666667
H1 atr20 m1.2,76,2022-03-03 01:00:00+00:00,1,1929.058,1933.693,13.554999999999973,0.4518333333333324
H1 atr20 m1.2,77,2022-03-04 02:00:00+00:00,-1,1933.693,1943.693,-30.35,-1.0116666666666667
H1 atr20 m1.2,78,2022-03-08 02:00:00+00:00,-1,1984.838,1994.838,-30.35,-1.0116666666666667
H1 atr20 m1.2,79,2022-03-14 00:00:00+00:00,-1,1974.148,1927.948,138.24999999999946,4.608333333333316
H1 atr20 m1.2,80,2022-03-21 02:00:00+00:00,1,1927.948,1917.948,-30.35,-1.0116666666666667
H1 atr20 m1.2,81,2022-03-28 02:00:00+00:00,-1,1945.84,1955.84,-30.35,-1.0116666666666667
H1 atr20 m1.2,82,2022-04-27 00:00:00+00:00,1,1906.458,1896.458,-30.35,-1.0116666666666667
H1 atr20 m1.2,83,2022-05-09 02:00:00+00:00,-1,1878.188,1860.068,54.01000000000035,1.800333333333345
H1 atr20 m1.2,84,2022-05-10 03:00:00+00:00,1,1860.068,1850.068,-30.35,-1.0116666666666667
H1 atr20 m1.2,85,2022-05-25 02:00:00+00:00,-1,1861.153,1856.563,13.419999999999755,0.44733333333332514
H1 atr20 m1.2,86,2022-05-30 02:00:00+00:00,1,1856.563,1846.563,-30.35,-1.0116666666666667
H1 atr20 m1.2,87,2022-06-06 03:00:00+00:00,1,1854.408,1844.408,-30.35,-1.0116666666666667
H1 atr20 m1.2,88,2022-06-08 02:00:00+00:00,-1,1849.053,1859.053,-30.35,-1.0116666666666667
H1 atr20 m1.2,89,2022-06-13 02:00:00+00:00,-1,1862.568,1823.908,115.63000000000025,3.854333333333342
H1 atr20 m1.2,90,2022-06-14 01:00:00+00:00,1,1823.908,1813.908,-30.35,-1.0116666666666667
H1 atr20 m1.2,91,2022-06-15 02:00:00+00:00,1,1815.678,1846.563,92.30499999999996,3.076833333333332
H1 atr20 m1.2,92,2022-06-17 01:00:00+00:00,-1,1846.563,1841.448,14.995000000000028,0.49983333333333424
H1 atr20 m1.2,93,2022-06-21 02:00:00+00:00,1,1841.448,1831.448,-30.35,-1.0116666666666667
H1 atr20 m1.2,94,2022-06-23 01:00:00+00:00,-1,1835.463,1845.463,-30.35,-1.0116666666666667
H1 atr20 m1.2,95,2022-06-27 01:00:00+00:00,-1,1828.908,1838.908,-30.35,-1.0116666666666667
H1 atr20 m1.2,96,2022-07-05 02:00:00+00:00,1,1811.618,1801.618,-30.35,-1.0116666666666667
H1 atr20 m1.2,97,2022-07-07 01:00:00+00:00,1,1741.838,1731.838,-30.35,-1.0116666666666667
H1 atr20 m1.2,98,2022-07-18 00:00:00+00:00,1,1710.138,1700.138,-30.35,-1.0116666666666667
H1 atr20 m1.2,99,2022-07-26 02:00:00+00:00,1,1726.908,1716.908,-30.35,-1.0116666666666667
H1 atr20 m1.2,100,2022-08-03 02:00:00+00:00,1,1764.623,1754.623,-30.35,-1.0116666666666667
H1 atr20 m1.2,101,2022-08-09 02:00:00+00:00,-1,1783.694,1793.694,-30.35,-1.0116666666666667
H1 atr20 m1.2,102,2022-08-15 03:00:00+00:00,-1,1796.178,1713.444,247.85200000000043,8.261733333333348
H1 atr20 m1.2,103,2022-09-09 01:00:00+00:00,1,1713.444,1703.444,-30.35,-1.0116666666666667
H1 atr20 m1.2,104,2022-09-19 02:00:00+00:00,-1,1671.538,1681.538,-30.35,-1.0116666666666667
H1 atr20 m1.2,105,2022-09-27 01:00:00+00:00,1,1630.618,1620.618,-30.35,-1.0116666666666667
H1 atr20 m1.2,106,2022-10-03 02:00:00+00:00,1,1668.848,1658.848,-30.35,-1.0116666666666667
H1 atr20 m1.2,107,2022-10-17 02:00:00+00:00,1,1651.838,1641.838,-30.35,-1.0116666666666667
H1 atr20 m1.2,108,2022-10-24 02:00:00+00:00,-1,1653.577,1663.577,-30.35,-1.0116666666666667
H1 atr20 m1.2,109,2022-10-28 02:00:00+00:00,1,1666.097,1656.097,-30.35,-1.0116666666666667
H1 atr20 m1.2,110,2022-11-01 02:00:00+00:00,1,1637.187,1627.187,-30.35,-1.0116666666666667
H1 atr20 m1.2,111,2022-11-07 00:00:00+00:00,-1,1672.698,1682.698,-30.35,-1.0116666666666667
H1 atr20 m1.2,112,2022-11-09 02:00:00+00:00,-1,1706.917,1716.917,-30.35,-1.0116666666666667
H1 atr20 m1.2,113,2022-11-11 02:00:00+00:00,-1,1747.408,1757.408,-30.35,-1.0116666666666667
H1 atr20 m1.2,114,2022-11-22 01:00:00+00:00,1,1740.638,1730.638,-30.35,-1.0116666666666667
H1 atr20 m1.2,115,2022-11-28 02:00:00+00:00,-1,1746.677,1756.677,-30.35,-1.0116666666666667
H1 atr20 m1.2,116,2022-11-29 02:00:00+00:00,1,1746.148,1782.138,107.62000000000003,3.5873333333333344
H1 atr20 m1.2,117,2022-12-08 02:00:00+00:00,-1,1782.138,1792.138,-30.35,-1.0116666666666667
H1 atr20 m1.2,118,2022-12-09 02:00:00+00:00,1,1794.108,1784.108,-30.35,-1.0116666666666667
H1 atr20 m1.2,119,2022-12-13 03:00:00+00:00,1,1785.625,1775.625,-30.35,-1.0116666666666667
H1 atr20 m1.2,120,2022-12-22 01:00:00+00:00,1,1818.498,1808.498,-30.35,-1.0116666666666667
H1 atr20 m1.2,121,2022-12-23 00:00:00+00:00,1,1793.435,1925.665,396.34000000000003,13.211333333333334
H1 atr20 m1.2,122,2023-01-27 03:00:00+00:00,-1,1925.665,1935.665,-30.35,-1.0116666666666667
H1 atr20 m1.2,123,2023-02-06 02:00:00+00:00,1,1872.648,1862.648,-30.35,-1.0116666666666667
H1 atr20 m1.2,124,2023-02-15 02:00:00+00:00,1,1858.797,1848.797,-30.35,-1.0116666666666667
H1 atr20 m1.2,125,2023-02-16 02:00:00+00:00,1,1841.295,1831.295,-30.35,-1.0116666666666667
H1 atr20 m1.2,126,2023-02-23 03:00:00+00:00,1,1829.575,1819.575,-30.35,-1.0116666666666667
H1 atr20 m1.2,127,2023-02-24 01:00:00+00:00,1,1826.335,1816.335,-30.35,-1.0116666666666667
H1 atr20 m1.2,128,2023-03-01 01:00:00+00:00,-1,1823.365,1829.045,-17.390000000000192,-0.5796666666666731
H1 atr20 m1.2,129,2023-03-01 02:00:00+00:00,1,1829.045,1833.025,11.590000000000055,0.38633333333333514
H1 atr20 m1.2,130,2023-03-02 02:00:00+00:00,-1,1833.025,1843.025,-30.35,-1.0116666666666667
H1 atr20 m1.2,131,2023-03-07 03:00:00+00:00,1,1849.065,1839.065,-30.35,-1.0116666666666667
H1 atr20 m1.2,132,2023-03-13 02:00:00+00:00,-1,1872.915,1882.915,-30.35,-1.0116666666666667
H1 atr20 m1.2,133,2023-03-13 03:00:00+00:00,1,1886.748,1876.748,-30.35,-1.0116666666666667
H1 atr20 m1.2,134,2023-03-17 03:00:00+00:00,1,1927.325,1971.915,133.41999999999976,4.447333333333325
H1 atr20 m1.2,135,2023-03-20 01:00:00+00:00,-1,1971.915,1981.915,-30.35,-1.0116666666666667
H1 atr20 m1.2,136,2023-04-04 02:00:00+00:00,-1,1978.124,1988.124,-30.35,-1.0116666666666667
H1 atr20 m1.2,137,2023-04-11 03:00:00+00:00,1,1997.705,1987.705,-30.35,-1.0116666666666667
H1 atr20 m1.2,138,2023-04-18 02:00:00+00:00,1,1997.625,1987.625,-30.35,-1.0116666666666667
H1 atr20 m1.2,139,2023-04-24 00:00:00+00:00,1,1984.545,1974.545,-30.35,-1.0116666666666667
H1 atr20 m1.2,140,2023-04-27 03:00:00+00:00,1,1998.635,1988.635,-30.35,-1.0116666666666667
H1 atr20 m1.2,141,2023-05-01 01:00:00+00:00,-1,1983.845,1993.845,-30.35,-1.0116666666666667
H1 atr20 m1.2,142,2023-05-04 02:00:00+00:00,-1,2044.354,2054.3540000000003,-30.350000000000684,-1.0116666666666894
H1 atr20 m1.2,143,2023-05-10 03:00:00+00:00,-1,2031.214,2041.214,-30.35,-1.0116666666666667
H1 atr20 m1.2,144,2023-05-11 01:00:00+00:00,1,2035.264,2025.264,-30.35,-1.0116666666666667
H1 atr20 m1.2,145,2023-05-15 02:00:00+00:00,1,2017.495,2007.495,-30.35,-1.0116666666666667
H1 atr20 m1.2,146,2023-05-19 03:00:00+00:00,1,1962.745,1952.745,-30.35,-1.0116666666666667
H1 atr20 m1.2,147,2023-05-26 02:00:00+00:00,1,1946.735,1936.735,-30.35,-1.0116666666666667
H1 atr20 m1.2,148,2023-05-31 02:00:00+00:00,-1,1954.725,1964.725,-30.35,-1.0116666666666667
H1 atr20 m1.2,149,2023-06-08 03:00:00+00:00,1,1946.215,1936.215,-30.35,-1.0116666666666667
H1 atr20 m1.2,150,2023-06-26 00:00:00+00:00,1,1925.275,1915.275,-30.35,-1.0116666666666667
H1 atr20 m1.2,151,2023-07-03 03:00:00+00:00,-1,1914.765,1924.765,-30.35,-1.0116666666666667
H1 atr20 m1.2,152,2023-07-12 01:00:00+00:00,1,1935.695,1925.695,-30.35,-1.0116666666666667
H1 atr20 m1.2,153,2023-08-09 03:00:00+00:00,1,1929.555,1919.555,-30.35,-1.0116666666666667
H1 atr20 m1.2,154,2023-08-18 00:00:00+00:00,1,1891.215,1908.935,52.81000000000008,1.760333333333336
H1 atr20 m1.2,155,2023-09-13 03:00:00+00:00,-1,1908.935,1912.515,-11.090000000000463,-0.36966666666668213
H1 atr20 m1.2,156,2023-09-14 01:00:00+00:00,1,1912.515,1902.515,-30.35,-1.0116666666666667
H1 atr20 m1.2,157,2023-09-18 03:00:00+00:00,1,1927.955,1917.955,-30.35,-1.0116666666666667
H1 atr20 m1.2,158,2023-09-25 02:00:00+00:00,-1,1923.605,1822.715,302.3200000000003,10.077333333333343
H1 atr20 m1.2,159,2023-10-06 02:00:00+00:00,1,1822.715,1812.715,-30.35,-1.0116666666666667
H1 atr20 m1.2,160,2023-10-13 03:00:00+00:00,1,1873.295,1921.565,144.45999999999995,4.8153333333333315
H1 atr20 m1.2,161,2023-10-16 01:00:00+00:00,-1,1921.565,1931.565,-30.35,-1.0116666666666667
H1 atr20 m1.2,162,2023-10-18 01:00:00+00:00,1,1927.305,1988.405,182.94999999999973,6.098333333333325
H1 atr20 m1.2,163,2023-11-06 00:00:00+00:00,-1,1988.405,1940.205,144.25000000000014,4.808333333333338
H1 atr20 m1.2,164,2023-11-13 00:00:00+00:00,1,1940.205,2095.915,466.7800000000001,15.559333333333337
H1 atr20 m1.2,165,2023-12-04 01:00:00+00:00,-1,2095.915,2036.665,177.4,5.913333333333333
H1 atr20 m1.2,166,2023-12-05 01:00:00+00:00,1,2036.665,2026.665,-30.35,-1.0116666666666667
H1 atr20 m1.2,167,2023-12-08 02:00:00+00:00,1,2032.185,2022.185,-30.35,-1.0116666666666667
H1 atr20 m1.2,168,2023-12-11 00:00:00+00:00,1,2006.965,1996.965,-30.35,-1.0116666666666667
H1 atr20 m1.2,169,2023-12-11 03:00:00+00:00,-1,1998.004,1985.585,36.906999999999606,1.2302333333333202
H1 atr20 m1.2,170,2023-12-12 01:00:00+00:00,1,1985.585,1975.585,-30.35,-1.0116666666666667
H1 atr20 m1.2,171,2023-12-20 02:00:00+00:00,-1,2038.035,2035.298,7.8610000000002405,0.26203333333334133
H1 atr20 m1.2,172,2023-12-21 02:00:00+00:00,1,2035.298,2025.298,-30.35,-1.0116666666666667
H1 atr20 m1.2,173,2024-01-09 01:00:00+00:00,1,2034.205,2024.205,-30.35,-1.0116666666666667
H1 atr20 m1.2,174,2024-01-11 01:00:00+00:00,1,2027.748,2017.748,-30.35,-1.0116666666666667
H1 atr20 m1.2,175,2024-01-15 03:00:00+00:00,1,2056.295,2050.785,-16.880000000000656,-0.5626666666666885
H1 atr20 m1.2,176,2024-01-16 02:00:00+00:00,-1,2050.785,2011.555,117.33999999999936,3.911333333333312
H1 atr20 m1.2,177,2024-01-18 02:00:00+00:00,1,2011.555,2024.095,37.26999999999988,1.2423333333333295
H1 atr20 m1.2,178,2024-01-24 03:00:00+00:00,-1,2024.095,2034.095,-30.35,-1.0116666666666667
H1 atr20 m1.2,179,2024-01-29 00:00:00+00:00,1,2021.855,2033.355,34.15,1.1383333333333332
H1 atr20 m1.2,180,2024-02-05 03:00:00+00:00,-1,2033.355,2043.355,-30.35,-1.0116666666666667
H1 atr20 m1.2,181,2024-02-21 03:00:00+00:00,1,2027.825,2017.825,-30.35,-1.0116666666666667
H1 atr20 m1.2,182,2024-02-26 00:00:00+00:00,-1,2033.975,2033.325,1.5999999999995906,0.05333333333331969
H1 atr20 m1.2,183,2024-02-28 02:00:00+00:00,1,2033.325,2125.365,275.7699999999992,9.192333333333305
H1 atr20 m1.2,184,2024-03-06 02:00:00+00:00,-1,2125.365,2135.365,-30.35,-1.0116666666666667
H1 atr20 m1.2,185,2024-03-08 00:00:00+00:00,1,2161.865,2155.375,-19.819999999999347,-0.6606666666666449
H1 atr20 m1.2,186,2024-03-08 03:00:00+00:00,-1,2155.375,2165.375,-30.35,-1.0116666666666667
H1 atr20 m1.2,187,2024-03-11 01:00:00+00:00,1,2186.605,2176.605,-30.35,-1.0116666666666667
H1 atr20 m1.2,188,2024-03-22 02:00:00+00:00,-1,2173.365,2175.105,-5.570000000000709,-0.1856666666666903
H1 atr20 m1.2,189,2024-03-25 02:00:00+00:00,1,2175.105,2165.105,-30.35,-1.0116666666666667
H1 atr20 m1.2,190,2024-04-08 02:00:00+00:00,1,2324.185,2314.185,-30.35,-1.0116666666666667
H1 atr20 m1.2,191,2024-04-30 00:00:00+00:00,-1,2333.005,2308.245,73.93000000000066,2.4643333333333555
H1 atr20 m1.2,192,2024-05-06 02:00:00+00:00,1,2308.245,2420.265,335.7099999999999,11.190333333333331
H1 atr20 m1.2,193,2024-05-21 02:00:00+00:00,-1,2420.265,2430.265,-30.35,-1.0116666666666667
H1 atr20 m1.2,194,2024-05-22 03:00:00+00:00,-1,2417.624,2346.035,214.4169999999998,7.147233333333327
H1 atr20 m1.2,195,2024-05-27 03:00:00+00:00,1,2346.035,2336.035,-30.35,-1.0116666666666667
H1 atr20 m1.2,196,2024-06-05 03:00:00+00:00,1,2333.234,2323.234,-30.35,-1.0116666666666667
H1 atr20 m1.2,197,2024-06-11 02:00:00+00:00,-1,2302.688,2312.688,-30.35,-1.0116666666666667
H1 atr20 m1.2,198,2024-06-17 03:00:00+00:00,-1,2322.374,2324.048,-5.371999999999934,-0.17906666666666446
H1 atr20 m1.2,199,2024-06-18 01:00:00+00:00,1,2324.048,2314.048,-30.35,-1.0116666666666667
H1 atr20 m1.2,200,2024-06-20 02:00:00+00:00,1,2336.155,2326.155,-30.35,-1.0116666666666667
H1 atr20 m1.2,201,2024-06-25 02:00:00+00:00,-1,2325.708,2335.708,-30.35,-1.0116666666666667
H1 atr20 m1.2,202,2024-06-28 01:00:00+00:00,-1,2321.474,2331.474,-30.35,-1.0116666666666667
H1 atr20 m1.2,203,2024-07-02 02:00:00+00:00,1,2333.985,2323.985,-30.35,-1.0116666666666667
H1 atr20 m1.2,204,2024-07-04 02:00:00+00:00,1,2361.788,2351.788,-30.35,-1.0116666666666667
H1 atr20 m1.2,205,2024-07-08 03:00:00+00:00,-1,2382.785,2363.255,58.23999999999923,1.9413333333333076
H1 atr20 m1.2,206,2024-07-09 02:00:00+00:00,1,2363.255,2353.255,-30.35,-1.0116666666666667
H1 atr20 m1.2,207,2024-07-12 02:00:00+00:00,-1,2407.928,2417.928,-30.35,-1.0116666666666667
H1 atr20 m1.2,208,2024-07-16 03:00:00+00:00,1,2429.985,2419.985,-30.35,-1.0116666666666667
H1 atr20 m1.2,209,2024-07-26 02:00:00+00:00,1,2373.425,2441.225,203.0499999999992,6.768333333333306
H1 atr20 m1.2,210,2024-08-01 03:00:00+00:00,-1,2441.225,2451.225,-30.35,-1.0116666666666667
H1 atr20 m1.2,211,2024-08-02 01:00:00+00:00,1,2448.895,2438.895,-30.35,-1.0116666666666667
H1 atr20 m1.2,212,2024-08-05 01:00:00+00:00,-1,2421.878,2431.878,-30.35,-1.0116666666666667
H1 atr20 m1.2,213,2024-08-05 03:00:00+00:00,1,2442.634,2432.634,-30.35,-1.0116666666666667
H1 atr20 m1.2,214,2024-08-13 02:00:00+00:00,-1,2466.258,2476.258,-30.35,-1.0116666666666667
H1 atr20 m1.2,215,2024-08-15 02:00:00+00:00,1,2450.595,2440.595,-30.35,-1.0116666666666667
H1 atr20 m1.2,216,2024-08-19 02:00:00+00:00,-1,2498.105,2508.105,-30.35,-1.0116666666666667
H1 atr20 m1.2,217,2024-08-22 03:00:00+00:00,-1,2502.158,2489.875,36.498999999999704,1.2166333333333235
H1 atr20 m1.2,218,2024-08-23 01:00:00+00:00,1,2489.875,2516.955,80.88999999999979,2.6963333333333264
H1 atr20 m1.2,219,2024-08-28 02:00:00+00:00,-1,2516.955,2526.955,-30.35,-1.0116666666666667
H1 atr20 m1.2,220,2024-08-30 01:00:00+00:00,-1,2517.655,2527.655,-30.35,-1.0116666666666667
H1 atr20 m1.2,221,2024-09-18 00:00:00+00:00,1,2573.875,2563.875,-30.35,-1.0116666666666667
H1 atr20 m1.2,222,2024-09-30 02:00:00+00:00,-1,2652.565,2639.675,38.31999999999962,1.2773333333333206
H1 atr20 m1.2,223,2024-10-01 02:00:00+00:00,1,2639.675,2657.385,52.78000000000011,1.759333333333337
H1 atr20 m1.2,224,2024-10-02 01:00:00+00:00,-1,2657.385,2667.385,-30.35,-1.0116666666666667
H1 atr20 m1.2,225,2024-10-14 03:00:00+00:00,1,2655.025,2645.025,-30.35,-1.0116666666666667
H1 atr20 m1.2,226,2024-10-17 02:00:00+00:00,1,2682.915,2672.915,-30.35,-1.0116666666666667
H1 atr20 m1.2,227,2024-10-22 02:00:00+00:00,1,2727.925,2738.355,30.939999999999507,1.031333333333317
H1 atr20 m1.2,228,2024-10-23 02:00:00+00:00,-1,2738.355,2748.355,-30.35,-1.0116666666666667
H1 atr20 m1.2,229,2024-10-24 02:00:00+00:00,1,2723.605,2728.215,13.48000000000038,0.449333333333346
H1 atr20 m1.2,230,2024-10-25 03:00:00+00:00,-1,2728.215,2738.215,-30.35,-1.0116666666666667
H1 atr20 m1.2,231,2024-11-06 01:00:00+00:00,-1,2737.875,2747.875,-30.35,-1.0116666666666667
H1 atr20 m1.2,232,2024-11-13 02:00:00+00:00,1,2607.995,2597.995,-30.35,-1.0116666666666667
H1 atr20 m1.2,233,2024-11-25 02:00:00+00:00,-1,2701.075,2644.775,168.5499999999992,5.6183333333333065
H1 atr20 m1.2,234,2024-11-29 02:00:00+00:00,1,2644.775,2634.775,-30.35,-1.0116666666666667
H1 atr20 m1.2,235,2024-12-09 02:00:00+00:00,1,2646.645,2636.645,-30.35,-1.0116666666666667
H1 atr20 m1.2,236,2024-12-10 02:00:00+00:00,1,2667.305,2710.855,130.30000000000055,4.3433333333333515
H1 atr20 m1.2,237,2024-12-12 02:00:00+00:00,-1,2710.855,2689.775,62.88999999999977,2.096333333333326
H1 atr20 m1.2,238,2024-12-13 02:00:00+00:00,1,2689.775,2679.775,-30.35,-1.0116666666666667
H1 atr20 m1.2,239,2024-12-19 02:00:00+00:00,1,2611.595,2601.595,-30.35,-1.0116666666666667
H1 atr20 m1.2,240,2024-12-20 02:00:00+00:00,1,2603.655,2669.935,198.48999999999924,6.616333333333308
H1 atr20 m1.2,241,2025-01-15 02:00:00+00:00,-1,2669.935,2679.935,-30.35,-1.0116666666666667
H1 atr20 m1.2,242,2025-01-21 02:00:00+00:00,1,2717.889,2752.598,103.7769999999995,3.4592333333333167
H1 atr20 m1.2,243,2025-01-23 02:00:00+00:00,-1,2752.598,2762.598,-30.35,-1.0116666666666667
H1 atr20 m1.2,244,2025-02-10 02:00:00+00:00,1,2871.695,2892.085,60.81999999999961,2.02733333333332
H1 atr20 m1.2,245,2025-02-12 01:00:00+00:00,-1,2892.085,2902.085,-30.35,-1.0116666666666667
H1 atr20 m1.2,246,2025-02-17 02:00:00+00:00,1,2895.385,2928.495,98.97999999999902,3.299333333333301
H1 atr20 m1.2,247,2025-02-21 02:00:00+00:00,-1,2928.495,2938.495,-30.35,-1.0116666666666667
H1 atr20 m1.2,248,2025-02-24 01:00:00+00:00,-1,2930.035,2940.035,-30.35,-1.0116666666666667
H1 atr20 m1.2,249,2025-02-24 03:00:00+00:00,1,2940.645,2930.645,-30.35,-1.0116666666666667
H1 atr20 m1.2,250,2025-02-27 03:00:00+00:00,-1,2906.585,2916.585,-30.35,-1.0116666666666667
H1 atr20 m1.2,251,2025-03-05 03:00:00+00:00,-1,2904.045,2914.045,-30.35,-1.0116666666666667
H1 atr20 m1.2,252,2025-03-07 01:00:00+00:00,-1,2904.565,2914.565,-30.35,-1.0116666666666667
H1 atr20 m1.2,253,2025-03-11 03:00:00+00:00,1,2898.895,3035.745,410.1999999999997,13.673333333333323
H1 atr20 m1.2,254,2025-03-21 02:00:00+00:00,-1,3035.745,3025.145,31.449999999999726,1.0483333333333242
H1 atr20 m1.2,255,2025-03-27 01:00:00+00:00,1,3025.145,3078.748,160.45900000000017,5.348633333333339
H1 atr20 m1.2,256,2025-03-31 01:00:00+00:00,-1,3078.748,3088.748,-30.35,-1.0116666666666667
H1 atr20 m1.2,257,2025-03-31 02:00:00+00:00,1,3094.605,3084.605,-30.35,-1.0116666666666667
H1 atr20 m1.2,258,2025-04-07 02:00:00+00:00,1,3037.845,3027.845,-30.35,-1.0116666666666667
H1 atr20 m1.2,259,2025-04-08 02:00:00+00:00,1,2999.675,2989.675,-30.35,-1.0116666666666667
H1 atr20 m1.2,260,2025-04-09 02:00:00+00:00,1,3007.912,3323.635,946.8190000000011,31.56063333333337
H1 atr20 m1.2,261,2025-04-17 02:00:00+00:00,-1,3323.635,3333.635,-30.35,-1.0116666666666667
H1 atr20 m1.2,262,2025-04-23 01:00:00+00:00,1,3367.665,3357.665,-30.35,-1.0116666666666667
H1 atr20 m1.2,263,2025-04-28 02:00:00+00:00,-1,3281.135,3291.135,-30.35,-1.0116666666666667
H1 atr20 m1.2,264,2025-04-29 02:00:00+00:00,-1,3326.045,3247.775,234.45999999999992,7.815333333333331
H1 atr20 m1.2,265,2025-05-05 00:00:00+00:00,1,3247.775,3290.855,128.8899999999998,4.296333333333326
H1 atr20 m1.2,266,2025-05-09 02:00:00+00:00,-1,3290.855,3300.855,-30.35,-1.0116666666666667
H1 atr20 m1.2,267,2025-05-14 02:00:00+00:00,-1,3238.405,3248.405,-30.35,-1.0116666666666667
H1 atr20 m1.2,268,2025-05-16 02:00:00+00:00,-1,3221.965,3231.965,-30.35,-1.0116666666666667
H1 atr20 m1.2,269,2025-05-19 02:00:00+00:00,-1,3218.095,3228.095,-30.35,-1.0116666666666667
H1 atr20 m1.2,270,2025-05-20 00:00:00+00:00,-1,3222.225,3232.225,-30.35,-1.0116666666666667
H1 atr20 m1.2,271,2025-05-27 02:00:00+00:00,-1,3335.648,3345.648,-30.35,-1.0116666666666667
H1 atr20 m1.2,272,2025-05-28 00:00:00+00:00,1,3309.148,3299.148,-30.35,-1.0116666666666667
H1 atr20 m1.2,273,2025-05-30 02:00:00+00:00,-1,3309.625,3319.625,-30.35,-1.0116666666666667
H1 atr20 m1.2,274,2025-06-03 02:00:00+00:00,-1,3372.465,3382.465,-30.35,-1.0116666666666667
H1 atr20 m1.2,275,2025-06-06 02:00:00+00:00,1,3363.548,3353.548,-30.35,-1.0116666666666667
H1 atr20 m1.2,276,2025-06-11 03:00:00+00:00,1,3337.965,3327.965,-30.35,-1.0116666666666667
H1 atr20 m1.2,277,2025-06-17 00:00:00+00:00,1,3402.635,3392.635,-30.35,-1.0116666666666667
H1 atr20 m1.2,278,2025-06-19 01:00:00+00:00,1,3379.205,3369.205,-30.35,-1.0116666666666667
H1 atr20 m1.2,279,2025-06-20 02:00:00+00:00,-1,3356.198,3366.198,-30.35,-1.0116666666666667
H1 atr20 m1.2,280,2025-06-23 00:00:00+00:00,-1,3372.455,3382.455,-30.35,-1.0116666666666667
H1 atr20 m1.2,281,2025-06-30 03:00:00+00:00,1,3279.965,3349.115,207.0999999999989,6.903333333333296
H1 atr20 m1.2,282,2025-07-03 00:00:00+00:00,-1,3349.115,3359.115,-30.35,-1.0116666666666667
H1 atr20 m1.2,283,2025-07-09 03:00:00+00:00,-1,3288.145,3298.145,-30.35,-1.0116666666666667
H1 atr20 m1.2,284,2025-07-11 01:00:00+00:00,1,3329.858,3358.295,84.9609999999997,2.832033333333323
H1 atr20 m1.2,285,2025-07-14 02:00:00+00:00,-1,3358.295,3368.295,-30.35,-1.0116666666666667
H1 atr20 m1.2,286,2025-07-17 01:00:00+00:00,-1,3340.515,3350.515,-30.35,-1.0116666666666667
H1 atr20 m1.2,287,2025-07-21 02:00:00+00:00,1,3356.335,3385.675,87.67000000000044,2.922333333333348
H1 atr20 m1.2,288,2025-07-22 02:00:00+00:00,-1,3385.675,3395.675,-30.35,-1.0116666666666667
H1 atr20 m1.2,289,2025-07-23 02:00:00+00:00,-1,3420.885,3430.885,-30.35,-1.0116666666666667
H1 atr20 m1.2,290,2025-07-28 03:00:00+00:00,1,3335.395,3325.395,-30.35,-1.0116666666666667
H1 atr20 m1.2,291,2025-07-29 02:00:00+00:00,1,3318.695,3308.695,-30.35,-1.0116666666666667
H1 atr20 m1.2,292,2025-07-31 00:00:00+00:00,1,3285.045,3382.969,293.4219999999999,9.78073333333333
H1 atr20 m1.2,293,2025-08-08 02:00:00+00:00,-1,3382.969,3392.969,-30.35,-1.0116666666666667
H1 atr20 m1.2,294,2025-08-13 03:00:00+00:00,1,3351.615,3341.615,-30.35,-1.0116666666666667
H1 atr20 m1.2,295,2025-08-18 01:00:00+00:00,1,3340.375,3330.375,-30.35,-1.0116666666666667
H1 atr20 m1.2,296,2025-08-21 01:00:00+00:00,-1,3342.095,3352.095,-30.35,-1.0116666666666667
H1 atr20 m1.2,297,2025-08-25 02:00:00+00:00,-1,3362.648,3372.648,-30.35,-1.0116666666666667
H1 atr20 m1.2,298,2025-08-26 01:00:00+00:00,1,3383.039,3373.039,-30.35,-1.0116666666666667
H1 atr20 m1.2,299,2025-08-28 02:00:00+00:00,-1,3385.745,3395.745,-30.35,-1.0116666666666667
H1 atr20 m1.2,300,2025-08-29 02:00:00+00:00,-1,3409.699,3419.699,-30.35,-1.0116666666666667
H1 atr20 m1.2,301,2025-09-02 02:00:00+00:00,1,3497.265,3487.265,-30.35,-1.0116666666666667
H1 atr20 m1.2,302,2025-09-15 03:00:00+00:00,1,3640.845,3630.845,-30.35,-1.0116666666666667
H1 atr20 m1.2,303,2025-09-29 01:00:00+00:00,1,3786.895,4313.735,1580.1699999999992,52.672333333333306
H1 atr20 m1.2,304,2025-10-17 02:00:00+00:00,-1,4313.735,4323.735,-30.35,-1.0116666666666667
H1 atr20 m1.2,305,2025-10-21 03:00:00+00:00,-1,4338.495,4114.455,671.7699999999999,22.39233333333333
H1 atr20 m1.2,306,2025-10-22 03:00:00+00:00,1,4114.455,4104.455,-30.35,-1.0116666666666667
H1 atr20 m1.2,307,2025-10-24 03:00:00+00:00,-1,4109.348,4119.348,-30.35,-1.0116666666666667
H1 atr20 m1.2,308,2025-10-29 01:00:00+00:00,1,3975.045,3965.045,-30.35,-1.0116666666666667
H1 atr20 m1.2,309,2025-11-03 03:00:00+00:00,1,4003.865,3993.865,-30.35,-1.0116666666666667
H1 atr20 m1.2,310,2025-11-04 01:00:00+00:00,-1,3986.155,3996.155,-30.35,-1.0116666666666667
H1 atr20 m1.2,311,2025-11-07 02:00:00+00:00,1,4001.475,3991.475,-30.35,-1.0116666666666667
H1 atr20 m1.2,312,2025-11-14 00:00:00+00:00,1,4185.795,4175.795,-30.35,-1.0116666666666667
H1 atr20 m1.2,313,2025-11-20 00:00:00+00:00,1,4104.265,4094.2650000000003,-30.35,-1.0116666666666667
H1 atr20 m1.2,314,2025-11-20 02:00:00+00:00,-1,4081.085,4091.085,-30.35,-1.0116666666666667
H1 atr20 m1.2,315,2025-11-24 02:00:00+00:00,-1,4043.805,4053.805,-30.35,-1.0116666666666667
H1 atr20 m1.2,316,2025-11-27 03:00:00+00:00,-1,4145.235,4155.235,-30.35,-1.0116666666666667
H1 atr20 m1.2,317,2025-12-11 03:00:00+00:00,-1,4221.975,4231.975,-30.35,-1.0116666666666667
H1 atr20 m1.2,318,2025-12-17 02:00:00+00:00,1,4326.475,4316.475,-30.35,-1.0116666666666667
H1 atr20 m1.2,319,2025-12-24 03:00:00+00:00,-1,4477.185,4487.185,-30.35,-1.0116666666666667
H1 atr20 m1.2,320,2025-12-26 00:00:00+00:00,1,4494.875,4484.875,-30.35,-1.0116666666666667
H1 atr20 m1.2,321,2025-12-30 02:00:00+00:00,1,4359.935,4349.935,-30.35,-1.0116666666666667
H1 atr20 m1.2,322,2025-12-31 02:00:00+00:00,1,4365.698,4355.698,-30.35,-1.0116666666666667
H1 atr20 m1.2,323,2026-01-02 00:00:00+00:00,1,4347.798,4337.798,-30.35,-1.0116666666666667
H1 atr20 m1.2,324,2026-01-05 00:00:00+00:00,1,4372.275,4465.255,278.59000000000134,9.286333333333378
H1 atr20 m1.2,325,2026-01-07 02:00:00+00:00,-1,4465.255,4475.255,-30.35,-1.0116666666666667
H1 atr20 m1.2,326,2026-01-08 03:00:00+00:00,-1,4440.965,4450.965,-30.35,-1.0116666666666667
H1 atr20 m1.2,327,2026-01-12 00:00:00+00:00,1,4539.775,4614.935,225.1300000000023,7.50433333333341
H1 atr20 m1.2,328,2026-01-15 00:00:00+00:00,-1,4614.935,4624.935,-30.35,-1.0116666666666667
H1 atr20 m1.2,329,2026-01-19 00:00:00+00:00,1,4672.375,4662.375,-30.35,-1.0116666666666667
H1 atr20 m1.2,330,2026-01-27 03:00:00+00:00,1,5072.345,5062.345,-30.35,-1.0116666666666667
H1 atr20 m1.2,331,2026-01-30 02:00:00+00:00,-1,5300.098,4781.445,1555.6090000000008,51.85363333333336
H1 atr20 m1.2,332,2026-02-03 01:00:00+00:00,1,4781.445,4771.445,-30.35,-1.0116666666666667
H1 atr20 m1.2,333,2026-02-05 03:00:00+00:00,-1,4810.768,4820.768,-30.35,-1.0116666666666667
H1 atr20 m1.2,334,2026-02-06 03:00:00+00:00,1,4815.905,5031.095,645.2200000000015,21.507333333333385
H1 atr20 m1.2,335,2026-02-10 00:00:00+00:00,-1,5031.095,5041.095,-30.35,-1.0116666666666667
H1 atr20 m1.2,336,2026-02-11 03:00:00+00:00,1,5055.435,5045.435,-30.35,-1.0116666666666667
H1 atr20 m1.2,337,2026-02-13 02:00:00+00:00,1,4980.445,4970.445,-30.35,-1.0116666666666667
H1 atr20 m1.2,338,2026-02-16 03:00:00+00:00,-1,4994.405,5004.405,-30.35,-1.0116666666666667
H1 atr20 m1.2,339,2026-02-19 01:00:00+00:00,-1,4960.985,4970.985,-30.35,-1.0116666666666667
H1 atr20 m1.2,340,2026-02-24 02:00:00+00:00,-1,5177.125,5187.125,-30.35,-1.0116666666666667
H1 atr20 m1.2,341,2026-02-26 02:00:00+00:00,1,5191.195,5181.195,-30.35,-1.0116666666666667
H1 atr20 m1.2,342,2026-03-02 02:00:00+00:00,-1,5324.595,5334.595,-30.35,-1.0116666666666667
H1 atr20 m1.2,343,2026-03-05 03:00:00+00:00,1,5191.705,5181.705,-30.35,-1.0116666666666667
H1 atr20 m1.2,344,2026-03-06 02:00:00+00:00,1,5134.315,5124.315,-30.35,-1.0116666666666667
H1 atr20 m1.2,345,2026-03-09 00:00:00+00:00,-1,5075.295,5085.295,-30.35,-1.0116666666666667
H1 atr20 m1.2,346,2026-03-13 01:00:00+00:00,1,5113.485,5103.485,-30.35,-1.0116666666666667
H1 atr20 m1.2,347,2026-03-17 02:00:00+00:00,1,5027.695,5017.695,-30.35,-1.0116666666666667
H1 atr20 m1.2,348,2026-03-19 03:00:00+00:00,1,4858.435,4848.435,-30.35,-1.0116666666666667
H1 atr20 m1.2,349,2026-03-27 03:00:00+00:00,1,4431.925,4421.925,-30.35,-1.0116666666666667
H1 atr20 m1.2,350,2026-03-31 01:00:00+00:00,1,4547.025,4537.025,-30.35,-1.0116666666666667
H1 atr20 m1.2,351,2026-04-02 02:00:00+00:00,-1,4696.108,4706.108,-30.35,-1.0116666666666667
H1 atr20 m1.2,352,2026-04-10 01:00:00+00:00,-1,4762.705,4772.705,-30.35,-1.0116666666666667
H1 atr20 m1.2,353,2026-04-13 01:00:00+00:00,1,4694.795,4823.985,387.2199999999988,12.907333333333293
H1 atr20 m1.2,354,2026-04-15 03:00:00+00:00,-1,4823.985,4833.985,-30.35,-1.0116666666666667
H1 atr20 m1.2,355,2026-04-16 00:00:00+00:00,1,4822.995,4812.995,-30.35,-1.0116666666666667
H1 atr20 m1.2,356,2026-04-20 02:00:00+00:00,1,4807.415,4797.415,-30.35,-1.0116666666666667
H1 atr20 m1.2,357,2026-04-23 01:00:00+00:00,1,4747.485,4737.485,-30.35,-1.0116666666666667
H1 atr20 m1.2,358,2026-04-23 03:00:00+00:00,-1,4698.695,4708.695,-30.35,-1.0116666666666667
H1 atr20 m1.2,359,2026-04-27 02:00:00+00:00,1,4702.445,4692.445,-30.35,-1.0116666666666667
H1 atr20 m1.2,360,2026-04-30 00:00:00+00:00,1,4561.325,4551.325,-30.35,-1.0116666666666667
H1 atr20 m1.2,361,2026-05-05 02:00:00+00:00,1,4540.635,4530.635,-30.35,-1.0116666666666667
H1 atr20 m1.2,362,2026-05-08 02:00:00+00:00,1,4722.695,4712.695,-30.35,-1.0116666666666667
H1 atr20 m1.2,363,2026-05-12 02:00:00+00:00,-1,4726.875,4704.765,65.97999999999902,2.1993333333333007
H1 atr20 m1.2,364,2026-05-14 01:00:00+00:00,1,4704.765,4694.765,-30.35,-1.0116666666666667
H1 atr20 m1.2,365,2026-05-18 01:00:00+00:00,-1,4514.525,4524.525,-30.35,-1.0116666666666667
H1 atr20 m1.2,366,2026-05-19 03:00:00+00:00,-1,4546.975,4556.975,-30.35,-1.0116666666666667
H1 atr20 m1.2,367,2026-05-26 01:00:00+00:00,-1,4549.395,4559.395,-30.35,-1.0116666666666667
H1 atr20 m1.2,368,2026-06-04 02:00:00+00:00,1,4465.395,4455.395,-30.35,-1.0116666666666667
H1 atr20 m1.2,369,2026-06-11 02:00:00+00:00,1,4101.765,4091.7650000000003,-30.35,-1.0116666666666667
H1 atr20 m1.2,370,2026-06-12 02:00:00+00:00,-1,4186.318,4196.318,-30.35,-1.0116666666666667
H1 atr20 m1.2,371,2026-06-18 01:00:00+00:00,1,4308.098,4298.098,-30.35,-1.0116666666666667
H1 atr20 m1.2,372,2026-06-22 00:00:00+00:00,-1,4140.015,4150.015,-30.35,-1.0116666666666667
H1 atr20 m1.2,373,2026-06-22 01:00:00+00:00,1,4200.655,4190.655,-30.35,-1.0116666666666667
H1 atr20 m1.2,374,2026-06-25 00:00:00+00:00,1,4012.185,4002.185,-30.35,-1.0116666666666667
M30 atr7 m1.8,0,2021-01-06 03:00:00+00:00,-1,1943.968,1953.968,-30.35,-1.0116666666666667
M30 atr7 m1.8,1,2021-01-18 03:00:00+00:00,1,1828.668,1838.175,28.171000000000184,0.9390333333333395
M30 atr7 m1.8,2,2021-01-28 00:30:00+00:00,-1,1838.175,1848.175,-30.35,-1.0116666666666667
M30 atr7 m1.8,3,2021-01-31 23:30:00+00:00,1,1857.395,1855.227,-6.853999999999678,-0.2284666666666559
M30 atr7 m1.8,4,2021-02-02 00:30:00+00:00,-1,1855.227,1862.685,-22.72399999999957,-0.7574666666666523
M30 atr7 m1.8,5,2021-02-02 02:00:00+00:00,1,1862.685,1852.685,-30.35,-1.0116666666666667
M30 atr7 m1.8,6,2021-02-03 02:30:00+00:00,1,1844.216,1834.216,-30.35,-1.0116666666666667
M30 atr7 m1.8,7,2021-02-08 02:30:00+00:00,-1,1811.315,1821.315,-30.35,-1.0116666666666667
M30 atr7 m1.8,8,2021-02-10 03:00:00+00:00,1,1841.425,1831.425,-30.35,-1.0116666666666667
M30 atr7 m1.8,9,2021-02-16 01:30:00+00:00,1,1823.565,1813.565,-30.35,-1.0116666666666667
M30 atr7 m1.8,10,2021-02-18 01:00:00+00:00,1,1780.845,1770.845,-30.35,-1.0116666666666667
M30 atr7 m1.8,11,2021-02-24 01:30:00+00:00,1,1809.768,1799.768,-30.35,-1.0116666666666667
M30 atr7 m1.8,12,2021-02-25 02:00:00+00:00,-1,1796.855,1739.085,172.95999999999995,5.765333333333332
M30 atr7 m1.8,13,2021-03-01 00:00:00+00:00,1,1739.085,1729.085,-30.35,-1.0116666666666667
M30 atr7 m1.8,14,2021-03-03 01:30:00+00:00,-1,1731.815,1688.135,130.6900000000002,4.35633333333334
M30 atr7 m1.8,15,2021-03-09 02:30:00+00:00,1,1688.135,1711.384,69.39700000000008,2.313233333333336
M30 atr7 m1.8,16,2021-03-10 03:30:00+00:00,-1,1711.384,1721.384,-30.35,-1.0116666666666667
M30 atr7 m1.8,17,2021-03-17 03:30:00+00:00,1,1735.565,1725.565,-30.35,-1.0116666666666667
M30 atr7 m1.8,18,2021-03-19 01:30:00+00:00,-1,1728.858,1738.858,-30.35,-1.0116666666666667
M30 atr7 m1.8,19,2021-03-23 01:30:00+00:00,-1,1734.248,1730.328,11.410000000000219,0.38033333333334063
M30 atr7 m1.8,20,2021-03-24 02:00:00+00:00,1,1730.328,1727.878,-7.700000000000135,-0.25666666666667115
M30 atr7 m1.8,21,2021-03-29 01:30:00+00:00,-1,1727.878,1737.878,-30.35,-1.0116666666666667
M30 atr7 m1.8,22,2021-04-07 01:30:00+00:00,-1,1739.118,1738.838,0.48999999999991806,0.0163333333333306
M30 atr7 m1.8,23,2021-04-08 03:30:00+00:00,1,1738.838,1752.518,40.69000000000019,1.3563333333333396
M30 atr7 m1.8,24,2021-04-09 03:00:00+00:00,-1,1752.518,1733.095,57.919000000000004,1.9306333333333334
M30 atr7 m1.8,25,2021-04-13 02:00:00+00:00,1,1733.095,1735.095,5.65,0.18833333333333335
M30 atr7 m1.8,26,2021-04-15 02:00:00+00:00,-1,1735.095,1745.095,-30.35,-1.0116666666666667
M30 atr7 m1.8,27,2021-04-16 02:30:00+00:00,-1,1760.128,1770.128,-30.35,-1.0116666666666667
M30 atr7 m1.8,28,2021-04-19 00:30:00+00:00,1,1780.168,1775.038,-15.739999999999645,-0.5246666666666548
M30 atr7 m1.8,29,2021-04-19 02:00:00+00:00,-1,1775.038,1785.038,-30.35,-1.0116666666666667
M30 atr7 m1.8,30,2021-04-20 03:30:00+00:00,1,1775.558,1765.558,-30.35,-1.0116666666666667
M30 atr7 m1.8,31,2021-04-23 02:00:00+00:00,1,1788.568,1778.568,-30.35,-1.0116666666666667
M30 atr7 m1.8,32,2021-04-26 00:30:00+00:00,1,1777.908,1774.985,-9.119000000000005,-0.30396666666666683
M30 atr7 m1.8,33,2021-04-27 02:00:00+00:00,-1,1774.985,1784.985,-30.35,-1.0116666666666667
M30 atr7 m1.8,34,2021-04-30 01:30:00+00:00,-1,1768.297,1778.297,-30.35,-1.0116666666666667
M30 atr7 m1.8,35,2021-05-12 01:30:00+00:00,-1,1831.288,1841.288,-30.35,-1.0116666666666667
M30 atr7 m1.8,36,2021-05-13 01:30:00+00:00,1,1821.708,1811.708,-30.35,-1.0116666666666667
M30 atr7 m1.8,37,2021-05-14 03:00:00+00:00,-1,1822.095,1832.095,-30.35,-1.0116666666666667
M30 atr7 m1.8,38,2021-05-18 03:00:00+00:00,-1,1867.755,1877.755,-30.35,-1.0116666666666667
M30 atr7 m1.8,39,2021-05-20 03:00:00+00:00,1,1874.438,1877.765,9.630999999999995,0.32103333333333317
M30 atr7 m1.8,40,2021-05-24 23:30:00+00:00,-1,1877.765,1878.838,-3.568999999999596,-0.11896666666665319
M30 atr7 m1.8,41,2021-05-25 03:30:00+00:00,1,1878.838,1906.015,81.18100000000041,2.706033333333347
M30 atr7 m1.8,42,2021-06-03 02:30:00+00:00,-1,1906.015,1869.998,107.70100000000016,3.5900333333333387
M30 atr7 m1.8,43,2021-06-04 03:30:00+00:00,1,1869.998,1887.028,50.73999999999991,1.6913333333333302
M30 atr7 m1.8,44,2021-06-07 02:00:00+00:00,-1,1887.028,1897.028,-30.35,-1.0116666666666667
M30 atr7 m1.8,45,2021-06-08 02:00:00+00:00,-1,1897.878,1781.985,347.32900000000006,11.577633333333335
M30 atr7 m1.8,46,2021-06-18 01:30:00+00:00,1,1781.985,1771.985,-30.35,-1.0116666666666667
M30 atr7 m1.8,47,2021-06-21 01:00:00+00:00,1,1773.098,1774.928,5.140000000000464,0.1713333333333488
M30 atr7 m1.8,48,2021-06-28 01:30:00+00:00,-1,1774.928,1779.128,-12.949999999999452,-0.4316666666666484
M30 atr7 m1.8,49,2021-06-28 03:00:00+00:00,1,1779.128,1774.388,-14.570000000000027,-0.4856666666666676
M30 atr7 m1.8,50,2021-06-29 02:00:00+00:00,-1,1774.388,1778.898,-13.879999999999972,-0.4626666666666657
M30 atr7 m1.8,51,2021-07-02 01:30:00+00:00,1,1778.898,1806.968,83.8600000000005,2.79533333333335
M30 atr7 m1.8,52,2021-07-11 23:30:00+00:00,-1,1806.968,1816.968,-30.35,-1.0116666666666667
M30 atr7 m1.8,53,2021-07-14 02:30:00+00:00,1,1810.505,1826.258,46.908999999999786,1.563633333333326
M30 atr7 m1.8,54,2021-07-16 02:00:00+00:00,-1,1826.258,1799.088,81.16000000000022,2.705333333333341
M30 atr7 m1.8,55,2021-07-27 03:00:00+00:00,1,1799.088,1827.288,84.25000000000014,2.808333333333338
M30 atr7 m1.8,56,2021-07-30 01:00:00+00:00,-1,1827.288,1740.308,260.59000000000003,8.686333333333334
M30 atr7 m1.8,57,2021-08-09 01:30:00+00:00,1,1740.308,1730.308,-30.35,-1.0116666666666667
M30 atr7 m1.8,58,2021-08-10 01:30:00+00:00,1,1734.888,1724.888,-30.35,-1.0116666666666667
M30 atr7 m1.8,59,2021-08-16 02:00:00+00:00,-1,1777.008,1787.008,-30.35,-1.0116666666666667
M30 atr7 m1.8,60,2021-08-17 02:00:00+00:00,-1,1784.798,1794.798,-30.35,-1.0116666666666667
M30 atr7 m1.8,61,2021-08-18 01:30:00+00:00,1,1788.628,1778.628,-30.35,-1.0116666666666667
M30 atr7 m1.8,62,2021-08-19 02:00:00+00:00,-1,1781.738,1791.738,-30.35,-1.0116666666666667
M30 atr7 m1.8,63,2021-08-20 01:30:00+00:00,1,1784.118,1801.898,52.98999999999992,1.7663333333333306
M30 atr7 m1.8,64,2021-08-24 01:00:00+00:00,-1,1801.898,1811.898,-30.35,-1.0116666666666667
M30 atr7 m1.8,65,2021-08-30 02:30:00+00:00,-1,1816.148,1812.488,10.629999999999564,0.3543333333333188
M30 atr7 m1.8,66,2021-08-31 01:00:00+00:00,1,1812.488,1802.488,-30.35,-1.0116666666666667
M30 atr7 m1.8,67,2021-09-03 01:30:00+00:00,1,1811.288,1825.618,42.63999999999978,1.421333333333326
M30 atr7 m1.8,68,2021-09-06 01:00:00+00:00,-1,1825.618,1825.345,0.46899999999973263,0.01563333333332442
M30 atr7 m1.8,69,2021-09-07 00:30:00+00:00,1,1825.345,1815.345,-30.35,-1.0116666666666667
M30 atr7 m1.8,70,2021-09-08 01:00:00+00:00,1,1798.266,1788.266,-30.35,-1.0116666666666667
M30 atr7 m1.8,71,2021-09-13 03:00:00+00:00,1,1789.925,1790.748,2.119000000000278,0.07063333333334261
M30 atr7 m1.8,72,2021-09-14 02:00:00+00:00,-1,1790.748,1800.748,-30.35,-1.0116666666666667
M30 atr7 m1.8,73,2021-09-17 01:30:00+00:00,1,1757.268,1747.268,-30.35,-1.0116666666666667
M30 atr7 m1.8,74,2021-09-24 01:30:00+00:00,1,1749.278,1739.278,-30.35,-1.0116666666666667
M30 atr7 m1.8,75,2021-09-30 02:00:00+00:00,1,1731.288,1751.358,59.85999999999981,1.995333333333327
M30 atr7 m1.8,76,2021-10-01 01:00:00+00:00,-1,1751.358,1761.358,-30.35,-1.0116666666666667
M30 atr7 m1.8,77,2021-10-04 02:30:00+00:00,-1,1759.718,1769.718,-30.35,-1.0116666666666667
M30 atr7 m1.8,78,2021-10-05 02:30:00+00:00,-1,1763.268,1773.268,-30.35,-1.0116666666666667
M30 atr7 m1.8,79,2021-10-11 02:00:00+00:00,1,1759.948,1751.718,-25.040000000000056,-0.8346666666666686
M30 atr7 m1.8,80,2021-10-12 00:30:00+00:00,-1,1751.718,1755.878,-12.829999999999563,-0.4276666666666521
M30 atr7 m1.8,81,2021-10-12 02:00:00+00:00,1,1755.878,1788.374,97.13800000000029,3.237933333333343
M30 atr7 m1.8,82,2021-10-14 02:30:00+00:00,-1,1788.374,1798.374,-30.35,-1.0116666666666667
M30 atr7 m1.8,83,2021-10-15 01:00:00+00:00,-1,1794.514,1770.894,70.50999999999968,2.3503333333333227
M30 atr7 m1.8,84,2021-10-18 00:00:00+00:00,1,1770.894,1760.894,-30.35,-1.0116666666666667
M30 atr7 m1.8,85,2021-10-20 01:30:00+00:00,1,1772.554,1805.334,97.98999999999992,3.2663333333333306
M30 atr7 m1.8,86,2021-10-26 01:00:00+00:00,-1,1805.334,1784.438,62.33799999999987,2.077933333333329
M30 atr7 m1.8,87,2021-11-01 02:00:00+00:00,1,1784.438,1774.438,-30.35,-1.0116666666666667
M30 atr7 m1.8,88,2021-11-09 03:30:00+00:00,-1,1822.028,1832.028,-30.35,-1.0116666666666667
M30 atr7 m1.8,89,2021-11-10 02:00:00+00:00,-1,1827.663,1837.663,-30.35,-1.0116666666666667
M30 atr7 m1.8,90,2021-11-11 03:30:00+00:00,1,1850.488,1860.348,29.2299999999997,0.9743333333333233
M30 atr7 m1.8,91,2021-11-15 02:00:00+00:00,-1,1860.348,1870.348,-30.35,-1.0116666666666667
M30 atr7 m1.8,92,2021-11-16 02:30:00+00:00,1,1866.458,1856.458,-30.35,-1.0116666666666667
M30 atr7 m1.8,93,2021-11-17 01:00:00+00:00,1,1854.378,1865.808,33.94000000000018,1.1313333333333395
M30 atr7 m1.8,94,2021-11-18 03:30:00+00:00,-1,1865.808,1794.848,212.5300000000001,7.084333333333336
M30 atr7 m1.8,95,2021-11-24 02:00:00+00:00,1,1794.848,1784.848,-30.35,-1.0116666666666667
M30 atr7 m1.8,96,2021-11-25 00:00:00+00:00,1,1789.518,1779.518,-30.35,-1.0116666666666667
M30 atr7 m1.8,97,2021-11-30 02:00:00+00:00,1,1788.358,1778.358,-30.35,-1.0116666666666667
M30 atr7 m1.8,98,2021-12-01 03:30:00+00:00,1,1779.238,1769.238,-30.35,-1.0116666666666667
M30 atr7 m1.8,99,2021-12-03 01:00:00+00:00,1,1771.488,1761.488,-30.35,-1.0116666666666667
M30 atr7 m1.8,100,2021-12-28 02:30:00+00:00,-1,1808.828,1818.828,-30.35,-1.0116666666666667
M30 atr7 m1.8,101,2021-12-30 03:00:00+00:00,-1,1801.515,1811.515,-30.35,-1.0116666666666667
M30 atr7 m1.8,102,2022-01-03 03:00:00+00:00,-1,1826.088,1806.609,58.087000000000124,1.9362333333333375
M30 atr7 m1.8,103,2022-01-04 02:30:00+00:00,1,1806.609,1796.609,-30.35,-1.0116666666666667
M30 atr7 m1.8,104,2022-01-12 01:30:00+00:00,-1,1818.618,1828.618,-30.35,-1.0116666666666667
M30 atr7 m1.8,105,2022-01-17 03:30:00+00:00,1,1818.818,1808.818,-30.35,-1.0116666666666667
M30 atr7 m1.8,106,2022-01-21 03:00:00+00:00,1,1841.028,1831.028,-30.35,-1.0116666666666667
M30 atr7 m1.8,107,2022-01-23 23:30:00+00:00,1,1835.968,1846.965,32.64099999999953,1.0880333333333176
M30 atr7 m1.8,108,2022-01-26 01:30:00+00:00,-1,1846.965,1809.118,113.19099999999995,3.7730333333333315
M30 atr7 m1.8,109,2022-02-06 23:30:00+00:00,1,1809.118,1890.118,242.64999999999998,8.088333333333333
M30 atr7 m1.8,110,2022-02-18 02:00:00+00:00,-1,1890.118,1900.118,-30.35,-1.0116666666666667
M30 atr7 m1.8,111,2022-02-21 01:00:00+00:00,-1,1898.088,1908.088,-30.35,-1.0116666666666667
M30 atr7 m1.8,112,2022-02-24 23:30:00+00:00,1,1911.428,1901.428,-30.35,-1.0116666666666667
M30 atr7 m1.8,113,2022-02-27 23:30:00+00:00,1,1914.528,1904.528,-30.35,-1.0116666666666667
M30 atr7 m1.8,114,2022-03-02 01:00:00+00:00,-1,1935.048,1945.048,-30.35,-1.0116666666666667
M30 atr7 m1.8,115,2022-03-04 02:00:00+00:00,-1,1933.693,1943.693,-30.35,-1.0116666666666667
M30 atr7 m1.8,116,2022-03-08 01:30:00+00:00,-1,1981.448,1991.448,-30.35,-1.0116666666666667
M30 atr7 m1.8,117,2022-03-21 02:00:00+00:00,1,1927.948,1917.948,-30.35,-1.0116666666666667
M30 atr7 m1.8,118,2022-03-22 01:30:00+00:00,-1,1930.578,1923.028,22.299999999999862,0.7433333333333287
M30 atr7 m1.8,119,2022-03-23 03:00:00+00:00,1,1923.028,1941.908,56.289999999999644,1.8763333333333214
M30 atr7 m1.8,120,2022-03-24 02:00:00+00:00,-1,1941.908,1951.908,-30.35,-1.0116666666666667
M30 atr7 m1.8,121,2022-03-28 01:30:00+00:00,-1,1949.672,1959.672,-30.35,-1.0116666666666667
M30 atr7 m1.8,122,2022-04-27 03:00:00+00:00,-1,1898.768,1908.768,-30.35,-1.0116666666666667
M30 atr7 m1.8,123,2022-05-03 02:00:00+00:00,-1,1859.888,1869.888,-30.35,-1.0116666666666667
M30 atr7 m1.8,124,2022-05-04 01:30:00+00:00,-1,1863.283,1873.283,-30.35,-1.0116666666666667
M30 atr7 m1.8,125,2022-05-06 03:00:00+00:00,1,1875.498,1877.898,6.84999999999959,0.22833333333331968
M30 atr7 m1.8,126,2022-05-09 01:30:00+00:00,-1,1877.898,1859.388,55.179999999999964,1.8393333333333322
M30 atr7 m1.8,127,2022-05-10 02:30:00+00:00,1,1859.388,1849.388,-30.35,-1.0116666666666667
M30 atr7 m1.8,128,2022-05-13 01:30:00+00:00,1,1824.579,1814.579,-30.35,-1.0116666666666667
M30 atr7 m1.8,129,2022-05-16 03:30:00+00:00,-1,1809.788,1819.788,-30.35,-1.0116666666666667
M30 atr7 m1.8,130,2022-05-20 01:30:00+00:00,-1,1838.173,1848.173,-30.35,-1.0116666666666667
M30 atr7 m1.8,131,2022-05-24 02:00:00+00:00,-1,1849.748,1854.518,-14.659999999999945,-0.48866666666666486
M30 atr7 m1.8,132,2022-05-24 03:30:00+00:00,1,1854.518,1862.334,23.09800000000009,0.7699333333333364
M30 atr7 m1.8,133,2022-05-25 01:30:00+00:00,-1,1862.334,1855.813,19.212999999999873,0.6404333333333291
M30 atr7 m1.8,134,2022-05-27 02:00:00+00:00,1,1855.813,1845.813,-30.35,-1.0116666666666667
M30 atr7 m1.8,135,2022-06-03 03:30:00+00:00,-1,1868.253,1854.408,41.18500000000008,1.372833333333336
M30 atr7 m1.8,136,2022-06-06 03:00:00+00:00,1,1854.408,1844.408,-30.35,-1.0116666666666667
M30 atr7 m1.8,137,2022-06-08 03:00:00+00:00,-1,1848.933,1858.933,-30.35,-1.0116666666666667
M30 atr7 m1.8,138,2022-06-13 01:30:00+00:00,-1,1868.448,1826.835,124.48900000000017,4.149633333333339
M30 atr7 m1.8,139,2022-06-14 03:00:00+00:00,1,1826.835,1816.835,-30.35,-1.0116666666666667
M30 atr7 m1.8,140,2022-06-15 01:30:00+00:00,1,1814.704,1847.854,99.10000000000028,3.3033333333333426
M30 atr7 m1.8,141,2022-06-17 00:30:00+00:00,-1,1847.854,1842.198,16.617999999999846,0.5539333333333282
M30 atr7 m1.8,142,2022-06-20 03:00:00+00:00,1,1842.198,1832.198,-30.35,-1.0116666666666667
M30 atr7 m1.8,143,2022-06-23 02:00:00+00:00,-1,1832.968,1842.968,-30.35,-1.0116666666666667
M30 atr7 m1.8,144,2022-06-29 02:00:00+00:00,1,1822.018,1812.018,-30.35,-1.0116666666666667
M30 atr7 m1.8,145,2022-06-30 02:30:00+00:00,1,1821.688,1811.688,-30.35,-1.0116666666666667
M30 atr7 m1.8,146,2022-07-05 02:00:00+00:00,1,1811.618,1801.618,-30.35,-1.0116666666666667
M30 atr7 m1.8,147,2022-07-07 03:00:00+00:00,1,1743.874,1733.874,-30.35,-1.0116666666666667
M30 atr7 m1.8,148,2022-07-12 02:00:00+00:00,1,1734.514,1724.514,-30.35,-1.0116666666666667
M30 atr7 m1.8,149,2022-07-13 02:30:00+00:00,1,1727.668,1717.668,-30.35,-1.0116666666666667
M30 atr7 m1.8,150,2022-07-14 01:00:00+00:00,-1,1728.094,1733.038,-15.181999999999878,-0.5060666666666626
M30 atr7 m1.8,151,2022-07-14 03:30:00+00:00,1,1733.038,1723.038,-30.35,-1.0116666666666667
M30 atr7 m1.8,152,2022-07-15 02:00:00+00:00,1,1713.854,1708.648,-15.968000000000393,-0.5322666666666798
M30 atr7 m1.8,153,2022-07-15 03:30:00+00:00,-1,1708.648,1718.648,-30.35,-1.0116666666666667
M30 atr7 m1.8,154,2022-07-22 03:30:00+00:00,-1,1713.464,1723.464,-30.35,-1.0116666666666667
M30 atr7 m1.8,155,2022-07-25 03:00:00+00:00,1,1727.198,1717.198,-30.35,-1.0116666666666667
M30 atr7 m1.8,156,2022-07-26 00:30:00+00:00,1,1721.706,1711.706,-30.35,-1.0116666666666667
M30 atr7 m1.8,157,2022-08-02 00:30:00+00:00,1,1774.404,1764.404,-30.35,-1.0116666666666667
M30 atr7 m1.8,158,2022-08-03 01:30:00+00:00,1,1763.194,1789.084,77.3200000000003,2.5773333333333435
M30 atr7 m1.8,159,2022-08-05 02:30:00+00:00,-1,1789.084,1799.084,-30.35,-1.0116666666666667
M30 atr7 m1.8,160,2022-08-15 02:30:00+00:00,-1,1795.474,1713.738,244.8579999999996,8.16193333333332
M30 atr7 m1.8,161,2022-09-09 00:30:00+00:00,1,1713.738,1703.738,-30.35,-1.0116666666666667
M30 atr7 m1.8,162,2022-09-19 01:30:00+00:00,-1,1673.045,1683.045,-30.35,-1.0116666666666667
M30 atr7 m1.8,163,2022-09-22 00:00:00+00:00,-1,1666.928,1676.928,-30.35,-1.0116666666666667
M30 atr7 m1.8,164,2022-09-27 01:00:00+00:00,1,1630.618,1620.618,-30.35,-1.0116666666666667
M30 atr7 m1.8,165,2022-10-03 01:30:00+00:00,1,1667.218,1663.378,-11.870000000000434,-0.39566666666668115
M30 atr7 m1.8,166,2022-10-03 03:00:00+00:00,-1,1663.378,1673.378,-30.35,-1.0116666666666667
M30 atr7 m1.8,167,2022-10-04 02:00:00+00:00,-1,1695.464,1705.464,-30.35,-1.0116666666666667
M30 atr7 m1.8,168,2022-10-05 02:00:00+00:00,-1,1719.924,1672.825,140.9469999999998,4.698233333333326
M30 atr7 m1.8,169,2022-10-11 01:30:00+00:00,1,1672.825,1662.825,-30.35,-1.0116666666666667
M30 atr7 m1.8,170,2022-10-11 02:00:00+00:00,-1,1668.128,1678.128,-30.35,-1.0116666666666667
M30 atr7 m1.8,171,2022-10-13 02:30:00+00:00,-1,1670.268,1680.268,-30.35,-1.0116666666666667
M30 atr7 m1.8,172,2022-10-17 02:00:00+00:00,1,1651.838,1641.838,-30.35,-1.0116666666666667
M30 atr7 m1.8,173,2022-10-24 02:00:00+00:00,-1,1653.577,1652.988,1.4169999999998253,0.04723333333332751
M30 atr7 m1.8,174,2022-10-25 00:30:00+00:00,1,1652.988,1648.327,-14.333000000000172,-0.4777666666666724
M30 atr7 m1.8,175,2022-10-25 02:30:00+00:00,-1,1648.327,1658.327,-30.35,-1.0116666666666667
M30 atr7 m1.8,176,2022-10-27 02:30:00+00:00,-1,1663.387,1666.097,-8.480000000000109,-0.2826666666666703
M30 atr7 m1.8,177,2022-10-28 02:00:00+00:00,1,1666.097,1656.097,-30.35,-1.0116666666666667
M30 atr7 m1.8,178,2022-11-01 01:30:00+00:00,1,1635.618,1625.618,-30.35,-1.0116666666666667
M30 atr7 m1.8,179,2022-11-07 00:00:00+00:00,-1,1672.698,1682.698,-30.35,-1.0116666666666667
M30 atr7 m1.8,180,2022-11-11 02:00:00+00:00,-1,1747.408,1757.408,-30.35,-1.0116666666666667
M30 atr7 m1.8,181,2022-11-14 00:30:00+00:00,-1,1762.208,1772.208,-30.35,-1.0116666666666667
M30 atr7 m1.8,182,2022-11-15 01:00:00+00:00,-1,1767.788,1777.788,-30.35,-1.0116666666666667
M30 atr7 m1.8,183,2022-11-18 01:30:00+00:00,1,1763.588,1753.588,-30.35,-1.0116666666666667
M30 atr7 m1.8,184,2022-11-22 00:30:00+00:00,1,1740.627,1738.807,-5.809999999999809,-0.1936666666666603
M30 atr7 m1.8,185,2022-11-23 03:30:00+00:00,-1,1738.807,1748.807,-30.35,-1.0116666666666667
M30 atr7 m1.8,186,2022-11-25 01:30:00+00:00,1,1755.948,1745.948,-30.35,-1.0116666666666667
M30 atr7 m1.8,187,2022-11-28 01:30:00+00:00,-1,1748.748,1758.748,-30.35,-1.0116666666666667
M30 atr7 m1.8,188,2022-11-29 02:00:00+00:00,1,1746.148,1797.848,154.75000000000014,5.158333333333338
M30 atr7 m1.8,189,2022-12-02 02:00:00+00:00,-1,1797.848,1807.848,-30.35,-1.0116666666666667
M30 atr7 m1.8,190,2022-12-06 01:30:00+00:00,1,1773.758,1782.548,26.019999999999886,0.8673333333333295
M30 atr7 m1.8,191,2022-12-08 01:30:00+00:00,-1,1782.548,1792.548,-30.35,-1.0116666666666667
M30 atr7 m1.8,192,2022-12-12 00:30:00+00:00,-1,1793.458,1785.625,23.14900000000025,0.7716333333333416
M30 atr7 m1.8,193,2022-12-13 03:00:00+00:00,1,1785.625,1775.625,-30.35,-1.0116666666666667
M30 atr7 m1.8,194,2022-12-16 02:30:00+00:00,1,1781.255,1912.985,394.83999999999935,13.161333333333312
M30 atr7 m1.8,195,2023-01-17 02:00:00+00:00,-1,1912.985,1922.985,-30.35,-1.0116666666666667
M30 atr7 m1.8,196,2023-01-25 03:30:00+00:00,-1,1932.665,1942.665,-30.35,-1.0116666666666667
M30 atr7 m1.8,197,2023-01-27 01:00:00+00:00,1,1933.765,1928.325,-16.670000000000165,-0.5556666666666722
M30 atr7 m1.8,198,2023-01-27 02:30:00+00:00,-1,1928.325,1925.475,8.20000000000041,0.273333333333347
M30 atr7 m1.8,199,2023-01-31 02:30:00+00:00,1,1925.475,1915.475,-30.35,-1.0116666666666667
M30 atr7 m1.8,200,2023-02-06 02:00:00+00:00,1,1872.648,1862.648,-30.35,-1.0116666666666667
M30 atr7 m1.8,201,2023-02-14 03:00:00+00:00,1,1857.515,1847.515,-30.35,-1.0116666666666667
M30 atr7 m1.8,202,2023-02-16 02:00:00+00:00,1,1841.295,1831.295,-30.35,-1.0116666666666667
M30 atr7 m1.8,203,2023-02-23 03:00:00+00:00,1,1829.575,1819.575,-30.35,-1.0116666666666667
M30 atr7 m1.8,204,2023-02-24 01:00:00+00:00,1,1826.335,1816.335,-30.35,-1.0116666666666667
M30 atr7 m1.8,205,2023-03-01 01:00:00+00:00,-1,1823.365,1829.045,-17.390000000000192,-0.5796666666666731
M30 atr7 m1.8,206,2023-03-01 02:00:00+00:00,1,1829.045,1833.025,11.590000000000055,0.38633333333333514
M30 atr7 m1.8,207,2023-03-02 02:00:00+00:00,-1,1833.025,1843.025,-30.35,-1.0116666666666667
M30 atr7 m1.8,208,2023-03-07 02:30:00+00:00,1,1849.875,1839.875,-30.35,-1.0116666666666667
M30 atr7 m1.8,209,2023-03-10 03:00:00+00:00,-1,1829.375,1839.375,-30.35,-1.0116666666666667
M30 atr7 m1.8,210,2023-03-14 02:00:00+00:00,-1,1905.975,1915.975,-30.35,-1.0116666666666667
M30 atr7 m1.8,211,2023-03-17 02:30:00+00:00,1,1924.215,1969.625,135.88000000000025,4.529333333333342
M30 atr7 m1.8,212,2023-03-20 02:00:00+00:00,-1,1969.625,1979.625,-30.35,-1.0116666666666667
M30 atr7 m1.8,213,2023-03-28 01:00:00+00:00,1,1959.308,1949.308,-30.35,-1.0116666666666667
M30 atr7 m1.8,214,2023-03-29 01:30:00+00:00,-1,1967.245,1977.245,-30.35,-1.0116666666666667
M30 atr7 m1.8,215,2023-04-04 02:00:00+00:00,-1,1978.124,1988.124,-30.35,-1.0116666666666667
M30 atr7 m1.8,216,2023-04-11 02:30:00+00:00,1,1995.484,1985.484,-30.35,-1.0116666666666667
M30 atr7 m1.8,217,2023-04-18 02:00:00+00:00,1,1997.625,1987.625,-30.35,-1.0116666666666667
M30 atr7 m1.8,218,2023-04-20 03:00:00+00:00,-1,1991.705,2001.705,-30.35,-1.0116666666666667
M30 atr7 m1.8,219,2023-04-26 03:30:00+00:00,-1,1994.595,2004.595,-30.35,-1.0116666666666667
M30 atr7 m1.8,220,2023-04-27 02:30:00+00:00,1,1996.085,1986.085,-30.35,-1.0116666666666667
M30 atr7 m1.8,221,2023-04-28 02:00:00+00:00,1,1990.475,1980.475,-30.35,-1.0116666666666667
M30 atr7 m1.8,222,2023-05-01 01:00:00+00:00,-1,1983.845,1993.845,-30.35,-1.0116666666666667
M30 atr7 m1.8,223,2023-05-05 02:30:00+00:00,-1,2045.755,2018.065,82.72000000000017,2.757333333333339
M30 atr7 m1.8,224,2023-05-08 00:30:00+00:00,1,2018.065,2032.744,43.68699999999958,1.4562333333333193
M30 atr7 m1.8,225,2023-05-10 02:00:00+00:00,-1,2032.744,2042.744,-30.35,-1.0116666666666667
M30 atr7 m1.8,226,2023-05-11 01:00:00+00:00,1,2035.264,2025.264,-30.35,-1.0116666666666667
M30 atr7 m1.8,227,2023-05-15 01:30:00+00:00,1,2014.764,2004.764,-30.35,-1.0116666666666667
M30 atr7 m1.8,228,2023-05-19 03:00:00+00:00,1,1962.745,1952.745,-30.35,-1.0116666666666667
M30 atr7 m1.8,229,2023-05-26 01:30:00+00:00,1,1943.985,1941.935,-6.499999999999863,-0.2166666666666621
M30 atr7 m1.8,230,2023-05-30 03:30:00+00:00,-1,1941.935,1951.935,-30.35,-1.0116666666666667
M30 atr7 m1.8,231,2023-05-31 02:00:00+00:00,-1,1954.725,1964.725,-30.35,-1.0116666666666667
M30 atr7 m1.8,232,2023-06-07 01:30:00+00:00,1,1966.115,1956.115,-30.35,-1.0116666666666667
M30 atr7 m1.8,233,2023-06-08 00:30:00+00:00,1,1945.325,1956.865,34.26999999999989,1.1423333333333296
M30 atr7 m1.8,234,2023-06-13 02:00:00+00:00,-1,1956.865,1966.865,-30.35,-1.0116666666666667
M30 atr7 m1.8,235,2023-06-14 02:30:00+00:00,1,1947.654,1937.654,-30.35,-1.0116666666666667
M30 atr7 m1.8,236,2023-06-16 03:00:00+00:00,-1,1955.345,1965.345,-30.35,-1.0116666666666667
M30 atr7 m1.8,237,2023-06-27 01:30:00+00:00,1,1925.215,1915.215,-30.35,-1.0116666666666667
M30 atr7 m1.8,238,2023-07-03 03:00:00+00:00,-1,1914.765,1924.765,-30.35,-1.0116666666666667
M30 atr7 m1.8,239,2023-07-12 01:00:00+00:00,1,1935.695,1974.465,115.95999999999994,3.8653333333333313
M30 atr7 m1.8,240,2023-07-19 02:30:00+00:00,-1,1974.465,1984.465,-30.35,-1.0116666666666667
M30 atr7 m1.8,241,2023-07-25 01:30:00+00:00,1,1959.465,1949.465,-30.35,-1.0116666666666667
M30 atr7 m1.8,242,2023-07-28 02:00:00+00:00,1,1950.895,1956.585,16.720000000000162,0.5573333333333388
M30 atr7 m1.8,243,2023-07-31 02:00:00+00:00,-1,1956.585,1966.585,-30.35,-1.0116666666666667
M30 atr7 m1.8,244,2023-08-09 02:30:00+00:00,1,1928.735,1918.735,-30.35,-1.0116666666666667
M30 atr7 m1.8,245,2023-08-10 02:00:00+00:00,1,1917.935,1907.935,-30.35,-1.0116666666666667
M30 atr7 m1.8,246,2023-08-16 03:30:00+00:00,1,1904.775,1894.775,-30.35,-1.0116666666666667
M30 atr7 m1.8,247,2023-08-18 00:00:00+00:00,1,1891.215,1915.285,71.8600000000005,2.3953333333333497
M30 atr7 m1.8,248,2023-08-25 00:30:00+00:00,-1,1915.285,1925.285,-30.35,-1.0116666666666667
M30 atr7 m1.8,249,2023-08-29 03:00:00+00:00,1,1923.778,1939.158,45.789999999999644,1.5263333333333216
M30 atr7 m1.8,250,2023-09-01 03:30:00+00:00,-1,1939.158,1949.158,-30.35,-1.0116666666666667
M30 atr7 m1.8,251,2023-09-04 02:00:00+00:00,1,1942.975,1932.975,-30.35,-1.0116666666666667
M30 atr7 m1.8,252,2023-09-07 02:00:00+00:00,1,1919.455,1909.455,-30.35,-1.0116666666666667
M30 atr7 m1.8,253,2023-09-13 02:30:00+00:00,-1,1910.095,1912.515,-7.610000000000217,-0.2536666666666739
M30 atr7 m1.8,254,2023-09-14 01:00:00+00:00,1,1912.515,1902.515,-30.35,-1.0116666666666667
M30 atr7 m1.8,255,2023-09-18 02:30:00+00:00,1,1926.355,1916.355,-30.35,-1.0116666666666667
M30 atr7 m1.8,256,2023-09-25 00:30:00+00:00,-1,1924.005,1823.358,301.59100000000046,10.05303333333335
M30 atr7 m1.8,257,2023-10-06 02:30:00+00:00,1,1823.358,1813.358,-30.35,-1.0116666666666667
M30 atr7 m1.8,258,2023-10-13 01:00:00+00:00,1,1872.455,1916.485,131.73999999999992,4.391333333333331
M30 atr7 m1.8,259,2023-10-17 01:00:00+00:00,-1,1916.485,1926.485,-30.35,-1.0116666666666667
M30 atr7 m1.8,260,2023-10-18 01:00:00+00:00,1,1927.305,1971.185,131.28999999999965,4.376333333333322
M30 atr7 m1.8,261,2023-10-25 03:30:00+00:00,-1,1971.185,1981.185,-30.35,-1.0116666666666667
M30 atr7 m1.8,262,2023-11-01 23:30:00+00:00,1,1985.085,1988.675,10.419999999999753,0.3473333333333251
M30 atr7 m1.8,263,2023-11-05 23:30:00+00:00,-1,1988.675,1954.275,102.84999999999958,3.4283333333333195
M30 atr7 m1.8,264,2023-11-09 01:30:00+00:00,1,1954.275,1949.645,-14.240000000000327,-0.47466666666667756
M30 atr7 m1.8,265,2023-11-09 03:30:00+00:00,-1,1949.645,1959.645,-30.35,-1.0116666666666667
M30 atr7 m1.8,266,2023-11-20 01:30:00+00:00,1,1982.605,1972.605,-30.35,-1.0116666666666667
M30 atr7 m1.8,267,2023-11-22 01:00:00+00:00,-1,1997.355,1993.945,9.880000000000246,0.3293333333333415
M30 atr7 m1.8,268,2023-11-23 02:30:00+00:00,1,1993.945,2095.915,305.56000000000006,10.185333333333336
M30 atr7 m1.8,269,2023-12-04 01:00:00+00:00,-1,2095.915,2037.445,175.06000000000006,5.8353333333333355
M30 atr7 m1.8,270,2023-12-05 00:30:00+00:00,1,2037.445,2027.445,-30.35,-1.0116666666666667
M30 atr7 m1.8,271,2023-12-08 02:00:00+00:00,1,2032.185,2022.185,-30.35,-1.0116666666666667
M30 atr7 m1.8,272,2023-12-12 00:30:00+00:00,1,1984.015,1974.015,-30.35,-1.0116666666666667
M30 atr7 m1.8,273,2023-12-19 03:30:00+00:00,-1,2023.785,2033.785,-30.35,-1.0116666666666667
M30 atr7 m1.8,274,2023-12-20 02:30:00+00:00,-1,2038.005,2036.798,3.271000000000322,0.10903333333334406
M30 atr7 m1.8,275,2023-12-21 03:00:00+00:00,1,2036.798,2026.798,-30.35,-1.0116666666666667
M30 atr7 m1.8,276,2024-01-09 00:30:00+00:00,1,2033.755,2023.755,-30.35,-1.0116666666666667
M30 atr7 m1.8,277,2024-01-11 01:30:00+00:00,1,2027.964,2017.964,-30.35,-1.0116666666666667
M30 atr7 m1.8,278,2024-01-15 02:30:00+00:00,1,2054.525,2051.335,-9.920000000000163,-0.3306666666666721
M30 atr7 m1.8,279,2024-01-16 01:00:00+00:00,-1,2051.335,2011.555,118.98999999999992,3.966333333333331
M30 atr7 m1.8,280,2024-01-18 02:00:00+00:00,1,2011.555,2024.095,37.26999999999988,1.2423333333333295
M30 atr7 m1.8,281,2024-01-24 03:00:00+00:00,-1,2024.095,2034.095,-30.35,-1.0116666666666667
M30 atr7 m1.8,282,2024-01-28 23:30:00+00:00,1,2027.064,2019.865,-21.94700000000021,-0.7315666666666736
M30 atr7 m1.8,283,2024-01-29 00:30:00+00:00,-1,2019.865,2029.865,-30.35,-1.0116666666666667
M30 atr7 m1.8,284,2024-02-01 02:30:00+00:00,1,2046.455,2036.455,-30.35,-1.0116666666666667
M30 atr7 m1.8,285,2024-02-04 23:30:00+00:00,1,2041.375,2035.035,-19.369999999999756,-0.6456666666666585
M30 atr7 m1.8,286,2024-02-05 00:30:00+00:00,-1,2035.035,2018.395,49.5700000000003,1.6523333333333432
M30 atr7 m1.8,287,2024-02-20 01:30:00+00:00,1,2018.395,2032.005,40.48000000000038,1.349333333333346
M30 atr7 m1.8,288,2024-02-26 00:30:00+00:00,-1,2032.005,2033.325,-4.309999999999809,-0.14366666666666028
M30 atr7 m1.8,289,2024-02-28 02:00:00+00:00,1,2033.325,2155.375,365.79999999999984,12.193333333333328
M30 atr7 m1.8,290,2024-03-08 03:00:00+00:00,-1,2155.375,2165.375,-30.35,-1.0116666666666667
M30 atr7 m1.8,291,2024-03-11 03:00:00+00:00,-1,2177.345,2164.605,37.869999999999344,1.2623333333333115
M30 atr7 m1.8,292,2024-03-15 01:30:00+00:00,1,2164.605,2154.605,-30.35,-1.0116666666666667
M30 atr7 m1.8,293,2024-03-22 01:00:00+00:00,1,2184.885,2174.885,-30.35,-1.0116666666666667
M30 atr7 m1.8,294,2024-03-22 02:00:00+00:00,-1,2173.365,2168.335,14.739999999999235,0.4913333333333078
M30 atr7 m1.8,295,2024-03-25 00:00:00+00:00,1,2168.335,2189.145,62.07999999999983,2.0693333333333275
M30 atr7 m1.8,296,2024-03-28 00:30:00+00:00,-1,2189.145,2193.855,-14.480000000000109,-0.4826666666666703
M30 atr7 m1.8,297,2024-03-28 02:30:00+00:00,1,2193.855,2385.745,575.3199999999996,19.17733333333332
M30 atr7 m1.8,298,2024-04-19 03:30:00+00:00,-1,2385.745,2395.745,-30.35,-1.0116666666666667
M30 atr7 m1.8,299,2024-05-06 01:30:00+00:00,1,2307.698,2321.378,40.69000000000087,1.3563333333333625
M30 atr7 m1.8,300,2024-05-07 03:00:00+00:00,-1,2321.378,2316.905,13.06899999999987,0.435633333333329
M30 atr7 m1.8,301,2024-05-08 03:00:00+00:00,1,2316.905,2306.905,-30.35,-1.0116666666666667
M30 atr7 m1.8,302,2024-05-14 02:00:00+00:00,1,2341.865,2420.265,234.85000000000025,7.828333333333342
M30 atr7 m1.8,303,2024-05-21 02:00:00+00:00,-1,2420.265,2430.265,-30.35,-1.0116666666666667
M30 atr7 m1.8,304,2024-05-31 03:30:00+00:00,-1,2339.555,2349.555,-30.35,-1.0116666666666667
M30 atr7 m1.8,305,2024-06-04 02:30:00+00:00,-1,2346.715,2332.705,41.68000000000065,1.389333333333355
M30 atr7 m1.8,306,2024-06-05 02:30:00+00:00,1,2332.705,2372.655,119.50000000000082,3.983333333333361
M30 atr7 m1.8,307,2024-06-07 01:30:00+00:00,-1,2372.655,2377.875,-16.0099999999994,-0.5336666666666467
M30 atr7 m1.8,308,2024-06-07 03:30:00+00:00,1,2377.875,2367.875,-30.35,-1.0116666666666667
M30 atr7 m1.8,309,2024-06-11 02:00:00+00:00,-1,2302.688,2312.688,-30.35,-1.0116666666666667
M30 atr7 m1.8,310,2024-06-14 03:00:00+00:00,1,2306.565,2325.718,57.10899999999937,1.9036333333333124
M30 atr7 m1.8,311,2024-06-17 00:30:00+00:00,-1,2325.718,2324.048,4.660000000000218,0.1553333333333406
M30 atr7 m1.8,312,2024-06-18 01:00:00+00:00,1,2324.048,2314.048,-30.35,-1.0116666666666667
M30 atr7 m1.8,313,2024-06-20 01:30:00+00:00,1,2332.205,2322.205,-30.35,-1.0116666666666667
M30 atr7 m1.8,314,2024-06-24 03:30:00+00:00,1,2325.638,2329.015,9.780999999999858,0.3260333333333286
M30 atr7 m1.8,315,2024-06-25 00:30:00+00:00,-1,2329.015,2339.015,-30.35,-1.0116666666666667
M30 atr7 m1.8,316,2024-07-02 01:00:00+00:00,1,2332.985,2322.985,-30.35,-1.0116666666666667
M30 atr7 m1.8,317,2024-07-05 02:30:00+00:00,1,2361.578,2351.578,-30.35,-1.0116666666666667
M30 atr7 m1.8,318,2024-07-08 03:00:00+00:00,-1,2382.785,2367.025,46.92999999999929,1.5643333333333096
M30 atr7 m1.8,319,2024-07-10 01:30:00+00:00,1,2367.025,2465.095,293.8599999999991,9.795333333333303
M30 atr7 m1.8,320,2024-07-17 03:30:00+00:00,-1,2465.095,2475.095,-30.35,-1.0116666666666667
M30 atr7 m1.8,321,2024-07-18 03:00:00+00:00,1,2465.485,2455.485,-30.35,-1.0116666666666667
M30 atr7 m1.8,322,2024-07-26 02:00:00+00:00,1,2373.425,2441.225,203.0499999999992,6.768333333333306
M30 atr7 m1.8,323,2024-08-01 03:00:00+00:00,-1,2441.225,2451.225,-30.35,-1.0116666666666667
M30 atr7 m1.8,324,2024-08-02 00:30:00+00:00,1,2449.305,2439.305,-30.35,-1.0116666666666667
M30 atr7 m1.8,325,2024-08-02 01:30:00+00:00,-1,2442.888,2452.888,-30.35,-1.0116666666666667
M30 atr7 m1.8,326,2024-08-02 03:00:00+00:00,1,2455.324,2445.324,-30.35,-1.0116666666666667
M30 atr7 m1.8,327,2024-08-05 03:30:00+00:00,1,2444.295,2434.295,-30.35,-1.0116666666666667
M30 atr7 m1.8,328,2024-08-08 03:00:00+00:00,1,2390.325,2464.115,221.0199999999999,7.36733333333333
M30 atr7 m1.8,329,2024-08-13 01:30:00+00:00,-1,2464.115,2474.115,-30.35,-1.0116666666666667
M30 atr7 m1.8,330,2024-08-14 02:30:00+00:00,-1,2460.444,2470.444,-30.35,-1.0116666666666667
M30 atr7 m1.8,331,2024-08-16 03:30:00+00:00,-1,2451.485,2461.485,-30.35,-1.0116666666666667
M30 atr7 m1.8,332,2024-08-19 01:30:00+00:00,-1,2497.965,2507.965,-30.35,-1.0116666666666667
M30 atr7 m1.8,333,2024-08-20 02:30:00+00:00,-1,2500.435,2510.435,-30.35,-1.0116666666666667
M30 atr7 m1.8,334,2024-08-22 02:30:00+00:00,-1,2503.125,2490.715,36.87999999999956,1.2293333333333187
M30 atr7 m1.8,335,2024-08-23 02:00:00+00:00,1,2490.715,2520.245,88.23999999999924,2.9413333333333083
M30 atr7 m1.8,336,2024-08-28 01:30:00+00:00,-1,2520.245,2495.165,74.88999999999977,2.4963333333333257
M30 atr7 m1.8,337,2024-09-04 03:00:00+00:00,1,2495.165,2485.165,-30.35,-1.0116666666666667
M30 atr7 m1.8,338,2024-09-10 02:30:00+00:00,-1,2502.255,2512.255,-30.35,-1.0116666666666667
M30 atr7 m1.8,339,2024-09-17 01:30:00+00:00,-1,2579.645,2585.995,-19.39999999999973,-0.6466666666666576
M30 atr7 m1.8,340,2024-09-17 02:30:00+00:00,1,2585.995,2579.485,-19.879999999999292,-0.6626666666666431
M30 atr7 m1.8,341,2024-09-17 03:30:00+00:00,-1,2579.485,2575.495,11.62000000000071,0.387333333333357
M30 atr7 m1.8,342,2024-09-18 03:30:00+00:00,1,2575.495,2565.495,-30.35,-1.0116666666666667
M30 atr7 m1.8,343,2024-09-30 02:00:00+00:00,-1,2652.565,2639.675,38.31999999999962,1.2773333333333206
M30 atr7 m1.8,344,2024-10-01 02:00:00+00:00,1,2639.675,2654.015,42.66999999999907,1.4223333333333024
M30 atr7 m1.8,345,2024-10-03 03:30:00+00:00,-1,2654.015,2664.015,-30.35,-1.0116666666666667
M30 atr7 m1.8,346,2024-10-10 03:00:00+00:00,1,2615.095,2605.095,-30.35,-1.0116666666666667
M30 atr7 m1.8,347,2024-10-14 03:00:00+00:00,1,2655.025,2645.025,-30.35,-1.0116666666666667
M30 atr7 m1.8,348,2024-10-17 02:00:00+00:00,1,2682.915,2672.915,-30.35,-1.0116666666666667
M30 atr7 m1.8,349,2024-10-22 01:30:00+00:00,1,2728.275,2742.815,43.26999999999988,1.4423333333333295
M30 atr7 m1.8,350,2024-10-23 01:30:00+00:00,-1,2742.815,2752.815,-30.35,-1.0116666666666667
M30 atr7 m1.8,351,2024-10-24 01:30:00+00:00,1,2726.505,2731.385,14.290000000000328,0.47633333333334427
M30 atr7 m1.8,352,2024-11-06 03:30:00+00:00,-1,2731.385,2741.385,-30.35,-1.0116666666666667
M30 atr7 m1.8,353,2024-11-08 03:00:00+00:00,-1,2697.375,2608.125,267.4,8.913333333333332
M30 atr7 m1.8,354,2024-11-13 01:30:00+00:00,1,2608.125,2598.125,-30.35,-1.0116666666666667
M30 atr7 m1.8,355,2024-11-17 23:30:00+00:00,1,2573.825,2701.905,383.89000000000107,12.796333333333369
M30 atr7 m1.8,356,2024-11-25 01:30:00+00:00,-1,2701.905,2644.805,170.9500000000011,5.69833333333337
M30 atr7 m1.8,357,2024-11-29 01:30:00+00:00,1,2644.805,2634.805,-30.35,-1.0116666666666667
M30 atr7 m1.8,358,2024-12-04 03:00:00+00:00,1,2645.748,2635.748,-30.35,-1.0116666666666667
M30 atr7 m1.8,359,2024-12-06 03:30:00+00:00,1,2636.355,2626.355,-30.35,-1.0116666666666667
M30 atr7 m1.8,360,2024-12-09 00:00:00+00:00,1,2639.925,2629.925,-30.35,-1.0116666666666667
M30 atr7 m1.8,361,2024-12-09 00:30:00+00:00,-1,2631.0,2641.0,-30.35,-1.0116666666666667
M30 atr7 m1.8,362,2024-12-09 01:30:00+00:00,1,2649.015,2639.015,-30.35,-1.0116666666666667
M30 atr7 m1.8,363,2024-12-10 01:00:00+00:00,1,2664.865,2714.085,147.31000000000077,4.910333333333359
M30 atr7 m1.8,364,2024-12-12 01:30:00+00:00,-1,2714.085,2688.445,76.56999999999962,2.552333333333321
M30 atr7 m1.8,365,2024-12-13 01:30:00+00:00,1,2688.445,2678.445,-30.35,-1.0116666666666667
M30 atr7 m1.8,366,2024-12-17 02:00:00+00:00,1,2657.725,2647.725,-30.35,-1.0116666666666667
M30 atr7 m1.8,367,2024-12-19 01:30:00+00:00,1,2604.105,2594.105,-30.35,-1.0116666666666667
M30 atr7 m1.8,368,2024-12-20 02:00:00+00:00,1,2603.655,2619.585,47.4399999999995,1.5813333333333166
M30 atr7 m1.8,369,2024-12-23 01:30:00+00:00,-1,2619.585,2629.585,-30.35,-1.0116666666666667
M30 atr7 m1.8,370,2024-12-24 01:00:00+00:00,1,2616.555,2606.555,-30.35,-1.0116666666666667
M30 atr7 m1.8,371,2024-12-31 01:30:00+00:00,1,2610.015,2680.465,211.00000000000082,7.033333333333361
M30 atr7 m1.8,372,2025-01-13 01:30:00+00:00,-1,2680.465,2690.465,-30.35,-1.0116666666666667
M30 atr7 m1.8,373,2025-01-14 00:00:00+00:00,1,2667.675,2669.935,6.429999999999291,0.2143333333333097
M30 atr7 m1.8,374,2025-01-15 02:00:00+00:00,-1,2669.935,2679.935,-30.35,-1.0116666666666667
M30 atr7 m1.8,375,2025-01-20 03:30:00+00:00,1,2700.825,2750.618,149.02900000000037,4.967633333333345
M30 atr7 m1.8,376,2025-01-23 03:30:00+00:00,-1,2750.618,2760.618,-30.35,-1.0116666666666667
M30 atr7 m1.8,377,2025-02-10 02:00:00+00:00,1,2871.695,2918.248,139.30899999999966,4.643633333333322
M30 atr7 m1.8,378,2025-02-11 03:00:00+00:00,-1,2918.248,2928.248,-30.35,-1.0116666666666667
M30 atr7 m1.8,379,2025-02-12 01:00:00+00:00,-1,2892.085,2902.085,-30.35,-1.0116666666666667
M30 atr7 m1.8,380,2025-02-17 02:00:00+00:00,1,2895.385,2928.975,100.41999999999908,3.3473333333333026
M30 atr7 m1.8,381,2025-02-19 03:00:00+00:00,-1,2928.975,2938.975,-30.35,-1.0116666666666667
M30 atr7 m1.8,382,2025-02-21 02:00:00+00:00,-1,2928.495,2938.495,-30.35,-1.0116666666666667
M30 atr7 m1.8,383,2025-02-24 01:00:00+00:00,-1,2930.035,2940.035,-30.35,-1.0116666666666667
M30 atr7 m1.8,384,2025-02-24 03:00:00+00:00,1,2940.645,2930.645,-30.35,-1.0116666666666667
M30 atr7 m1.8,385,2025-02-25 03:30:00+00:00,-1,2944.708,2897.555,141.10900000000075,4.703633333333358
M30 atr7 m1.8,386,2025-03-11 02:30:00+00:00,1,2897.555,3035.745,414.22000000000014,13.807333333333338
M30 atr7 m1.8,387,2025-03-21 02:00:00+00:00,-1,3035.745,3013.968,64.98100000000014,2.166033333333338
M30 atr7 m1.8,388,2025-03-25 01:00:00+00:00,1,3013.968,3018.535,13.351000000000022,0.44503333333333406
M30 atr7 m1.8,389,2025-03-26 03:30:00+00:00,-1,3018.535,3028.535,-30.35,-1.0116666666666667
M30 atr7 m1.8,390,2025-03-27 01:00:00+00:00,1,3025.145,3078.748,160.45900000000017,5.348633333333339
M30 atr7 m1.8,391,2025-03-31 01:00:00+00:00,-1,3078.748,3088.748,-30.35,-1.0116666666666667
M30 atr7 m1.8,392,2025-03-31 01:30:00+00:00,1,3091.295,3081.295,-30.35,-1.0116666666666667
M30 atr7 m1.8,393,2025-04-04 03:00:00+00:00,-1,3096.555,3106.555,-30.35,-1.0116666666666667
M30 atr7 m1.8,394,2025-04-07 02:00:00+00:00,1,3037.845,3027.845,-30.35,-1.0116666666666667
M30 atr7 m1.8,395,2025-04-08 01:30:00+00:00,1,2995.769,2985.769,-30.35,-1.0116666666666667
M30 atr7 m1.8,396,2025-04-09 02:00:00+00:00,1,3007.912,3323.635,946.8190000000011,31.56063333333337
M30 atr7 m1.8,397,2025-04-17 02:00:00+00:00,-1,3323.635,3333.635,-30.35,-1.0116666666666667
M30 atr7 m1.8,398,2025-04-23 01:00:00+00:00,1,3367.665,3357.665,-30.35,-1.0116666666666667
M30 atr7 m1.8,399,2025-04-23 03:30:00+00:00,-1,3334.915,3344.915,-30.35,-1.0116666666666667
M30 atr7 m1.8,400,2025-04-25 02:00:00+00:00,-1,3345.465,3247.775,292.72000000000014,9.757333333333339
M30 atr7 m1.8,401,2025-05-05 00:00:00+00:00,1,3247.775,3290.855,128.8899999999998,4.296333333333326
M30 atr7 m1.8,402,2025-05-09 02:00:00+00:00,-1,3290.855,3300.855,-30.35,-1.0116666666666667
M30 atr7 m1.8,403,2025-05-09 03:00:00+00:00,1,3308.055,3298.055,-30.35,-1.0116666666666667
M30 atr7 m1.8,404,2025-05-13 02:00:00+00:00,-1,3225.135,3235.135,-30.35,-1.0116666666666667
M30 atr7 m1.8,405,2025-05-14 01:00:00+00:00,-1,3243.379,3253.379,-30.35,-1.0116666666666667
M30 atr7 m1.8,406,2025-05-27 01:30:00+00:00,-1,3339.105,3346.615,-22.879999999999292,-0.7626666666666431
M30 atr7 m1.8,407,2025-05-27 03:30:00+00:00,1,3346.615,3336.615,-30.35,-1.0116666666666667
M30 atr7 m1.8,408,2025-05-27 23:30:00+00:00,1,3308.298,3298.298,-30.35,-1.0116666666666667
M30 atr7 m1.8,409,2025-05-28 02:00:00+00:00,-1,3301.555,3311.555,-30.35,-1.0116666666666667
M30 atr7 m1.8,410,2025-05-30 02:30:00+00:00,-1,3301.698,3311.698,-30.35,-1.0116666666666667
M30 atr7 m1.8,411,2025-06-03 01:00:00+00:00,-1,3375.695,3363.745,35.50000000000081,1.1833333333333604
M30 atr7 m1.8,412,2025-06-04 01:30:00+00:00,1,3363.745,3353.745,-30.35,-1.0116666666666667
M30 atr7 m1.8,413,2025-06-06 01:30:00+00:00,1,3368.255,3358.255,-30.35,-1.0116666666666667
M30 atr7 m1.8,414,2025-06-11 01:00:00+00:00,1,3332.148,3322.148,-30.35,-1.0116666666666667
M30 atr7 m1.8,415,2025-06-17 03:30:00+00:00,-1,3385.345,3395.345,-30.35,-1.0116666666666667
M30 atr7 m1.8,416,2025-06-23 00:30:00+00:00,-1,3362.545,3372.545,-30.35,-1.0116666666666667
M30 atr7 m1.8,417,2025-06-26 02:00:00+00:00,-1,3329.855,3339.855,-30.35,-1.0116666666666667
M30 atr7 m1.8,418,2025-06-30 02:30:00+00:00,1,3280.185,3350.255,209.8600000000005,6.99533333333335
M30 atr7 m1.8,419,2025-07-02 23:30:00+00:00,-1,3350.255,3360.255,-30.35,-1.0116666666666667
M30 atr7 m1.8,420,2025-07-04 01:30:00+00:00,1,3332.418,3322.418,-30.35,-1.0116666666666667
M30 atr7 m1.8,421,2025-07-08 00:30:00+00:00,-1,3332.498,3342.498,-30.35,-1.0116666666666667
M30 atr7 m1.8,422,2025-07-14 02:00:00+00:00,-1,3358.295,3368.295,-30.35,-1.0116666666666667
M30 atr7 m1.8,423,2025-07-15 03:00:00+00:00,1,3350.655,3340.655,-30.35,-1.0116666666666667
M30 atr7 m1.8,424,2025-07-18 03:30:00+00:00,-1,3334.835,3344.835,-30.35,-1.0116666666666667
M30 atr7 m1.8,425,2025-07-21 01:30:00+00:00,1,3357.795,3394.205,108.87999999999957,3.629333333333319
M30 atr7 m1.8,426,2025-07-22 01:00:00+00:00,-1,3394.205,3404.205,-30.35,-1.0116666666666667
M30 atr7 m1.8,427,2025-07-23 02:00:00+00:00,-1,3420.885,3430.885,-30.35,-1.0116666666666667
M30 atr7 m1.8,428,2025-07-25 03:00:00+00:00,-1,3362.785,3318.695,131.91999999999908,4.397333333333303
M30 atr7 m1.8,429,2025-07-29 02:00:00+00:00,1,3318.695,3323.129,12.951999999999225,0.4317333333333075
M30 atr7 m1.8,430,2025-07-30 02:00:00+00:00,-1,3323.129,3333.129,-30.35,-1.0116666666666667
M30 atr7 m1.8,431,2025-07-31 01:30:00+00:00,1,3287.095,3347.398,180.55900000000102,6.0186333333333675
M30 atr7 m1.8,432,2025-08-04 01:30:00+00:00,-1,3347.398,3357.398,-30.35,-1.0116666666666667
M30 atr7 m1.8,433,2025-08-05 03:00:00+00:00,-1,3373.345,3383.345,-30.35,-1.0116666666666667
M30 atr7 m1.8,434,2025-08-06 02:00:00+00:00,-1,3375.798,3385.798,-30.35,-1.0116666666666667
M30 atr7 m1.8,435,2025-08-08 01:30:00+00:00,-1,3384.119,3394.119,-30.35,-1.0116666666666667
M30 atr7 m1.8,436,2025-08-13 01:00:00+00:00,-1,3343.459,3353.459,-30.35,-1.0116666666666667
M30 atr7 m1.8,437,2025-08-14 00:00:00+00:00,1,3362.565,3362.465,-0.6499999999997271,-0.02166666666665757
M30 atr7 m1.8,438,2025-08-14 03:00:00+00:00,-1,3362.465,3340.295,66.16000000000022,2.205333333333341
M30 atr7 m1.8,439,2025-08-15 03:00:00+00:00,1,3340.295,3330.295,-30.35,-1.0116666666666667
M30 atr7 m1.8,440,2025-08-18 00:30:00+00:00,1,3340.085,3330.085,-30.35,-1.0116666666666667
M30 atr7 m1.8,441,2025-08-19 00:30:00+00:00,1,3337.125,3327.125,-30.35,-1.0116666666666667
M30 atr7 m1.8,442,2025-08-21 00:30:00+00:00,-1,3343.665,3353.665,-30.35,-1.0116666666666667
M30 atr7 m1.8,443,2025-08-25 02:00:00+00:00,-1,3362.648,3372.648,-30.35,-1.0116666666666667
M30 atr7 m1.8,444,2025-08-26 00:30:00+00:00,1,3377.035,3367.035,-30.35,-1.0116666666666667
M30 atr7 m1.8,445,2025-08-27 01:30:00+00:00,-1,3384.505,3394.505,-30.35,-1.0116666666666667
M30 atr7 m1.8,446,2025-08-28 01:30:00+00:00,-1,3387.885,3397.885,-30.35,-1.0116666666666667
M30 atr7 m1.8,447,2025-08-29 01:30:00+00:00,-1,3410.098,3420.098,-30.35,-1.0116666666666667
M30 atr7 m1.8,448,2025-09-01 01:30:00+00:00,-1,3438.665,3448.665,-30.35,-1.0116666666666667
M30 atr7 m1.8,449,2025-09-01 02:00:00+00:00,1,3456.969,3639.075,545.9679999999992,18.198933333333304
M30 atr7 m1.8,450,2025-09-14 23:30:00+00:00,-1,3639.075,3642.845,-11.659999999999945,-0.38866666666666483
M30 atr7 m1.8,451,2025-09-15 02:30:00+00:00,1,3642.845,3632.845,-30.35,-1.0116666666666667
M30 atr7 m1.8,452,2025-09-19 01:30:00+00:00,1,3647.385,3735.815,264.9399999999995,8.831333333333315
M30 atr7 m1.8,453,2025-09-25 02:00:00+00:00,-1,3735.815,3745.815,-30.35,-1.0116666666666667
M30 atr7 m1.8,454,2025-09-29 00:30:00+00:00,1,3777.235,3847.749,211.191999999999,7.0397333333333005
M30 atr7 m1.8,455,2025-10-03 03:00:00+00:00,-1,3847.749,3857.749,-30.35,-1.0116666666666667
M30 atr7 m1.8,456,2025-10-08 00:00:00+00:00,1,3994.098,3984.098,-30.35,-1.0116666666666667
M30 atr7 m1.8,457,2025-10-10 00:30:00+00:00,1,3991.445,3981.445,-30.35,-1.0116666666666667
M30 atr7 m1.8,458,2025-10-17 02:00:00+00:00,-1,4313.735,4323.735,-30.35,-1.0116666666666667
M30 atr7 m1.8,459,2025-10-21 03:00:00+00:00,-1,4338.495,4348.495,-30.35,-1.0116666666666667
M30 atr7 m1.8,460,2025-10-22 01:30:00+00:00,1,4104.085,4094.085,-30.35,-1.0116666666666667
M30 atr7 m1.8,461,2025-10-29 00:30:00+00:00,1,3970.639,3960.639,-30.35,-1.0116666666666667
M30 atr7 m1.8,462,2025-10-31 03:30:00+00:00,-1,4000.145,4010.145,-30.35,-1.0116666666666667
M30 atr7 m1.8,463,2025-11-03 01:30:00+00:00,1,3998.445,3988.445,-30.35,-1.0116666666666667
M30 atr7 m1.8,464,2025-11-03 23:30:00+00:00,-1,3995.495,3952.935,127.32999999999984,4.244333333333328
M30 atr7 m1.8,465,2025-11-05 03:30:00+00:00,1,3952.935,3970.455,52.20999999999994,1.7403333333333313
M30 atr7 m1.8,466,2025-11-05 23:30:00+00:00,-1,3970.455,3980.455,-30.35,-1.0116666666666667
M30 atr7 m1.8,467,2025-11-06 03:30:00+00:00,1,3985.945,3975.945,-30.35,-1.0116666666666667
M30 atr7 m1.8,468,2025-11-07 01:30:00+00:00,1,3997.205,3987.205,-30.35,-1.0116666666666667
M30 atr7 m1.8,469,2025-11-10 00:00:00+00:00,1,4011.665,4123.945,336.4899999999992,11.216333333333306
M30 atr7 m1.8,470,2025-11-12 03:00:00+00:00,-1,4123.945,4133.945,-30.35,-1.0116666666666667
M30 atr7 m1.8,471,2025-11-14 00:30:00+00:00,1,4188.095,4178.095,-30.35,-1.0116666666666667
M30 atr7 m1.8,472,2025-11-20 00:00:00+00:00,1,4104.265,4094.2650000000003,-30.35,-1.0116666666666667
M30 atr7 m1.8,473,2025-11-20 02:00:00+00:00,-1,4081.085,4091.085,-30.35,-1.0116666666666667
M30 atr7 m1.8,474,2025-11-26 02:00:00+00:00,1,4148.105,4138.105,-30.35,-1.0116666666666667
M30 atr7 m1.8,475,2025-11-27 23:30:00+00:00,1,4162.665,4152.665,-30.35,-1.0116666666666667
M30 atr7 m1.8,476,2025-12-11 03:30:00+00:00,-1,4212.765,4222.765,-30.35,-1.0116666666666667
M30 atr7 m1.8,477,2025-12-15 02:00:00+00:00,1,4322.125,4312.125,-30.35,-1.0116666666666667
M30 atr7 m1.8,478,2025-12-17 02:00:00+00:00,1,4326.475,4316.475,-30.35,-1.0116666666666667
M30 atr7 m1.8,479,2025-12-18 01:30:00+00:00,-1,4324.585,4334.585,-30.35,-1.0116666666666667
M30 atr7 m1.8,480,2025-12-22 00:00:00+00:00,1,4354.885,4477.185,366.5500000000005,12.218333333333351
M30 atr7 m1.8,481,2025-12-24 03:00:00+00:00,-1,4477.185,4487.185,-30.35,-1.0116666666666667
M30 atr7 m1.8,482,2025-12-25 23:30:00+00:00,1,4497.175,4487.175,-30.35,-1.0116666666666667
M30 atr7 m1.8,483,2025-12-30 02:00:00+00:00,1,4359.935,4349.935,-30.35,-1.0116666666666667
M30 atr7 m1.8,484,2025-12-31 02:00:00+00:00,1,4365.698,4355.698,-30.35,-1.0116666666666667
M30 atr7 m1.8,485,2026-01-01 23:30:00+00:00,1,4339.605,4329.605,-30.35,-1.0116666666666667
M30 atr7 m1.8,486,2026-01-04 23:30:00+00:00,1,4366.525,4434.755,204.34000000000142,6.811333333333381
M30 atr7 m1.8,487,2026-01-06 01:30:00+00:00,-1,4434.755,4444.755,-30.35,-1.0116666666666667
M30 atr7 m1.8,488,2026-01-06 02:30:00+00:00,1,4460.105,4450.105,-30.35,-1.0116666666666667
M30 atr7 m1.8,489,2026-01-07 01:30:00+00:00,-1,4476.885,4486.885,-30.35,-1.0116666666666667
M30 atr7 m1.8,490,2026-01-11 23:30:00+00:00,1,4537.455,4608.825,213.75999999999968,7.125333333333322
M30 atr7 m1.8,491,2026-01-14 23:30:00+00:00,-1,4608.825,4618.825,-30.35,-1.0116666666666667
M30 atr7 m1.8,492,2026-01-16 01:00:00+00:00,-1,4599.495,4609.495,-30.35,-1.0116666666666667
M30 atr7 m1.8,493,2026-01-20 00:00:00+00:00,-1,4665.145,4675.145,-30.35,-1.0116666666666667
M30 atr7 m1.8,494,2026-01-27 01:30:00+00:00,1,5066.445,5056.445,-30.35,-1.0116666666666667
M30 atr7 m1.8,495,2026-01-30 02:00:00+00:00,-1,5300.098,4773.975,1578.0189999999989,52.6006333333333
M30 atr7 m1.8,496,2026-02-03 00:00:00+00:00,1,4773.975,4763.975,-30.35,-1.0116666666666667
M30 atr7 m1.8,497,2026-02-04 23:30:00+00:00,1,5019.125,5009.125,-30.35,-1.0116666666666667
M30 atr7 m1.8,498,2026-02-05 01:30:00+00:00,-1,4951.785,4773.765,533.7099999999986,17.790333333333287
M30 atr7 m1.8,499,2026-02-06 02:00:00+00:00,1,4773.765,4981.985,624.309999999998,20.81033333333327
M30 atr7 m1.8,500,2026-02-09 02:00:00+00:00,-1,4981.985,4991.985,-30.35,-1.0116666666666667
M30 atr7 m1.8,501,2026-02-09 23:30:00+00:00,-1,5022.718,5032.718,-30.35,-1.0116666666666667
M30 atr7 m1.8,502,2026-02-11 02:00:00+00:00,1,5052.215,5042.215,-30.35,-1.0116666666666667
M30 atr7 m1.8,503,2026-02-13 01:30:00+00:00,1,4969.495,4959.495,-30.35,-1.0116666666666667
M30 atr7 m1.8,504,2026-02-16 03:00:00+00:00,-1,4994.405,5004.405,-30.35,-1.0116666666666667
M30 atr7 m1.8,505,2026-02-18 02:30:00+00:00,1,4900.715,4967.475,199.93000000000063,6.664333333333355
M30 atr7 m1.8,506,2026-02-19 00:30:00+00:00,-1,4967.475,4977.475,-30.35,-1.0116666666666667
M30 atr7 m1.8,507,2026-02-24 01:30:00+00:00,-1,5164.665,5174.665,-30.35,-1.0116666666666667
M30 atr7 m1.8,508,2026-02-24 23:30:00+00:00,-1,5130.605,5140.605,-30.35,-1.0116666666666667
M30 atr7 m1.8,509,2026-02-25 01:30:00+00:00,1,5184.865,5174.865,-30.35,-1.0116666666666667
M30 atr7 m1.8,510,2026-03-02 01:30:00+00:00,-1,5306.905,5316.905,-30.35,-1.0116666666666667
M30 atr7 m1.8,511,2026-03-03 00:30:00+00:00,1,5357.615,5347.615,-30.35,-1.0116666666666667
M30 atr7 m1.8,512,2026-03-04 02:00:00+00:00,1,5174.755,5164.755,-30.35,-1.0116666666666667
M30 atr7 m1.8,513,2026-03-05 00:30:00+00:00,1,5173.075,5163.075,-30.35,-1.0116666666666667
M30 atr7 m1.8,514,2026-03-06 02:00:00+00:00,1,5134.315,5124.315,-30.35,-1.0116666666666667
M30 atr7 m1.8,515,2026-03-13 00:30:00+00:00,1,5106.135,5096.135,-30.35,-1.0116666666666667
M30 atr7 m1.8,516,2026-03-17 02:00:00+00:00,1,5027.695,5017.695,-30.35,-1.0116666666666667
M30 atr7 m1.8,517,2026-03-24 01:00:00+00:00,-1,4364.165,4374.165,-30.35,-1.0116666666666667
M30 atr7 m1.8,518,2026-03-27 02:30:00+00:00,1,4430.515,4420.515,-30.35,-1.0116666666666667
M30 atr7 m1.8,519,2026-03-29 23:30:00+00:00,-1,4472.105,4482.105,-30.35,-1.0116666666666667
M30 atr7 m1.8,520,2026-03-30 03:30:00+00:00,1,4506.835,4496.835,-30.35,-1.0116666666666667
M30 atr7 m1.8,521,2026-03-31 01:00:00+00:00,1,4547.025,4537.025,-30.35,-1.0116666666666667
M30 atr7 m1.8,522,2026-04-01 23:30:00+00:00,1,4794.538,4784.538,-30.35,-1.0116666666666667
M30 atr7 m1.8,523,2026-04-02 01:30:00+00:00,-1,4695.265,4705.265,-30.35,-1.0116666666666667
M30 atr7 m1.8,524,2026-04-13 01:00:00+00:00,1,4694.795,4809.805,344.68000000000063,11.489333333333354
M30 atr7 m1.8,525,2026-04-21 02:00:00+00:00,-1,4809.805,4737.765,215.76999999999987,7.192333333333329
M30 atr7 m1.8,526,2026-04-22 00:00:00+00:00,1,4737.765,4727.765,-30.35,-1.0116666666666667
M30 atr7 m1.8,527,2026-04-23 01:00:00+00:00,1,4747.485,4737.485,-30.35,-1.0116666666666667
M30 atr7 m1.8,528,2026-04-23 02:30:00+00:00,-1,4713.785,4723.785,-30.35,-1.0116666666666667
M30 atr7 m1.8,529,2026-04-27 01:00:00+00:00,1,4697.555,4687.555,-30.35,-1.0116666666666667
M30 atr7 m1.8,530,2026-04-28 00:30:00+00:00,1,4694.745,4684.745,-30.35,-1.0116666666666667
M30 atr7 m1.8,531,2026-04-28 02:00:00+00:00,-1,4670.295,4537.875,396.9100000000002,13.23033333333334
M30 atr7 m1.8,532,2026-05-05 01:30:00+00:00,1,4537.875,4527.875,-30.35,-1.0116666666666667
M30 atr7 m1.8,533,2026-05-07 02:00:00+00:00,1,4714.588,4704.588,-30.35,-1.0116666666666667
M30 atr7 m1.8,534,2026-05-08 02:00:00+00:00,1,4722.695,4712.695,-30.35,-1.0116666666666667
M30 atr7 m1.8,535,2026-05-12 01:30:00+00:00,-1,4734.805,4535.525,597.4900000000019,19.916333333333398
M30 atr7 m1.8,536,2026-05-18 03:30:00+00:00,1,4535.525,4559.075,70.30000000000055,2.343333333333352
M30 atr7 m1.8,537,2026-05-19 01:30:00+00:00,-1,4559.075,4501.735,171.67000000000044,5.722333333333348
M30 atr7 m1.8,538,2026-05-20 00:30:00+00:00,1,4501.735,4491.735,-30.35,-1.0116666666666667
M30 atr7 m1.8,539,2026-05-20 01:30:00+00:00,-1,4473.395,4483.395,-30.35,-1.0116666666666667
M30 atr7 m1.8,540,2026-05-21 02:30:00+00:00,-1,4540.125,4550.125,-30.35,-1.0116666666666667
M30 atr7 m1.8,541,2026-05-22 03:00:00+00:00,-1,4522.945,4532.945,-30.35,-1.0116666666666667
M30 atr7 m1.8,542,2026-05-26 00:00:00+00:00,-1,4559.555,4569.555,-30.35,-1.0116666666666667
M30 atr7 m1.8,543,2026-06-04 00:00:00+00:00,1,4457.215,4447.215,-30.35,-1.0116666666666667
M30 atr7 m1.8,544,2026-06-08 00:30:00+00:00,1,4351.095,4341.095,-30.35,-1.0116666666666667
M30 atr7 m1.8,545,2026-06-08 01:30:00+00:00,-1,4314.645,4324.645,-30.35,-1.0116666666666667
M30 atr7 m1.8,546,2026-06-08 23:30:00+00:00,-1,4320.205,4330.205,-30.35,-1.0116666666666667
M30 atr7 m1.8,547,2026-06-09 01:30:00+00:00,1,4335.305,4325.305,-30.35,-1.0116666666666667
M30 atr7 m1.8,548,2026-06-11 01:30:00+00:00,1,4104.305,4094.3050000000003,-30.35,-1.0116666666666667
M30 atr7 m1.8,549,2026-06-12 01:30:00+00:00,-1,4180.645,4190.645,-30.35,-1.0116666666666667
M30 atr7 m1.8,550,2026-06-18 00:30:00+00:00,1,4300.295,4290.295,-30.35,-1.0116666666666667
M30 atr7 m1.8,551,2026-06-22 00:00:00+00:00,-1,4140.015,4150.015,-30.35,-1.0116666666666667
M30 atr7 m1.8,552,2026-06-22 01:00:00+00:00,1,4200.655,4190.655,-30.35,-1.0116666666666667
M30 atr10 m1.8,0,2021-01-06 03:00:00+00:00,-1,1943.968,1953.968,-30.35,-1.0116666666666667
M30 atr10 m1.8,1,2021-01-18 02:30:00+00:00,1,1826.745,1838.175,33.94000000000018,1.1313333333333395
M30 atr10 m1.8,2,2021-01-28 00:30:00+00:00,-1,1838.175,1848.175,-30.35,-1.0116666666666667
M30 atr10 m1.8,3,2021-01-31 23:30:00+00:00,1,1857.395,1855.227,-6.853999999999678,-0.2284666666666559
M30 atr10 m1.8,4,2021-02-02 00:30:00+00:00,-1,1855.227,1844.216,32.68300000000058,1.0894333333333528
M30 atr10 m1.8,5,2021-02-03 02:30:00+00:00,1,1844.216,1834.216,-30.35,-1.0116666666666667
M30 atr10 m1.8,6,2021-02-08 03:00:00+00:00,-1,1810.765,1820.765,-30.35,-1.0116666666666667
M30 atr10 m1.8,7,2021-02-10 03:00:00+00:00,1,1841.425,1831.425,-30.35,-1.0116666666666667
M30 atr10 m1.8,8,2021-02-16 01:30:00+00:00,1,1823.565,1813.565,-30.35,-1.0116666666666667
M30 atr10 m1.8,9,2021-02-18 02:30:00+00:00,1,1781.735,1771.735,-30.35,-1.0116666666666667
M30 atr10 m1.8,10,2021-02-24 02:00:00+00:00,1,1811.835,1801.835,-30.35,-1.0116666666666667
M30 atr10 m1.8,11,2021-02-25 03:00:00+00:00,-1,1796.295,1739.085,171.28000000000011,5.709333333333337
M30 atr10 m1.8,12,2021-03-01 00:00:00+00:00,1,1739.085,1729.085,-30.35,-1.0116666666666667
M30 atr10 m1.8,13,2021-03-09 02:30:00+00:00,1,1688.135,1728.858,121.81899999999986,4.060633333333329
M30 atr10 m1.8,14,2021-03-19 01:30:00+00:00,-1,1728.858,1738.858,-30.35,-1.0116666666666667
M30 atr10 m1.8,15,2021-03-23 01:30:00+00:00,-1,1734.248,1730.328,11.410000000000219,0.38033333333334063
M30 atr10 m1.8,16,2021-03-24 02:00:00+00:00,1,1730.328,1727.878,-7.700000000000135,-0.25666666666667115
M30 atr10 m1.8,17,2021-03-29 01:30:00+00:00,-1,1727.878,1737.878,-30.35,-1.0116666666666667
M30 atr10 m1.8,18,2021-04-07 01:30:00+00:00,-1,1739.118,1738.838,0.48999999999991806,0.0163333333333306
M30 atr10 m1.8,19,2021-04-08 03:30:00+00:00,1,1738.838,1752.518,40.69000000000019,1.3563333333333396
M30 atr10 m1.8,20,2021-04-09 03:00:00+00:00,-1,1752.518,1733.095,57.919000000000004,1.9306333333333334
M30 atr10 m1.8,21,2021-04-13 02:00:00+00:00,1,1733.095,1760.128,80.74899999999971,2.6916333333333236
M30 atr10 m1.8,22,2021-04-16 02:30:00+00:00,-1,1760.128,1770.128,-30.35,-1.0116666666666667
M30 atr10 m1.8,23,2021-04-19 01:00:00+00:00,1,1782.038,1775.038,-21.35,-0.7116666666666667
M30 atr10 m1.8,24,2021-04-19 02:00:00+00:00,-1,1775.038,1785.038,-30.35,-1.0116666666666667
M30 atr10 m1.8,25,2021-04-20 03:30:00+00:00,1,1775.558,1765.558,-30.35,-1.0116666666666667
M30 atr10 m1.8,26,2021-04-23 02:00:00+00:00,1,1788.568,1778.568,-30.35,-1.0116666666666667
M30 atr10 m1.8,27,2021-04-26 01:30:00+00:00,1,1779.875,1769.875,-30.35,-1.0116666666666667
M30 atr10 m1.8,28,2021-04-27 02:00:00+00:00,-1,1774.985,1784.985,-30.35,-1.0116666666666667
M30 atr10 m1.8,29,2021-04-30 02:30:00+00:00,-1,1767.548,1777.548,-30.35,-1.0116666666666667
M30 atr10 m1.8,30,2021-05-12 01:30:00+00:00,-1,1831.288,1841.288,-30.35,-1.0116666666666667
M30 atr10 m1.8,31,2021-05-13 01:30:00+00:00,1,1821.708,1811.708,-30.35,-1.0116666666666667
M30 atr10 m1.8,32,2021-05-14 03:30:00+00:00,-1,1821.208,1831.208,-30.35,-1.0116666666666667
M30 atr10 m1.8,33,2021-05-18 03:00:00+00:00,-1,1867.755,1877.755,-30.35,-1.0116666666666667
M30 atr10 m1.8,34,2021-05-20 03:30:00+00:00,1,1877.159,1867.159,-30.35,-1.0116666666666667
M30 atr10 m1.8,35,2021-05-24 23:30:00+00:00,-1,1877.765,1878.838,-3.568999999999596,-0.11896666666665319
M30 atr10 m1.8,36,2021-05-25 03:30:00+00:00,1,1878.838,1905.715,80.28099999999986,2.676033333333329
M30 atr10 m1.8,37,2021-06-03 03:00:00+00:00,-1,1905.715,1869.998,106.80099999999962,3.5600333333333207
M30 atr10 m1.8,38,2021-06-04 03:30:00+00:00,1,1869.998,1887.028,50.73999999999991,1.6913333333333302
M30 atr10 m1.8,39,2021-06-07 02:00:00+00:00,-1,1887.028,1897.028,-30.35,-1.0116666666666667
M30 atr10 m1.8,40,2021-06-08 02:00:00+00:00,-1,1897.878,1781.985,347.32900000000006,11.577633333333335
M30 atr10 m1.8,41,2021-06-18 01:30:00+00:00,1,1781.985,1771.985,-30.35,-1.0116666666666667
M30 atr10 m1.8,42,2021-06-21 01:00:00+00:00,1,1773.098,1774.928,5.140000000000464,0.1713333333333488
M30 atr10 m1.8,43,2021-06-28 01:30:00+00:00,-1,1774.928,1779.128,-12.949999999999452,-0.4316666666666484
M30 atr10 m1.8,44,2021-06-28 03:00:00+00:00,1,1779.128,1774.388,-14.570000000000027,-0.4856666666666676
M30 atr10 m1.8,45,2021-06-29 02:00:00+00:00,-1,1774.388,1777.098,-8.480000000000109,-0.2826666666666703
M30 atr10 m1.8,46,2021-07-02 01:00:00+00:00,1,1777.098,1806.358,87.42999999999998,2.9143333333333326
M30 atr10 m1.8,47,2021-07-12 00:00:00+00:00,-1,1806.358,1816.358,-30.35,-1.0116666666666667
M30 atr10 m1.8,48,2021-07-16 02:00:00+00:00,-1,1826.258,1799.088,81.16000000000022,2.705333333333341
M30 atr10 m1.8,49,2021-07-27 03:00:00+00:00,1,1799.088,1789.088,-30.35,-1.0116666666666667
M30 atr10 m1.8,50,2021-08-09 00:30:00+00:00,1,1721.738,1777.008,165.45999999999995,5.515333333333332
M30 atr10 m1.8,51,2021-08-16 02:00:00+00:00,-1,1777.008,1787.008,-30.35,-1.0116666666666667
M30 atr10 m1.8,52,2021-08-17 02:00:00+00:00,-1,1784.798,1794.798,-30.35,-1.0116666666666667
M30 atr10 m1.8,53,2021-08-18 01:30:00+00:00,1,1788.628,1778.628,-30.35,-1.0116666666666667
M30 atr10 m1.8,54,2021-08-19 02:00:00+00:00,-1,1781.738,1791.738,-30.35,-1.0116666666666667
M30 atr10 m1.8,55,2021-08-20 01:30:00+00:00,1,1784.118,1801.898,52.98999999999992,1.7663333333333306
M30 atr10 m1.8,56,2021-08-24 01:00:00+00:00,-1,1801.898,1811.898,-30.35,-1.0116666666666667
M30 atr10 m1.8,57,2021-08-30 03:00:00+00:00,-1,1813.488,1813.518,-0.4399999999999181,-0.014666666666663938
M30 atr10 m1.8,58,2021-08-31 01:30:00+00:00,1,1813.518,1803.518,-30.35,-1.0116666666666667
M30 atr10 m1.8,59,2021-09-03 02:00:00+00:00,1,1812.838,1825.618,37.98999999999992,1.2663333333333306
M30 atr10 m1.8,60,2021-09-06 01:00:00+00:00,-1,1825.618,1825.345,0.46899999999973263,0.01563333333332442
M30 atr10 m1.8,61,2021-09-07 00:30:00+00:00,1,1825.345,1815.345,-30.35,-1.0116666666666667
M30 atr10 m1.8,62,2021-09-08 02:30:00+00:00,1,1799.698,1789.698,-30.35,-1.0116666666666667
M30 atr10 m1.8,63,2021-09-13 03:30:00+00:00,1,1792.214,1782.214,-30.35,-1.0116666666666667
M30 atr10 m1.8,64,2021-09-17 03:00:00+00:00,1,1757.994,1747.994,-30.35,-1.0116666666666667
M30 atr10 m1.8,65,2021-09-22 01:00:00+00:00,-1,1772.578,1777.424,-14.888000000000009,-0.49626666666666697
M30 atr10 m1.8,66,2021-09-22 02:30:00+00:00,1,1777.424,1767.424,-30.35,-1.0116666666666667
M30 atr10 m1.8,67,2021-09-24 01:00:00+00:00,1,1748.268,1738.268,-30.35,-1.0116666666666667
M30 atr10 m1.8,68,2021-09-30 02:00:00+00:00,1,1731.288,1759.718,84.9400000000002,2.83133333333334
M30 atr10 m1.8,69,2021-10-04 02:30:00+00:00,-1,1759.718,1769.718,-30.35,-1.0116666666666667
M30 atr10 m1.8,70,2021-10-05 03:00:00+00:00,-1,1761.828,1757.938,11.319999999999618,0.3773333333333206
M30 atr10 m1.8,71,2021-10-08 01:30:00+00:00,1,1757.938,1751.718,-19.010000000000083,-0.6336666666666695
M30 atr10 m1.8,72,2021-10-12 00:30:00+00:00,-1,1751.718,1755.878,-12.829999999999563,-0.4276666666666521
M30 atr10 m1.8,73,2021-10-12 02:00:00+00:00,1,1755.878,1804.768,146.3200000000003,4.877333333333343
M30 atr10 m1.8,74,2021-10-26 02:30:00+00:00,-1,1804.768,1784.438,60.63999999999977,2.0213333333333257
M30 atr10 m1.8,75,2021-11-01 02:00:00+00:00,1,1784.438,1774.438,-30.35,-1.0116666666666667
M30 atr10 m1.8,76,2021-11-10 03:00:00+00:00,-1,1827.073,1837.073,-30.35,-1.0116666666666667
M30 atr10 m1.8,77,2021-11-11 03:30:00+00:00,1,1850.488,1860.348,29.2299999999997,0.9743333333333233
M30 atr10 m1.8,78,2021-11-15 02:00:00+00:00,-1,1860.348,1870.348,-30.35,-1.0116666666666667
M30 atr10 m1.8,79,2021-11-16 03:00:00+00:00,1,1867.348,1857.348,-30.35,-1.0116666666666667
M30 atr10 m1.8,80,2021-11-17 01:30:00+00:00,1,1854.988,1844.988,-30.35,-1.0116666666666667
M30 atr10 m1.8,81,2021-11-24 02:00:00+00:00,1,1794.848,1784.848,-30.35,-1.0116666666666667
M30 atr10 m1.8,82,2021-11-26 00:00:00+00:00,1,1792.548,1782.548,-30.35,-1.0116666666666667
M30 atr10 m1.8,83,2021-11-29 00:00:00+00:00,1,1795.405,1785.405,-30.35,-1.0116666666666667
M30 atr10 m1.8,84,2021-11-30 02:00:00+00:00,1,1788.358,1778.358,-30.35,-1.0116666666666667
M30 atr10 m1.8,85,2021-12-03 01:00:00+00:00,1,1771.488,1769.708,-5.689999999999918,-0.18966666666666393
M30 atr10 m1.8,86,2021-12-15 03:30:00+00:00,-1,1769.708,1779.708,-30.35,-1.0116666666666667
M30 atr10 m1.8,87,2021-12-28 02:30:00+00:00,-1,1808.828,1818.828,-30.35,-1.0116666666666667
M30 atr10 m1.8,88,2022-01-03 03:00:00+00:00,-1,1826.088,1806.609,58.087000000000124,1.9362333333333375
M30 atr10 m1.8,89,2022-01-04 02:30:00+00:00,1,1806.609,1796.609,-30.35,-1.0116666666666667
M30 atr10 m1.8,90,2022-01-17 03:30:00+00:00,1,1818.818,1808.818,-30.35,-1.0116666666666667
M30 atr10 m1.8,91,2022-01-21 03:30:00+00:00,1,1841.658,1831.658,-30.35,-1.0116666666666667
M30 atr10 m1.8,92,2022-01-23 23:30:00+00:00,1,1835.968,1825.968,-30.35,-1.0116666666666667
M30 atr10 m1.8,93,2022-02-18 02:00:00+00:00,-1,1890.118,1900.118,-30.35,-1.0116666666666667
M30 atr10 m1.8,94,2022-02-21 01:00:00+00:00,-1,1898.088,1908.088,-30.35,-1.0116666666666667
M30 atr10 m1.8,95,2022-02-24 23:30:00+00:00,1,1911.428,1901.428,-30.35,-1.0116666666666667
M30 atr10 m1.8,96,2022-02-27 23:30:00+00:00,1,1914.528,1904.528,-30.35,-1.0116666666666667
M30 atr10 m1.8,97,2022-03-02 01:00:00+00:00,-1,1935.048,1945.048,-30.35,-1.0116666666666667
M30 atr10 m1.8,98,2022-03-04 02:00:00+00:00,-1,1933.693,1943.693,-30.35,-1.0116666666666667
M30 atr10 m1.8,99,2022-03-08 01:30:00+00:00,-1,1981.448,1991.448,-30.35,-1.0116666666666667
M30 atr10 m1.8,100,2022-03-11 01:00:00+00:00,-1,1992.228,1927.948,192.4899999999999,6.41633333333333
M30 atr10 m1.8,101,2022-03-21 02:00:00+00:00,1,1927.948,1917.948,-30.35,-1.0116666666666667
M30 atr10 m1.8,102,2022-03-24 03:00:00+00:00,-1,1941.328,1951.328,-30.35,-1.0116666666666667
M30 atr10 m1.8,103,2022-03-28 01:30:00+00:00,-1,1949.672,1959.672,-30.35,-1.0116666666666667
M30 atr10 m1.8,104,2022-04-27 03:00:00+00:00,-1,1898.768,1908.768,-30.35,-1.0116666666666667
M30 atr10 m1.8,105,2022-05-03 02:00:00+00:00,-1,1859.888,1869.888,-30.35,-1.0116666666666667
M30 atr10 m1.8,106,2022-05-06 03:30:00+00:00,1,1875.633,1877.898,6.444999999999618,0.2148333333333206
M30 atr10 m1.8,107,2022-05-09 01:30:00+00:00,-1,1877.898,1859.388,55.179999999999964,1.8393333333333322
M30 atr10 m1.8,108,2022-05-10 02:30:00+00:00,1,1859.388,1849.388,-30.35,-1.0116666666666667
M30 atr10 m1.8,109,2022-05-13 01:30:00+00:00,1,1824.579,1814.579,-30.35,-1.0116666666666667
M30 atr10 m1.8,110,2022-05-20 02:00:00+00:00,-1,1837.968,1847.968,-30.35,-1.0116666666666667
M30 atr10 m1.8,111,2022-05-24 02:00:00+00:00,-1,1849.748,1854.518,-14.659999999999945,-0.48866666666666486
M30 atr10 m1.8,112,2022-05-24 03:30:00+00:00,1,1854.518,1862.334,23.09800000000009,0.7699333333333364
M30 atr10 m1.8,113,2022-05-25 01:30:00+00:00,-1,1862.334,1855.813,19.212999999999873,0.6404333333333291
M30 atr10 m1.8,114,2022-05-27 02:00:00+00:00,1,1855.813,1845.813,-30.35,-1.0116666666666667
M30 atr10 m1.8,115,2022-06-06 03:30:00+00:00,1,1855.283,1845.283,-30.35,-1.0116666666666667
M30 atr10 m1.8,116,2022-06-08 03:30:00+00:00,-1,1847.264,1857.264,-30.35,-1.0116666666666667
M30 atr10 m1.8,117,2022-06-13 02:00:00+00:00,-1,1862.568,1824.698,113.25999999999968,3.7753333333333225
M30 atr10 m1.8,118,2022-06-14 02:30:00+00:00,1,1824.698,1814.698,-30.35,-1.0116666666666667
M30 atr10 m1.8,119,2022-06-15 01:30:00+00:00,1,1814.704,1847.854,99.10000000000028,3.3033333333333426
M30 atr10 m1.8,120,2022-06-17 00:30:00+00:00,-1,1847.854,1842.198,16.617999999999846,0.5539333333333282
M30 atr10 m1.8,121,2022-06-20 03:00:00+00:00,1,1842.198,1832.198,-30.35,-1.0116666666666667
M30 atr10 m1.8,122,2022-06-23 02:00:00+00:00,-1,1832.968,1842.968,-30.35,-1.0116666666666667
M30 atr10 m1.8,123,2022-06-29 02:00:00+00:00,1,1822.018,1812.018,-30.35,-1.0116666666666667
M30 atr10 m1.8,124,2022-07-05 02:00:00+00:00,1,1811.618,1801.618,-30.35,-1.0116666666666667
M30 atr10 m1.8,125,2022-07-07 03:30:00+00:00,1,1745.588,1735.588,-30.35,-1.0116666666666667
M30 atr10 m1.8,126,2022-07-12 02:00:00+00:00,1,1734.514,1724.514,-30.35,-1.0116666666666667
M30 atr10 m1.8,127,2022-07-13 03:00:00+00:00,1,1728.038,1718.038,-30.35,-1.0116666666666667
M30 atr10 m1.8,128,2022-07-14 01:00:00+00:00,-1,1728.094,1713.854,42.370000000000026,1.412333333333334
M30 atr10 m1.8,129,2022-07-15 02:00:00+00:00,1,1713.854,1708.648,-15.968000000000393,-0.5322666666666798
M30 atr10 m1.8,130,2022-07-15 03:30:00+00:00,-1,1708.648,1718.648,-30.35,-1.0116666666666667
M30 atr10 m1.8,131,2022-07-25 03:00:00+00:00,1,1727.198,1717.198,-30.35,-1.0116666666666667
M30 atr10 m1.8,132,2022-07-26 01:30:00+00:00,1,1725.774,1715.774,-30.35,-1.0116666666666667
M30 atr10 m1.8,133,2022-08-02 00:30:00+00:00,1,1774.404,1764.404,-30.35,-1.0116666666666667
M30 atr10 m1.8,134,2022-08-03 02:00:00+00:00,1,1764.623,1754.623,-30.35,-1.0116666666666667
M30 atr10 m1.8,135,2022-08-04 01:00:00+00:00,1,1767.208,1789.084,65.27799999999993,2.1759333333333313
M30 atr10 m1.8,136,2022-08-05 02:30:00+00:00,-1,1789.084,1799.084,-30.35,-1.0116666666666667
M30 atr10 m1.8,137,2022-08-15 02:30:00+00:00,-1,1795.474,1713.738,244.8579999999996,8.16193333333332
M30 atr10 m1.8,138,2022-09-09 00:30:00+00:00,1,1713.738,1703.738,-30.35,-1.0116666666666667
M30 atr10 m1.8,139,2022-09-19 02:00:00+00:00,-1,1671.538,1681.538,-30.35,-1.0116666666666667
M30 atr10 m1.8,140,2022-09-21 23:30:00+00:00,-1,1668.972,1678.972,-30.35,-1.0116666666666667
M30 atr10 m1.8,141,2022-09-27 01:00:00+00:00,1,1630.618,1620.618,-30.35,-1.0116666666666667
M30 atr10 m1.8,142,2022-10-03 01:30:00+00:00,1,1667.218,1663.378,-11.870000000000434,-0.39566666666668115
M30 atr10 m1.8,143,2022-10-03 03:00:00+00:00,-1,1663.378,1673.378,-30.35,-1.0116666666666667
M30 atr10 m1.8,144,2022-10-05 03:00:00+00:00,-1,1719.698,1667.845,155.20900000000017,5.173633333333339
M30 atr10 m1.8,145,2022-10-14 02:00:00+00:00,1,1667.845,1657.845,-30.35,-1.0116666666666667
M30 atr10 m1.8,146,2022-10-17 02:00:00+00:00,1,1651.838,1641.838,-30.35,-1.0116666666666667
M30 atr10 m1.8,147,2022-10-24 02:00:00+00:00,-1,1653.577,1653.548,-0.2630000000000109,-0.00876666666666703
M30 atr10 m1.8,148,2022-10-25 01:00:00+00:00,1,1653.548,1648.327,-16.013000000000012,-0.5337666666666671
M30 atr10 m1.8,149,2022-10-25 02:30:00+00:00,-1,1648.327,1658.327,-30.35,-1.0116666666666667
M30 atr10 m1.8,150,2022-10-27 02:30:00+00:00,-1,1663.387,1666.097,-8.480000000000109,-0.2826666666666703
M30 atr10 m1.8,151,2022-10-28 02:00:00+00:00,1,1666.097,1656.097,-30.35,-1.0116666666666667
M30 atr10 m1.8,152,2022-11-01 01:30:00+00:00,1,1635.618,1625.618,-30.35,-1.0116666666666667
M30 atr10 m1.8,153,2022-11-07 00:00:00+00:00,-1,1672.698,1682.698,-30.35,-1.0116666666666667
M30 atr10 m1.8,154,2022-11-11 02:00:00+00:00,-1,1747.408,1757.408,-30.35,-1.0116666666666667
M30 atr10 m1.8,155,2022-11-14 00:30:00+00:00,-1,1762.208,1772.208,-30.35,-1.0116666666666667
M30 atr10 m1.8,156,2022-11-22 00:30:00+00:00,1,1740.627,1730.627,-30.35,-1.0116666666666667
M30 atr10 m1.8,157,2022-11-25 01:30:00+00:00,1,1755.948,1745.948,-30.35,-1.0116666666666667
M30 atr10 m1.8,158,2022-11-28 01:30:00+00:00,-1,1748.748,1758.748,-30.35,-1.0116666666666667
M30 atr10 m1.8,159,2022-11-29 02:00:00+00:00,1,1746.148,1797.188,152.77000000000058,5.092333333333353
M30 atr10 m1.8,160,2022-12-02 02:30:00+00:00,-1,1797.188,1807.188,-30.35,-1.0116666666666667
M30 atr10 m1.8,161,2022-12-06 01:30:00+00:00,1,1773.758,1781.768,23.679999999999968,0.7893333333333322
M30 atr10 m1.8,162,2022-12-08 03:00:00+00:00,-1,1781.768,1791.768,-30.35,-1.0116666666666667
M30 atr10 m1.8,163,2022-12-13 03:00:00+00:00,1,1785.625,1775.625,-30.35,-1.0116666666666667
M30 atr10 m1.8,164,2022-12-16 02:30:00+00:00,1,1781.255,1912.985,394.83999999999935,13.161333333333312
M30 atr10 m1.8,165,2023-01-17 02:00:00+00:00,-1,1912.985,1922.985,-30.35,-1.0116666666666667
M30 atr10 m1.8,166,2023-01-25 03:30:00+00:00,-1,1932.665,1942.665,-30.35,-1.0116666666666667
M30 atr10 m1.8,167,2023-01-27 01:00:00+00:00,1,1933.765,1925.665,-24.650000000000407,-0.8216666666666802
M30 atr10 m1.8,168,2023-01-27 03:00:00+00:00,-1,1925.665,1935.665,-30.35,-1.0116666666666667
M30 atr10 m1.8,169,2023-02-06 02:30:00+00:00,1,1875.025,1865.025,-30.35,-1.0116666666666667
M30 atr10 m1.8,170,2023-02-07 02:00:00+00:00,1,1873.465,1863.465,-30.35,-1.0116666666666667
M30 atr10 m1.8,171,2023-02-14 03:00:00+00:00,1,1857.515,1847.515,-30.35,-1.0116666666666667
M30 atr10 m1.8,172,2023-02-16 02:00:00+00:00,1,1841.295,1831.295,-30.35,-1.0116666666666667
M30 atr10 m1.8,173,2023-02-23 03:00:00+00:00,1,1829.575,1819.575,-30.35,-1.0116666666666667
M30 atr10 m1.8,174,2023-03-01 01:00:00+00:00,-1,1823.365,1829.045,-17.390000000000192,-0.5796666666666731
M30 atr10 m1.8,175,2023-03-01 02:00:00+00:00,1,1829.045,1833.025,11.590000000000055,0.38633333333333514
M30 atr10 m1.8,176,2023-03-02 02:00:00+00:00,-1,1833.025,1843.025,-30.35,-1.0116666666666667
M30 atr10 m1.8,177,2023-03-07 02:30:00+00:00,1,1849.875,1839.875,-30.35,-1.0116666666666667
M30 atr10 m1.8,178,2023-03-10 03:00:00+00:00,-1,1829.375,1839.375,-30.35,-1.0116666666666667
M30 atr10 m1.8,179,2023-03-13 02:00:00+00:00,-1,1872.915,1882.915,-30.35,-1.0116666666666667
M30 atr10 m1.8,180,2023-03-13 03:00:00+00:00,1,1886.748,1876.748,-30.35,-1.0116666666666667
M30 atr10 m1.8,181,2023-03-14 02:30:00+00:00,-1,1905.045,1915.045,-30.35,-1.0116666666666667
M30 atr10 m1.8,182,2023-03-17 03:00:00+00:00,1,1927.325,1971.145,131.10999999999981,4.370333333333327
M30 atr10 m1.8,183,2023-03-20 01:30:00+00:00,-1,1971.145,1981.145,-30.35,-1.0116666666666667
M30 atr10 m1.8,184,2023-03-28 00:00:00+00:00,1,1958.005,1967.245,27.369999999999344,0.9123333333333115
M30 atr10 m1.8,185,2023-03-29 01:30:00+00:00,-1,1967.245,1977.245,-30.35,-1.0116666666666667
M30 atr10 m1.8,186,2023-04-04 02:00:00+00:00,-1,1978.124,1988.124,-30.35,-1.0116666666666667
M30 atr10 m1.8,187,2023-04-11 00:30:00+00:00,1,1993.895,1983.895,-30.35,-1.0116666666666667
M30 atr10 m1.8,188,2023-04-20 03:00:00+00:00,-1,1991.705,2001.705,-30.35,-1.0116666666666667
M30 atr10 m1.8,189,2023-04-26 03:30:00+00:00,-1,1994.595,2004.595,-30.35,-1.0116666666666667
M30 atr10 m1.8,190,2023-04-27 02:30:00+00:00,1,1996.085,1986.085,-30.35,-1.0116666666666667
M30 atr10 m1.8,191,2023-05-01 01:00:00+00:00,-1,1983.845,1993.845,-30.35,-1.0116666666666667
M30 atr10 m1.8,192,2023-05-05 02:30:00+00:00,-1,2045.755,2023.634,66.01300000000029,2.200433333333343
M30 atr10 m1.8,193,2023-05-09 02:30:00+00:00,1,2023.634,2032.744,26.9799999999997,0.8993333333333233
M30 atr10 m1.8,194,2023-05-10 02:00:00+00:00,-1,2032.744,2042.744,-30.35,-1.0116666666666667
M30 atr10 m1.8,195,2023-05-11 01:00:00+00:00,1,2035.264,2025.264,-30.35,-1.0116666666666667
M30 atr10 m1.8,196,2023-05-15 01:30:00+00:00,1,2014.764,2004.764,-30.35,-1.0116666666666667
M30 atr10 m1.8,197,2023-05-19 03:00:00+00:00,1,1962.745,1952.745,-30.35,-1.0116666666666667
M30 atr10 m1.8,198,2023-05-26 02:00:00+00:00,1,1946.735,1941.935,-14.749999999999863,-0.4916666666666621
M30 atr10 m1.8,199,2023-05-30 03:30:00+00:00,-1,1941.935,1951.935,-30.35,-1.0116666666666667
M30 atr10 m1.8,200,2023-05-31 02:00:00+00:00,-1,1954.725,1964.725,-30.35,-1.0116666666666667
M30 atr10 m1.8,201,2023-06-07 01:30:00+00:00,1,1966.115,1956.115,-30.35,-1.0116666666666667
M30 atr10 m1.8,202,2023-06-08 01:00:00+00:00,1,1946.095,1956.125,29.739999999999917,0.9913333333333305
M30 atr10 m1.8,203,2023-06-12 01:30:00+00:00,-1,1956.125,1966.125,-30.35,-1.0116666666666667
M30 atr10 m1.8,204,2023-06-12 23:30:00+00:00,1,1959.825,1949.825,-30.35,-1.0116666666666667
M30 atr10 m1.8,205,2023-06-27 01:30:00+00:00,1,1925.215,1915.215,-30.35,-1.0116666666666667
M30 atr10 m1.8,206,2023-07-03 03:00:00+00:00,-1,1914.765,1924.765,-30.35,-1.0116666666666667
M30 atr10 m1.8,207,2023-07-12 01:00:00+00:00,1,1935.695,1925.695,-30.35,-1.0116666666666667
M30 atr10 m1.8,208,2023-08-09 02:30:00+00:00,1,1928.735,1918.735,-30.35,-1.0116666666666667
M30 atr10 m1.8,209,2023-08-10 02:00:00+00:00,1,1917.935,1907.935,-30.35,-1.0116666666666667
M30 atr10 m1.8,210,2023-08-16 03:30:00+00:00,1,1904.775,1894.775,-30.35,-1.0116666666666667
M30 atr10 m1.8,211,2023-08-18 00:00:00+00:00,1,1891.215,1915.775,73.33000000000052,2.444333333333351
M30 atr10 m1.8,212,2023-08-25 00:00:00+00:00,-1,1915.775,1925.775,-30.35,-1.0116666666666667
M30 atr10 m1.8,213,2023-08-29 03:00:00+00:00,1,1923.778,1939.158,45.789999999999644,1.5263333333333216
M30 atr10 m1.8,214,2023-09-01 03:30:00+00:00,-1,1939.158,1949.158,-30.35,-1.0116666666666667
M30 atr10 m1.8,215,2023-09-04 02:00:00+00:00,1,1942.975,1932.975,-30.35,-1.0116666666666667
M30 atr10 m1.8,216,2023-09-07 02:00:00+00:00,1,1919.455,1909.455,-30.35,-1.0116666666666667
M30 atr10 m1.8,217,2023-09-13 02:30:00+00:00,-1,1910.095,1912.515,-7.610000000000217,-0.2536666666666739
M30 atr10 m1.8,218,2023-09-14 01:00:00+00:00,1,1912.515,1902.515,-30.35,-1.0116666666666667
M30 atr10 m1.8,219,2023-09-18 02:30:00+00:00,1,1926.355,1916.355,-30.35,-1.0116666666666667
M30 atr10 m1.8,220,2023-09-25 00:30:00+00:00,-1,1924.005,1822.715,303.52000000000055,10.117333333333352
M30 atr10 m1.8,221,2023-10-06 02:00:00+00:00,1,1822.715,1812.715,-30.35,-1.0116666666666667
M30 atr10 m1.8,222,2023-10-13 02:30:00+00:00,1,1872.938,1915.825,128.31099999999984,4.2770333333333275
M30 atr10 m1.8,223,2023-10-17 01:30:00+00:00,-1,1915.825,1925.825,-30.35,-1.0116666666666667
M30 atr10 m1.8,224,2023-10-18 01:00:00+00:00,1,1927.305,1971.185,131.28999999999965,4.376333333333322
M30 atr10 m1.8,225,2023-10-25 03:30:00+00:00,-1,1971.185,1981.185,-30.35,-1.0116666666666667
M30 atr10 m1.8,226,2023-10-31 03:30:00+00:00,-1,1993.935,2003.935,-30.35,-1.0116666666666667
M30 atr10 m1.8,227,2023-11-03 03:00:00+00:00,1,1987.275,1977.275,-30.35,-1.0116666666666667
M30 atr10 m1.8,228,2023-11-09 01:30:00+00:00,1,1954.275,1944.275,-30.35,-1.0116666666666667
M30 atr10 m1.8,229,2023-11-20 01:30:00+00:00,1,1982.605,1972.605,-30.35,-1.0116666666666667
M30 atr10 m1.8,230,2023-11-23 03:00:00+00:00,1,1994.255,2102.554,324.54699999999985,10.818233333333328
M30 atr10 m1.8,231,2023-12-04 00:30:00+00:00,-1,2102.554,2037.445,194.97700000000046,6.499233333333349
M30 atr10 m1.8,232,2023-12-05 00:30:00+00:00,1,2037.445,2027.445,-30.35,-1.0116666666666667
M30 atr10 m1.8,233,2023-12-08 01:00:00+00:00,1,2031.055,2021.055,-30.35,-1.0116666666666667
M30 atr10 m1.8,234,2023-12-12 00:30:00+00:00,1,1984.015,1974.015,-30.35,-1.0116666666666667
M30 atr10 m1.8,235,2023-12-21 03:00:00+00:00,1,2036.798,2026.798,-30.35,-1.0116666666666667
M30 atr10 m1.8,236,2024-01-09 00:30:00+00:00,1,2033.755,2023.755,-30.35,-1.0116666666666667
M30 atr10 m1.8,237,2024-01-11 01:30:00+00:00,1,2027.964,2017.964,-30.35,-1.0116666666666667
M30 atr10 m1.8,238,2024-01-15 02:30:00+00:00,1,2054.525,2051.335,-9.920000000000163,-0.3306666666666721
M30 atr10 m1.8,239,2024-01-16 01:00:00+00:00,-1,2051.335,2022.234,86.95300000000033,2.8984333333333443
M30 atr10 m1.8,240,2024-01-26 01:30:00+00:00,1,2022.234,2019.865,-7.456999999999742,-0.24856666666665808
M30 atr10 m1.8,241,2024-01-29 00:30:00+00:00,-1,2019.865,2029.865,-30.35,-1.0116666666666667
M30 atr10 m1.8,242,2024-02-01 02:30:00+00:00,1,2046.455,2036.455,-30.35,-1.0116666666666667
M30 atr10 m1.8,243,2024-02-05 03:00:00+00:00,-1,2033.355,2043.355,-30.35,-1.0116666666666667
M30 atr10 m1.8,244,2024-02-08 03:30:00+00:00,-1,2034.105,2018.395,46.7800000000001,1.5593333333333368
M30 atr10 m1.8,245,2024-02-20 01:30:00+00:00,1,2018.395,2032.005,40.48000000000038,1.349333333333346
M30 atr10 m1.8,246,2024-02-26 00:30:00+00:00,-1,2032.005,2033.325,-4.309999999999809,-0.14366666666666028
M30 atr10 m1.8,247,2024-02-28 02:00:00+00:00,1,2033.325,2155.375,365.79999999999984,12.193333333333328
M30 atr10 m1.8,248,2024-03-08 03:00:00+00:00,-1,2155.375,2165.375,-30.35,-1.0116666666666667
M30 atr10 m1.8,249,2024-03-11 01:00:00+00:00,1,2186.605,2176.605,-30.35,-1.0116666666666667
M30 atr10 m1.8,250,2024-03-19 00:30:00+00:00,1,2162.135,2152.135,-30.35,-1.0116666666666667
M30 atr10 m1.8,251,2024-03-22 00:30:00+00:00,1,2184.065,2174.065,-30.35,-1.0116666666666667
M30 atr10 m1.8,252,2024-03-22 02:00:00+00:00,-1,2173.365,2168.335,14.739999999999235,0.4913333333333078
M30 atr10 m1.8,253,2024-03-25 00:00:00+00:00,1,2168.335,2189.145,62.07999999999983,2.0693333333333275
M30 atr10 m1.8,254,2024-03-28 00:30:00+00:00,-1,2189.145,2193.855,-14.480000000000109,-0.4826666666666703
M30 atr10 m1.8,255,2024-03-28 02:30:00+00:00,1,2193.855,2385.745,575.3199999999996,19.17733333333332
M30 atr10 m1.8,256,2024-04-19 03:30:00+00:00,-1,2385.745,2395.745,-30.35,-1.0116666666666667
M30 atr10 m1.8,257,2024-05-06 01:30:00+00:00,1,2307.698,2307.585,-0.688999999999487,-0.02296666666664957
M30 atr10 m1.8,258,2024-05-08 02:00:00+00:00,-1,2307.585,2317.585,-30.35,-1.0116666666666667
M30 atr10 m1.8,259,2024-05-08 03:00:00+00:00,1,2316.905,2306.905,-30.35,-1.0116666666666667
M30 atr10 m1.8,260,2024-05-14 02:00:00+00:00,1,2341.865,2420.265,234.85000000000025,7.828333333333342
M30 atr10 m1.8,261,2024-05-21 02:00:00+00:00,-1,2420.265,2430.265,-30.35,-1.0116666666666667
M30 atr10 m1.8,262,2024-05-31 03:30:00+00:00,-1,2339.555,2349.555,-30.35,-1.0116666666666667
M30 atr10 m1.8,263,2024-06-04 03:30:00+00:00,-1,2345.065,2332.705,36.73000000000038,1.224333333333346
M30 atr10 m1.8,264,2024-06-05 02:30:00+00:00,1,2332.705,2370.955,114.4,3.8133333333333335
M30 atr10 m1.8,265,2024-06-07 02:00:00+00:00,-1,2370.955,2380.955,-30.35,-1.0116666666666667
M30 atr10 m1.8,266,2024-06-07 03:30:00+00:00,1,2377.875,2367.875,-30.35,-1.0116666666666667
M30 atr10 m1.8,267,2024-06-11 02:00:00+00:00,-1,2302.688,2312.688,-30.35,-1.0116666666666667
M30 atr10 m1.8,268,2024-06-17 00:30:00+00:00,-1,2325.718,2324.048,4.660000000000218,0.1553333333333406
M30 atr10 m1.8,269,2024-06-18 01:00:00+00:00,1,2324.048,2314.048,-30.35,-1.0116666666666667
M30 atr10 m1.8,270,2024-06-20 01:30:00+00:00,1,2332.205,2322.205,-30.35,-1.0116666666666667
M30 atr10 m1.8,271,2024-06-24 03:30:00+00:00,1,2325.638,2326.985,3.691000000000622,0.12303333333335406
M30 atr10 m1.8,272,2024-06-25 01:30:00+00:00,-1,2326.985,2336.985,-30.35,-1.0116666666666667
M30 atr10 m1.8,273,2024-06-28 01:00:00+00:00,-1,2321.474,2331.474,-30.35,-1.0116666666666667
M30 atr10 m1.8,274,2024-07-05 02:30:00+00:00,1,2361.578,2351.578,-30.35,-1.0116666666666667
M30 atr10 m1.8,275,2024-07-09 03:00:00+00:00,1,2363.888,2353.888,-30.35,-1.0116666666666667
M30 atr10 m1.8,276,2024-07-09 23:30:00+00:00,1,2365.025,2465.095,299.8599999999991,9.995333333333303
M30 atr10 m1.8,277,2024-07-17 03:30:00+00:00,-1,2465.095,2475.095,-30.35,-1.0116666666666667
M30 atr10 m1.8,278,2024-07-18 03:30:00+00:00,1,2467.195,2457.195,-30.35,-1.0116666666666667
M30 atr10 m1.8,279,2024-07-26 02:00:00+00:00,1,2373.425,2441.225,203.0499999999992,6.768333333333306
M30 atr10 m1.8,280,2024-08-01 03:00:00+00:00,-1,2441.225,2451.225,-30.35,-1.0116666666666667
M30 atr10 m1.8,281,2024-08-02 00:30:00+00:00,1,2449.305,2439.305,-30.35,-1.0116666666666667
M30 atr10 m1.8,282,2024-08-05 03:30:00+00:00,1,2444.295,2434.295,-30.35,-1.0116666666666667
M30 atr10 m1.8,283,2024-08-13 01:30:00+00:00,-1,2464.115,2474.115,-30.35,-1.0116666666666667
M30 atr10 m1.8,284,2024-08-14 02:30:00+00:00,-1,2460.444,2470.444,-30.35,-1.0116666666666667
M30 atr10 m1.8,285,2024-08-16 03:30:00+00:00,-1,2451.485,2461.485,-30.35,-1.0116666666666667
M30 atr10 m1.8,286,2024-08-20 02:30:00+00:00,-1,2500.435,2510.435,-30.35,-1.0116666666666667
M30 atr10 m1.8,287,2024-08-21 03:00:00+00:00,1,2519.244,2509.244,-30.35,-1.0116666666666667
M30 atr10 m1.8,288,2024-08-22 02:30:00+00:00,-1,2503.125,2489.875,39.4,1.3133333333333332
M30 atr10 m1.8,289,2024-08-23 01:00:00+00:00,1,2489.875,2520.245,90.75999999999968,3.0253333333333225
M30 atr10 m1.8,290,2024-08-28 01:30:00+00:00,-1,2520.245,2513.995,18.4,0.6133333333333333
M30 atr10 m1.8,291,2024-08-29 00:30:00+00:00,1,2513.995,2503.995,-30.35,-1.0116666666666667
M30 atr10 m1.8,292,2024-08-30 02:00:00+00:00,-1,2515.925,2525.925,-30.35,-1.0116666666666667
M30 atr10 m1.8,293,2024-09-03 01:00:00+00:00,-1,2495.665,2505.665,-30.35,-1.0116666666666667
M30 atr10 m1.8,294,2024-09-05 23:30:00+00:00,1,2517.165,2507.165,-30.35,-1.0116666666666667
M30 atr10 m1.8,295,2024-09-18 00:00:00+00:00,1,2573.875,2563.875,-30.35,-1.0116666666666667
M30 atr10 m1.8,296,2024-09-30 02:00:00+00:00,-1,2652.565,2639.675,38.31999999999962,1.2773333333333206
M30 atr10 m1.8,297,2024-10-01 02:00:00+00:00,1,2639.675,2654.015,42.66999999999907,1.4223333333333024
M30 atr10 m1.8,298,2024-10-03 03:30:00+00:00,-1,2654.015,2664.015,-30.35,-1.0116666666666667
M30 atr10 m1.8,299,2024-10-10 03:00:00+00:00,1,2615.095,2605.095,-30.35,-1.0116666666666667
M30 atr10 m1.8,300,2024-10-14 03:00:00+00:00,1,2655.025,2645.025,-30.35,-1.0116666666666667
M30 atr10 m1.8,301,2024-10-17 02:00:00+00:00,1,2682.915,2672.915,-30.35,-1.0116666666666667
M30 atr10 m1.8,302,2024-10-22 01:30:00+00:00,1,2728.275,2738.355,29.889999999999777,0.9963333333333259
M30 atr10 m1.8,303,2024-10-23 02:00:00+00:00,-1,2738.355,2748.355,-30.35,-1.0116666666666667
M30 atr10 m1.8,304,2024-10-24 01:30:00+00:00,1,2726.505,2748.745,66.36999999999935,2.2123333333333117
M30 atr10 m1.8,305,2024-10-29 03:30:00+00:00,-1,2748.745,2758.745,-30.35,-1.0116666666666667
M30 atr10 m1.8,306,2024-11-01 02:00:00+00:00,1,2749.635,2739.635,-30.35,-1.0116666666666667
M30 atr10 m1.8,307,2024-11-06 02:00:00+00:00,1,2746.924,2736.924,-30.35,-1.0116666666666667
M30 atr10 m1.8,308,2024-11-06 03:30:00+00:00,-1,2731.385,2741.385,-30.35,-1.0116666666666667
M30 atr10 m1.8,309,2024-11-08 03:00:00+00:00,-1,2697.375,2623.855,220.20999999999995,7.340333333333332
M30 atr10 m1.8,310,2024-11-12 00:00:00+00:00,1,2623.855,2613.855,-30.35,-1.0116666666666667
M30 atr10 m1.8,311,2024-11-13 01:30:00+00:00,1,2608.125,2598.125,-30.35,-1.0116666666666667
M30 atr10 m1.8,312,2024-11-17 23:30:00+00:00,1,2573.825,2701.905,383.89000000000107,12.796333333333369
M30 atr10 m1.8,313,2024-11-25 01:30:00+00:00,-1,2701.905,2644.805,170.9500000000011,5.69833333333337
M30 atr10 m1.8,314,2024-11-29 01:30:00+00:00,1,2644.805,2634.805,-30.35,-1.0116666666666667
M30 atr10 m1.8,315,2024-12-06 03:30:00+00:00,1,2636.355,2626.355,-30.35,-1.0116666666666667
M30 atr10 m1.8,316,2024-12-09 01:30:00+00:00,1,2649.015,2639.015,-30.35,-1.0116666666666667
M30 atr10 m1.8,317,2024-12-10 02:00:00+00:00,1,2667.305,2714.085,139.9900000000006,4.666333333333354
M30 atr10 m1.8,318,2024-12-12 01:30:00+00:00,-1,2714.085,2688.445,76.56999999999962,2.552333333333321
M30 atr10 m1.8,319,2024-12-13 01:30:00+00:00,1,2688.445,2678.445,-30.35,-1.0116666666666667
M30 atr10 m1.8,320,2024-12-17 02:00:00+00:00,1,2657.725,2647.725,-30.35,-1.0116666666666667
M30 atr10 m1.8,321,2024-12-19 01:30:00+00:00,1,2604.105,2594.105,-30.35,-1.0116666666666667
M30 atr10 m1.8,322,2024-12-20 02:00:00+00:00,1,2603.655,2680.465,230.07999999999984,7.669333333333328
M30 atr10 m1.8,323,2025-01-13 01:30:00+00:00,-1,2680.465,2690.465,-30.35,-1.0116666666666667
M30 atr10 m1.8,324,2025-01-14 00:00:00+00:00,1,2667.675,2669.935,6.429999999999291,0.2143333333333097
M30 atr10 m1.8,325,2025-01-15 02:00:00+00:00,-1,2669.935,2679.935,-30.35,-1.0116666666666667
M30 atr10 m1.8,326,2025-01-20 03:30:00+00:00,1,2700.825,2750.618,149.02900000000037,4.967633333333345
M30 atr10 m1.8,327,2025-01-23 03:30:00+00:00,-1,2750.618,2760.618,-30.35,-1.0116666666666667
M30 atr10 m1.8,328,2025-02-10 02:00:00+00:00,1,2871.695,2918.248,139.30899999999966,4.643633333333322
M30 atr10 m1.8,329,2025-02-11 03:00:00+00:00,-1,2918.248,2928.248,-30.35,-1.0116666666666667
M30 atr10 m1.8,330,2025-02-12 01:00:00+00:00,-1,2892.085,2902.085,-30.35,-1.0116666666666667
M30 atr10 m1.8,331,2025-02-17 02:00:00+00:00,1,2895.385,2928.975,100.41999999999908,3.3473333333333026
M30 atr10 m1.8,332,2025-02-19 03:00:00+00:00,-1,2928.975,2938.975,-30.35,-1.0116666666666667
M30 atr10 m1.8,333,2025-02-21 02:00:00+00:00,-1,2928.495,2938.495,-30.35,-1.0116666666666667
M30 atr10 m1.8,334,2025-02-24 01:00:00+00:00,-1,2930.035,2940.035,-30.35,-1.0116666666666667
M30 atr10 m1.8,335,2025-02-24 03:00:00+00:00,1,2940.645,2930.645,-30.35,-1.0116666666666667
M30 atr10 m1.8,336,2025-02-27 03:00:00+00:00,-1,2906.585,2916.585,-30.35,-1.0116666666666667
M30 atr10 m1.8,337,2025-03-07 00:30:00+00:00,-1,2902.285,2912.285,-30.35,-1.0116666666666667
M30 atr10 m1.8,338,2025-03-11 02:30:00+00:00,1,2897.555,3035.745,414.22000000000014,13.807333333333338
M30 atr10 m1.8,339,2025-03-21 02:00:00+00:00,-1,3035.745,3014.235,64.1799999999993,2.13933333333331
M30 atr10 m1.8,340,2025-03-25 03:30:00+00:00,1,3014.235,3018.535,12.549999999999182,0.4183333333333061
M30 atr10 m1.8,341,2025-03-26 03:30:00+00:00,-1,3018.535,3028.535,-30.35,-1.0116666666666667
M30 atr10 m1.8,342,2025-03-27 01:00:00+00:00,1,3025.145,3078.748,160.45900000000017,5.348633333333339
M30 atr10 m1.8,343,2025-03-31 01:00:00+00:00,-1,3078.748,3088.748,-30.35,-1.0116666666666667
M30 atr10 m1.8,344,2025-03-31 01:30:00+00:00,1,3091.295,3081.295,-30.35,-1.0116666666666667
M30 atr10 m1.8,345,2025-04-04 03:00:00+00:00,-1,3096.555,3106.555,-30.35,-1.0116666666666667
M30 atr10 m1.8,346,2025-04-07 02:00:00+00:00,1,3037.845,3027.845,-30.35,-1.0116666666666667
M30 atr10 m1.8,347,2025-04-08 01:30:00+00:00,1,2995.769,2985.769,-30.35,-1.0116666666666667
M30 atr10 m1.8,348,2025-04-09 02:00:00+00:00,1,3007.912,3323.635,946.8190000000011,31.56063333333337
M30 atr10 m1.8,349,2025-04-17 02:00:00+00:00,-1,3323.635,3333.635,-30.35,-1.0116666666666667
M30 atr10 m1.8,350,2025-04-23 01:00:00+00:00,1,3367.665,3357.665,-30.35,-1.0116666666666667
M30 atr10 m1.8,351,2025-04-23 03:30:00+00:00,-1,3334.915,3344.915,-30.35,-1.0116666666666667
M30 atr10 m1.8,352,2025-04-24 03:30:00+00:00,-1,3330.105,3340.105,-30.35,-1.0116666666666667
M30 atr10 m1.8,353,2025-04-25 02:00:00+00:00,-1,3345.465,3247.775,292.72000000000014,9.757333333333339
M30 atr10 m1.8,354,2025-05-05 00:00:00+00:00,1,3247.775,3357.955,330.18999999999943,11.006333333333314
M30 atr10 m1.8,355,2025-05-06 03:00:00+00:00,-1,3357.955,3367.955,-30.35,-1.0116666666666667
M30 atr10 m1.8,356,2025-05-08 01:30:00+00:00,1,3387.905,3377.905,-30.35,-1.0116666666666667
M30 atr10 m1.8,357,2025-05-09 02:00:00+00:00,-1,3290.855,3300.855,-30.35,-1.0116666666666667
M30 atr10 m1.8,358,2025-05-09 03:00:00+00:00,1,3308.055,3298.055,-30.35,-1.0116666666666667
M30 atr10 m1.8,359,2025-05-13 02:00:00+00:00,-1,3225.135,3235.135,-30.35,-1.0116666666666667
M30 atr10 m1.8,360,2025-05-14 01:00:00+00:00,-1,3243.379,3253.379,-30.35,-1.0116666666666667
M30 atr10 m1.8,361,2025-05-27 01:30:00+00:00,-1,3339.105,3346.615,-22.879999999999292,-0.7626666666666431
M30 atr10 m1.8,362,2025-05-27 03:30:00+00:00,1,3346.615,3336.615,-30.35,-1.0116666666666667
M30 atr10 m1.8,363,2025-05-27 23:30:00+00:00,1,3308.298,3298.298,-30.35,-1.0116666666666667
M30 atr10 m1.8,364,2025-05-28 03:30:00+00:00,-1,3293.685,3303.685,-30.35,-1.0116666666666667
M30 atr10 m1.8,365,2025-05-30 02:30:00+00:00,-1,3301.698,3311.698,-30.35,-1.0116666666666667
M30 atr10 m1.8,366,2025-06-03 01:00:00+00:00,-1,3375.695,3363.745,35.50000000000081,1.1833333333333604
M30 atr10 m1.8,367,2025-06-04 01:30:00+00:00,1,3363.745,3353.745,-30.35,-1.0116666666666667
M30 atr10 m1.8,368,2025-06-06 01:30:00+00:00,1,3368.255,3358.255,-30.35,-1.0116666666666667
M30 atr10 m1.8,369,2025-06-11 01:30:00+00:00,1,3335.405,3325.405,-30.35,-1.0116666666666667
M30 atr10 m1.8,370,2025-06-16 23:30:00+00:00,1,3398.555,3388.555,-30.35,-1.0116666666666667
M30 atr10 m1.8,371,2025-06-17 03:30:00+00:00,-1,3385.345,3395.345,-30.35,-1.0116666666666667
M30 atr10 m1.8,372,2025-06-23 00:00:00+00:00,-1,3372.455,3382.455,-30.35,-1.0116666666666667
M30 atr10 m1.8,373,2025-06-26 02:00:00+00:00,-1,3329.855,3339.855,-30.35,-1.0116666666666667
M30 atr10 m1.8,374,2025-06-30 02:30:00+00:00,1,3280.185,3350.255,209.8600000000005,6.99533333333335
M30 atr10 m1.8,375,2025-07-02 23:30:00+00:00,-1,3350.255,3360.255,-30.35,-1.0116666666666667
M30 atr10 m1.8,376,2025-07-08 03:30:00+00:00,-1,3331.335,3341.335,-30.35,-1.0116666666666667
M30 atr10 m1.8,377,2025-07-14 02:00:00+00:00,-1,3358.295,3368.295,-30.35,-1.0116666666666667
M30 atr10 m1.8,378,2025-07-15 03:30:00+00:00,1,3354.305,3344.305,-30.35,-1.0116666666666667
M30 atr10 m1.8,379,2025-07-21 01:30:00+00:00,1,3357.795,3391.265,100.0599999999994,3.3353333333333137
M30 atr10 m1.8,380,2025-07-22 01:30:00+00:00,-1,3391.265,3401.265,-30.35,-1.0116666666666667
M30 atr10 m1.8,381,2025-07-23 02:00:00+00:00,-1,3420.885,3430.885,-30.35,-1.0116666666666667
M30 atr10 m1.8,382,2025-07-25 03:00:00+00:00,-1,3362.785,3336.535,78.4,2.6133333333333337
M30 atr10 m1.8,383,2025-07-28 03:30:00+00:00,1,3336.535,3326.535,-30.35,-1.0116666666666667
M30 atr10 m1.8,384,2025-07-29 02:00:00+00:00,1,3318.695,3323.129,12.951999999999225,0.4317333333333075
M30 atr10 m1.8,385,2025-07-30 02:00:00+00:00,-1,3323.129,3333.129,-30.35,-1.0116666666666667
M30 atr10 m1.8,386,2025-07-31 01:00:00+00:00,1,3286.305,3347.398,182.9290000000009,6.097633333333364
M30 atr10 m1.8,387,2025-08-04 01:30:00+00:00,-1,3347.398,3357.398,-30.35,-1.0116666666666667
M30 atr10 m1.8,388,2025-08-05 03:00:00+00:00,-1,3373.345,3383.345,-30.35,-1.0116666666666667
M30 atr10 m1.8,389,2025-08-06 02:00:00+00:00,-1,3375.798,3385.798,-30.35,-1.0116666666666667
M30 atr10 m1.8,390,2025-08-08 01:30:00+00:00,-1,3384.119,3394.119,-30.35,-1.0116666666666667
M30 atr10 m1.8,391,2025-08-14 00:00:00+00:00,1,3362.565,3362.465,-0.6499999999997271,-0.02166666666665757
M30 atr10 m1.8,392,2025-08-14 03:00:00+00:00,-1,3362.465,3340.085,66.79000000000033,2.2263333333333444
M30 atr10 m1.8,393,2025-08-18 00:30:00+00:00,1,3340.085,3330.085,-30.35,-1.0116666666666667
M30 atr10 m1.8,394,2025-08-19 00:30:00+00:00,1,3337.125,3327.125,-30.35,-1.0116666666666667
M30 atr10 m1.8,395,2025-08-21 00:30:00+00:00,-1,3343.665,3353.665,-30.35,-1.0116666666666667
M30 atr10 m1.8,396,2025-08-25 02:30:00+00:00,-1,3362.195,3372.195,-30.35,-1.0116666666666667
M30 atr10 m1.8,397,2025-08-26 00:30:00+00:00,1,3377.035,3367.035,-30.35,-1.0116666666666667
M30 atr10 m1.8,398,2025-08-27 01:30:00+00:00,-1,3384.505,3394.505,-30.35,-1.0116666666666667
M30 atr10 m1.8,399,2025-08-28 01:30:00+00:00,-1,3387.885,3397.885,-30.35,-1.0116666666666667
M30 atr10 m1.8,400,2025-08-29 01:30:00+00:00,-1,3410.098,3420.098,-30.35,-1.0116666666666667
M30 atr10 m1.8,401,2025-09-01 01:30:00+00:00,-1,3438.665,3448.665,-30.35,-1.0116666666666667
M30 atr10 m1.8,402,2025-09-01 02:00:00+00:00,1,3456.969,3639.075,545.9679999999992,18.198933333333304
M30 atr10 m1.8,403,2025-09-14 23:30:00+00:00,-1,3639.075,3642.845,-11.659999999999945,-0.38866666666666483
M30 atr10 m1.8,404,2025-09-15 02:30:00+00:00,1,3642.845,3632.845,-30.35,-1.0116666666666667
M30 atr10 m1.8,405,2025-09-19 01:30:00+00:00,1,3647.385,3735.815,264.9399999999995,8.831333333333315
M30 atr10 m1.8,406,2025-09-25 02:00:00+00:00,-1,3735.815,3745.815,-30.35,-1.0116666666666667
M30 atr10 m1.8,407,2025-09-29 00:30:00+00:00,1,3777.235,3839.685,186.99999999999943,6.233333333333315
M30 atr10 m1.8,408,2025-10-03 03:30:00+00:00,-1,3839.685,3849.685,-30.35,-1.0116666666666667
M30 atr10 m1.8,409,2025-10-10 00:00:00+00:00,1,3989.399,3979.399,-30.35,-1.0116666666666667
M30 atr10 m1.8,410,2025-10-17 02:00:00+00:00,-1,4313.735,4323.735,-30.35,-1.0116666666666667
M30 atr10 m1.8,411,2025-10-17 03:30:00+00:00,1,4356.505,4346.505,-30.35,-1.0116666666666667
M30 atr10 m1.8,412,2025-10-21 03:00:00+00:00,-1,4338.495,4348.495,-30.35,-1.0116666666666667
M30 atr10 m1.8,413,2025-10-22 01:30:00+00:00,1,4104.085,4094.085,-30.35,-1.0116666666666667
M30 atr10 m1.8,414,2025-10-29 00:30:00+00:00,1,3970.639,3960.639,-30.35,-1.0116666666666667
M30 atr10 m1.8,415,2025-10-31 03:30:00+00:00,-1,4000.145,4010.145,-30.35,-1.0116666666666667
M30 atr10 m1.8,416,2025-11-03 01:30:00+00:00,1,3998.445,3988.445,-30.35,-1.0116666666666667
M30 atr10 m1.8,417,2025-11-03 23:30:00+00:00,-1,3995.495,3952.935,127.32999999999984,4.244333333333328
M30 atr10 m1.8,418,2025-11-05 03:30:00+00:00,1,3952.935,3970.455,52.20999999999994,1.7403333333333313
M30 atr10 m1.8,419,2025-11-05 23:30:00+00:00,-1,3970.455,3980.455,-30.35,-1.0116666666666667
M30 atr10 m1.8,420,2025-11-06 03:30:00+00:00,1,3985.945,3975.945,-30.35,-1.0116666666666667
M30 atr10 m1.8,421,2025-11-07 01:30:00+00:00,1,3997.205,3987.205,-30.35,-1.0116666666666667
M30 atr10 m1.8,422,2025-11-12 03:00:00+00:00,-1,4123.945,4133.945,-30.35,-1.0116666666666667
M30 atr10 m1.8,423,2025-11-14 00:00:00+00:00,1,4185.795,4175.795,-30.35,-1.0116666666666667
M30 atr10 m1.8,424,2025-11-17 23:30:00+00:00,1,4048.055,4038.055,-30.35,-1.0116666666666667
M30 atr10 m1.8,425,2025-11-18 03:00:00+00:00,-1,4017.615,4027.615,-30.35,-1.0116666666666667
M30 atr10 m1.8,426,2025-11-20 00:00:00+00:00,1,4104.265,4094.2650000000003,-30.35,-1.0116666666666667
M30 atr10 m1.8,427,2025-11-20 02:00:00+00:00,-1,4081.085,4091.085,-30.35,-1.0116666666666667
M30 atr10 m1.8,428,2025-11-27 23:30:00+00:00,1,4162.665,4152.665,-30.35,-1.0116666666666667
M30 atr10 m1.8,429,2025-12-11 03:30:00+00:00,-1,4212.765,4222.765,-30.35,-1.0116666666666667
M30 atr10 m1.8,430,2025-12-15 01:30:00+00:00,1,4314.925,4304.925,-30.35,-1.0116666666666667
M30 atr10 m1.8,431,2025-12-17 02:00:00+00:00,1,4326.475,4316.475,-30.35,-1.0116666666666667
M30 atr10 m1.8,432,2025-12-18 01:30:00+00:00,-1,4324.585,4334.585,-30.35,-1.0116666666666667
M30 atr10 m1.8,433,2025-12-22 00:00:00+00:00,1,4354.885,4477.185,366.5500000000005,12.218333333333351
M30 atr10 m1.8,434,2025-12-24 03:00:00+00:00,-1,4477.185,4487.185,-30.35,-1.0116666666666667
M30 atr10 m1.8,435,2025-12-25 23:30:00+00:00,1,4497.175,4487.175,-30.35,-1.0116666666666667
M30 atr10 m1.8,436,2025-12-30 02:00:00+00:00,1,4359.935,4349.935,-30.35,-1.0116666666666667
M30 atr10 m1.8,437,2025-12-31 02:00:00+00:00,1,4365.698,4355.698,-30.35,-1.0116666666666667
M30 atr10 m1.8,438,2026-01-01 23:30:00+00:00,1,4339.605,4329.605,-30.35,-1.0116666666666667
M30 atr10 m1.8,439,2026-01-04 23:30:00+00:00,1,4366.525,4476.885,330.7300000000017,11.024333333333391
M30 atr10 m1.8,440,2026-01-07 01:30:00+00:00,-1,4476.885,4486.885,-30.35,-1.0116666666666667
M30 atr10 m1.8,441,2026-01-11 23:30:00+00:00,1,4537.455,4608.825,213.75999999999968,7.125333333333322
M30 atr10 m1.8,442,2026-01-14 23:30:00+00:00,-1,4608.825,4618.825,-30.35,-1.0116666666666667
M30 atr10 m1.8,443,2026-01-16 01:00:00+00:00,-1,4599.495,4609.495,-30.35,-1.0116666666666667
M30 atr10 m1.8,444,2026-01-20 00:30:00+00:00,-1,4659.425,4669.425,-30.35,-1.0116666666666667
M30 atr10 m1.8,445,2026-01-27 01:30:00+00:00,1,5066.445,5056.445,-30.35,-1.0116666666666667
M30 atr10 m1.8,446,2026-01-30 02:00:00+00:00,-1,5300.098,4773.975,1578.0189999999989,52.6006333333333
M30 atr10 m1.8,447,2026-02-03 00:00:00+00:00,1,4773.975,4763.975,-30.35,-1.0116666666666667
M30 atr10 m1.8,448,2026-02-04 23:30:00+00:00,1,5019.125,5009.125,-30.35,-1.0116666666666667
M30 atr10 m1.8,449,2026-02-05 01:30:00+00:00,-1,4951.785,4773.765,533.7099999999986,17.790333333333287
M30 atr10 m1.8,450,2026-02-06 02:00:00+00:00,1,4773.765,4981.985,624.309999999998,20.81033333333327
M30 atr10 m1.8,451,2026-02-09 02:00:00+00:00,-1,4981.985,4991.985,-30.35,-1.0116666666666667
M30 atr10 m1.8,452,2026-02-09 23:30:00+00:00,-1,5022.718,5032.718,-30.35,-1.0116666666666667
M30 atr10 m1.8,453,2026-02-11 02:00:00+00:00,1,5052.215,5042.215,-30.35,-1.0116666666666667
M30 atr10 m1.8,454,2026-02-13 01:30:00+00:00,1,4969.495,4959.495,-30.35,-1.0116666666666667
M30 atr10 m1.8,455,2026-02-16 03:00:00+00:00,-1,4994.405,5004.405,-30.35,-1.0116666666666667
M30 atr10 m1.8,456,2026-02-18 02:30:00+00:00,1,4900.715,4967.475,199.93000000000063,6.664333333333355
M30 atr10 m1.8,457,2026-02-19 00:30:00+00:00,-1,4967.475,4977.475,-30.35,-1.0116666666666667
M30 atr10 m1.8,458,2026-02-24 01:30:00+00:00,-1,5164.665,5174.665,-30.35,-1.0116666666666667
M30 atr10 m1.8,459,2026-02-24 23:30:00+00:00,-1,5130.605,5140.605,-30.35,-1.0116666666666667
M30 atr10 m1.8,460,2026-02-25 01:30:00+00:00,1,5184.865,5174.865,-30.35,-1.0116666666666667
M30 atr10 m1.8,461,2026-03-02 01:30:00+00:00,-1,5306.905,5316.905,-30.35,-1.0116666666666667
M30 atr10 m1.8,462,2026-03-03 00:30:00+00:00,1,5357.615,5347.615,-30.35,-1.0116666666666667
M30 atr10 m1.8,463,2026-03-04 01:30:00+00:00,1,5145.605,5135.605,-30.35,-1.0116666666666667
M30 atr10 m1.8,464,2026-03-05 00:30:00+00:00,1,5173.075,5163.075,-30.35,-1.0116666666666667
M30 atr10 m1.8,465,2026-03-06 02:00:00+00:00,1,5134.315,5124.315,-30.35,-1.0116666666666667
M30 atr10 m1.8,466,2026-03-13 00:30:00+00:00,1,5106.135,5096.135,-30.35,-1.0116666666666667
M30 atr10 m1.8,467,2026-03-17 02:00:00+00:00,1,5027.695,5017.695,-30.35,-1.0116666666666667
M30 atr10 m1.8,468,2026-03-19 03:30:00+00:00,1,4859.885,4849.885,-30.35,-1.0116666666666667
M30 atr10 m1.8,469,2026-03-24 01:30:00+00:00,-1,4354.305,4364.305,-30.35,-1.0116666666666667
M30 atr10 m1.8,470,2026-03-27 02:30:00+00:00,1,4430.515,4420.515,-30.35,-1.0116666666666667
M30 atr10 m1.8,471,2026-03-30 03:30:00+00:00,1,4506.835,4496.835,-30.35,-1.0116666666666667
M30 atr10 m1.8,472,2026-03-31 01:00:00+00:00,1,4547.025,4537.025,-30.35,-1.0116666666666667
M30 atr10 m1.8,473,2026-04-02 01:30:00+00:00,-1,4695.265,4705.265,-30.35,-1.0116666666666667
M30 atr10 m1.8,474,2026-04-13 01:00:00+00:00,1,4694.795,4807.275,337.08999999999867,11.236333333333288
M30 atr10 m1.8,475,2026-04-21 02:30:00+00:00,-1,4807.275,4737.765,208.17999999999793,6.9393333333332645
M30 atr10 m1.8,476,2026-04-22 00:00:00+00:00,1,4737.765,4727.765,-30.35,-1.0116666666666667
M30 atr10 m1.8,477,2026-04-23 01:00:00+00:00,1,4747.485,4737.485,-30.35,-1.0116666666666667
M30 atr10 m1.8,478,2026-04-23 02:00:00+00:00,-1,4723.165,4733.165,-30.35,-1.0116666666666667
M30 atr10 m1.8,479,2026-04-27 01:00:00+00:00,1,4697.555,4687.555,-30.35,-1.0116666666666667
M30 atr10 m1.8,480,2026-04-28 00:30:00+00:00,1,4694.745,4684.745,-30.35,-1.0116666666666667
M30 atr10 m1.8,481,2026-04-28 02:00:00+00:00,-1,4670.295,4541.325,386.56000000000074,12.885333333333358
M30 atr10 m1.8,482,2026-05-05 02:30:00+00:00,1,4541.325,4531.325,-30.35,-1.0116666666666667
M30 atr10 m1.8,483,2026-05-07 02:00:00+00:00,1,4714.588,4704.588,-30.35,-1.0116666666666667
M30 atr10 m1.8,484,2026-05-08 02:00:00+00:00,1,4722.695,4712.695,-30.35,-1.0116666666666667
M30 atr10 m1.8,485,2026-05-12 01:30:00+00:00,-1,4734.805,4533.325,604.0900000000014,20.13633333333338
M30 atr10 m1.8,486,2026-05-18 02:30:00+00:00,1,4533.325,4559.075,76.9,2.5633333333333335
M30 atr10 m1.8,487,2026-05-19 01:30:00+00:00,-1,4559.075,4569.075,-30.35,-1.0116666666666667
M30 atr10 m1.8,488,2026-05-21 02:30:00+00:00,-1,4540.125,4550.125,-30.35,-1.0116666666666667
M30 atr10 m1.8,489,2026-05-26 00:00:00+00:00,-1,4559.555,4569.555,-30.35,-1.0116666666666667
M30 atr10 m1.8,490,2026-06-04 00:00:00+00:00,1,4457.215,4447.215,-30.35,-1.0116666666666667
M30 atr10 m1.8,491,2026-06-08 00:30:00+00:00,1,4351.095,4341.095,-30.35,-1.0116666666666667
M30 atr10 m1.8,492,2026-06-08 01:30:00+00:00,-1,4314.645,4324.645,-30.35,-1.0116666666666667
M30 atr10 m1.8,493,2026-06-09 00:00:00+00:00,-1,4317.575,4327.575,-30.35,-1.0116666666666667
M30 atr10 m1.8,494,2026-06-09 01:30:00+00:00,1,4335.305,4325.305,-30.35,-1.0116666666666667
M30 atr10 m1.8,495,2026-06-11 01:30:00+00:00,1,4104.305,4094.3050000000003,-30.35,-1.0116666666666667
M30 atr10 m1.8,496,2026-06-11 03:30:00+00:00,-1,4062.945,4072.945,-30.35,-1.0116666666666667
M30 atr10 m1.8,497,2026-06-12 01:30:00+00:00,-1,4180.645,4190.645,-30.35,-1.0116666666666667
M30 atr10 m1.8,498,2026-06-18 00:30:00+00:00,1,4300.295,4290.295,-30.35,-1.0116666666666667
M30 atr10 m1.8,499,2026-06-22 00:00:00+00:00,-1,4140.015,4150.015,-30.35,-1.0116666666666667
M30 atr10 m1.8,500,2026-06-22 01:00:00+00:00,1,4200.655,4190.655,-30.35,-1.0116666666666667
M30 atr10 m1.8,501,2026-06-22 03:30:00+00:00,-1,4179.745,4189.745,-30.35,-1.0116666666666667
M30 atr14 m1.8,0,2021-01-06 03:00:00+00:00,-1,1943.968,1953.968,-30.35,-1.0116666666666667
M30 atr14 m1.8,1,2021-01-18 02:30:00+00:00,1,1826.745,1838.175,33.94000000000018,1.1313333333333395
M30 atr14 m1.8,2,2021-01-28 00:30:00+00:00,-1,1838.175,1848.175,-30.35,-1.0116666666666667
M30 atr14 m1.8,3,2021-01-31 23:30:00+00:00,1,1857.395,1855.227,-6.853999999999678,-0.2284666666666559
M30 atr14 m1.8,4,2021-02-02 00:30:00+00:00,-1,1855.227,1844.216,32.68300000000058,1.0894333333333528
M30 atr14 m1.8,5,2021-02-03 02:30:00+00:00,1,1844.216,1834.216,-30.35,-1.0116666666666667
M30 atr14 m1.8,6,2021-02-08 03:00:00+00:00,-1,1810.765,1820.765,-30.35,-1.0116666666666667
M30 atr14 m1.8,7,2021-02-08 23:30:00+00:00,-1,1829.355,1837.035,-23.390000000000192,-0.7796666666666731
M30 atr14 m1.8,8,2021-02-09 01:30:00+00:00,1,1837.035,1827.035,-30.35,-1.0116666666666667
M30 atr14 m1.8,9,2021-02-15 02:00:00+00:00,1,1826.875,1816.875,-30.35,-1.0116666666666667
M30 atr14 m1.8,10,2021-02-16 01:30:00+00:00,1,1823.565,1813.565,-30.35,-1.0116666666666667
M30 atr14 m1.8,11,2021-02-18 02:30:00+00:00,1,1781.735,1771.735,-30.35,-1.0116666666666667
M30 atr14 m1.8,12,2021-02-24 01:30:00+00:00,1,1809.768,1799.768,-30.35,-1.0116666666666667
M30 atr14 m1.8,13,2021-02-25 03:00:00+00:00,-1,1796.295,1736.675,178.51000000000036,5.9503333333333455
M30 atr14 m1.8,14,2021-02-28 23:30:00+00:00,1,1736.675,1726.675,-30.35,-1.0116666666666667
M30 atr14 m1.8,15,2021-03-04 00:00:00+00:00,-1,1710.349,1720.349,-30.35,-1.0116666666666667
M30 atr14 m1.8,16,2021-03-09 02:30:00+00:00,1,1688.135,1728.858,121.81899999999986,4.060633333333329
M30 atr14 m1.8,17,2021-03-19 01:30:00+00:00,-1,1728.858,1738.858,-30.35,-1.0116666666666667
M30 atr14 m1.8,18,2021-03-23 01:30:00+00:00,-1,1734.248,1730.908,9.670000000000435,0.32233333333334785
M30 atr14 m1.8,19,2021-03-24 02:30:00+00:00,1,1730.908,1727.878,-9.439999999999918,-0.31466666666666393
M30 atr14 m1.8,20,2021-03-29 01:30:00+00:00,-1,1727.878,1734.378,-19.85,-0.6616666666666667
M30 atr14 m1.8,21,2021-04-06 01:30:00+00:00,1,1734.378,1737.158,7.9899999999999185,0.2663333333333306
M30 atr14 m1.8,22,2021-04-07 02:00:00+00:00,-1,1737.158,1738.838,-5.390000000000191,-0.17966666666667302
M30 atr14 m1.8,23,2021-04-08 03:30:00+00:00,1,1738.838,1739.228,0.8200000000003002,0.027333333333343337
M30 atr14 m1.8,24,2021-04-12 02:00:00+00:00,-1,1739.228,1734.898,12.640000000000462,0.42133333333334877
M30 atr14 m1.8,25,2021-04-13 02:30:00+00:00,1,1734.898,1724.898,-30.35,-1.0116666666666667
M30 atr14 m1.8,26,2021-04-16 02:30:00+00:00,-1,1760.128,1770.128,-30.35,-1.0116666666666667
M30 atr14 m1.8,27,2021-04-19 01:00:00+00:00,1,1782.038,1775.038,-21.35,-0.7116666666666667
M30 atr14 m1.8,28,2021-04-19 02:00:00+00:00,-1,1775.038,1785.038,-30.35,-1.0116666666666667
M30 atr14 m1.8,29,2021-04-20 03:30:00+00:00,1,1775.558,1765.558,-30.35,-1.0116666666666667
M30 atr14 m1.8,30,2021-04-23 01:30:00+00:00,1,1786.858,1776.858,-30.35,-1.0116666666666667
M30 atr14 m1.8,31,2021-04-26 01:30:00+00:00,1,1779.875,1769.875,-30.35,-1.0116666666666667
M30 atr14 m1.8,32,2021-04-27 02:00:00+00:00,-1,1774.985,1784.985,-30.35,-1.0116666666666667
M30 atr14 m1.8,33,2021-04-30 02:30:00+00:00,-1,1767.548,1773.165,-17.200999999999887,-0.5733666666666629
M30 atr14 m1.8,34,2021-05-03 02:30:00+00:00,1,1773.165,1831.288,174.01900000000015,5.800633333333338
M30 atr14 m1.8,35,2021-05-12 01:30:00+00:00,-1,1831.288,1841.288,-30.35,-1.0116666666666667
M30 atr14 m1.8,36,2021-05-13 02:00:00+00:00,1,1821.918,1811.918,-30.35,-1.0116666666666667
M30 atr14 m1.8,37,2021-05-18 03:00:00+00:00,-1,1867.755,1877.755,-30.35,-1.0116666666666667
M30 atr14 m1.8,38,2021-05-20 03:30:00+00:00,1,1877.159,1867.159,-30.35,-1.0116666666666667
M30 atr14 m1.8,39,2021-05-24 23:30:00+00:00,-1,1877.765,1878.838,-3.568999999999596,-0.11896666666665319
M30 atr14 m1.8,40,2021-05-25 03:30:00+00:00,1,1878.838,1893.005,42.15100000000042,1.4050333333333473
M30 atr14 m1.8,41,2021-05-28 03:00:00+00:00,-1,1893.005,1903.005,-30.35,-1.0116666666666667
M30 atr14 m1.8,42,2021-06-03 03:30:00+00:00,-1,1904.248,1869.998,102.39999999999999,3.413333333333333
M30 atr14 m1.8,43,2021-06-04 03:30:00+00:00,1,1869.998,1887.028,50.73999999999991,1.6913333333333302
M30 atr14 m1.8,44,2021-06-07 02:00:00+00:00,-1,1887.028,1897.028,-30.35,-1.0116666666666667
M30 atr14 m1.8,45,2021-06-08 02:00:00+00:00,-1,1897.878,1781.985,347.32900000000006,11.577633333333335
M30 atr14 m1.8,46,2021-06-18 01:30:00+00:00,1,1781.985,1771.985,-30.35,-1.0116666666666667
M30 atr14 m1.8,47,2021-06-21 01:00:00+00:00,1,1773.098,1774.928,5.140000000000464,0.1713333333333488
M30 atr14 m1.8,48,2021-06-28 01:30:00+00:00,-1,1774.928,1779.128,-12.949999999999452,-0.4316666666666484
M30 atr14 m1.8,49,2021-06-28 03:00:00+00:00,1,1779.128,1774.388,-14.570000000000027,-0.4856666666666676
M30 atr14 m1.8,50,2021-06-29 02:00:00+00:00,-1,1774.388,1777.098,-8.480000000000109,-0.2826666666666703
M30 atr14 m1.8,51,2021-07-02 01:00:00+00:00,1,1777.098,1805.428,84.64000000000047,2.821333333333349
M30 atr14 m1.8,52,2021-07-12 02:00:00+00:00,-1,1805.428,1815.428,-30.35,-1.0116666666666667
M30 atr14 m1.8,53,2021-07-14 00:00:00+00:00,-1,1805.948,1810.505,-14.021000000000049,-0.4673666666666683
M30 atr14 m1.8,54,2021-07-14 02:30:00+00:00,1,1810.505,1826.258,46.908999999999786,1.563633333333326
M30 atr14 m1.8,55,2021-07-16 02:00:00+00:00,-1,1826.258,1718.975,321.49900000000036,10.716633333333345
M30 atr14 m1.8,56,2021-08-09 00:00:00+00:00,1,1718.975,1777.008,173.7490000000004,5.791633333333347
M30 atr14 m1.8,57,2021-08-16 02:00:00+00:00,-1,1777.008,1787.008,-30.35,-1.0116666666666667
M30 atr14 m1.8,58,2021-08-18 01:30:00+00:00,1,1788.628,1778.628,-30.35,-1.0116666666666667
M30 atr14 m1.8,59,2021-08-19 02:00:00+00:00,-1,1781.738,1791.738,-30.35,-1.0116666666666667
M30 atr14 m1.8,60,2021-08-20 01:30:00+00:00,1,1784.118,1813.488,87.76000000000036,2.9253333333333456
M30 atr14 m1.8,61,2021-08-30 03:00:00+00:00,-1,1813.488,1813.518,-0.4399999999999181,-0.014666666666663938
M30 atr14 m1.8,62,2021-08-31 01:30:00+00:00,1,1813.518,1803.518,-30.35,-1.0116666666666667
M30 atr14 m1.8,63,2021-09-03 02:00:00+00:00,1,1812.838,1826.0,39.1360000000001,1.3045333333333367
M30 atr14 m1.8,64,2021-09-06 00:30:00+00:00,-1,1826.0,1825.345,1.614999999999918,0.0538333333333306
M30 atr14 m1.8,65,2021-09-07 00:30:00+00:00,1,1825.345,1815.345,-30.35,-1.0116666666666667
M30 atr14 m1.8,66,2021-09-08 02:30:00+00:00,1,1799.698,1789.698,-30.35,-1.0116666666666667
M30 atr14 m1.8,67,2021-09-13 03:30:00+00:00,1,1792.214,1790.874,-4.369999999999754,-0.14566666666665848
M30 atr14 m1.8,68,2021-09-14 01:30:00+00:00,-1,1790.874,1800.874,-30.35,-1.0116666666666667
M30 atr14 m1.8,69,2021-09-17 03:30:00+00:00,1,1758.088,1748.088,-30.35,-1.0116666666666667
M30 atr14 m1.8,70,2021-09-22 01:00:00+00:00,-1,1772.578,1777.424,-14.888000000000009,-0.49626666666666697
M30 atr14 m1.8,71,2021-09-22 02:30:00+00:00,1,1777.424,1767.424,-30.35,-1.0116666666666667
M30 atr14 m1.8,72,2021-09-24 01:00:00+00:00,1,1748.268,1738.268,-30.35,-1.0116666666666667
M30 atr14 m1.8,73,2021-09-30 02:00:00+00:00,1,1731.288,1751.358,59.85999999999981,1.995333333333327
M30 atr14 m1.8,74,2021-10-01 01:00:00+00:00,-1,1751.358,1761.358,-30.35,-1.0116666666666667
M30 atr14 m1.8,75,2021-10-04 02:30:00+00:00,-1,1759.718,1769.718,-30.35,-1.0116666666666667
M30 atr14 m1.8,76,2021-10-05 03:00:00+00:00,-1,1761.828,1758.428,9.849999999999591,0.3283333333333197
M30 atr14 m1.8,77,2021-10-08 02:00:00+00:00,1,1758.428,1751.718,-20.48000000000011,-0.6826666666666703
M30 atr14 m1.8,78,2021-10-12 00:30:00+00:00,-1,1751.718,1755.878,-12.829999999999563,-0.4276666666666521
M30 atr14 m1.8,79,2021-10-12 02:00:00+00:00,1,1755.878,1763.228,21.700000000000408,0.7233333333333469
M30 atr14 m1.8,80,2021-10-18 23:30:00+00:00,-1,1763.228,1767.334,-12.667999999999983,-0.4222666666666661
M30 atr14 m1.8,81,2021-10-19 01:00:00+00:00,1,1767.334,1804.204,110.25999999999968,3.6753333333333225
M30 atr14 m1.8,82,2021-10-26 03:00:00+00:00,-1,1804.204,1784.438,58.94799999999954,1.9649333333333179
M30 atr14 m1.8,83,2021-11-01 02:00:00+00:00,1,1784.438,1774.438,-30.35,-1.0116666666666667
M30 atr14 m1.8,84,2021-11-10 03:00:00+00:00,-1,1827.073,1837.073,-30.35,-1.0116666666666667
M30 atr14 m1.8,85,2021-11-15 02:00:00+00:00,-1,1860.348,1870.348,-30.35,-1.0116666666666667
M30 atr14 m1.8,86,2021-11-17 02:00:00+00:00,1,1855.568,1845.568,-30.35,-1.0116666666666667
M30 atr14 m1.8,87,2021-11-24 01:00:00+00:00,1,1791.398,1781.398,-30.35,-1.0116666666666667
M30 atr14 m1.8,88,2021-11-26 00:00:00+00:00,1,1792.548,1782.548,-30.35,-1.0116666666666667
M30 atr14 m1.8,89,2021-11-29 00:00:00+00:00,1,1795.405,1785.405,-30.35,-1.0116666666666667
M30 atr14 m1.8,90,2021-11-30 02:00:00+00:00,1,1788.358,1778.358,-30.35,-1.0116666666666667
M30 atr14 m1.8,91,2021-12-02 23:30:00+00:00,1,1769.935,1759.935,-30.35,-1.0116666666666667
M30 atr14 m1.8,92,2022-01-03 03:00:00+00:00,-1,1826.088,1806.609,58.087000000000124,1.9362333333333375
M30 atr14 m1.8,93,2022-01-04 02:30:00+00:00,1,1806.609,1796.609,-30.35,-1.0116666666666667
M30 atr14 m1.8,94,2022-01-17 03:30:00+00:00,1,1818.818,1808.818,-30.35,-1.0116666666666667
M30 atr14 m1.8,95,2022-01-21 03:30:00+00:00,1,1841.658,1831.658,-30.35,-1.0116666666666667
M30 atr14 m1.8,96,2022-01-23 23:30:00+00:00,1,1835.968,1825.968,-30.35,-1.0116666666666667
M30 atr14 m1.8,97,2022-02-18 02:00:00+00:00,-1,1890.118,1900.118,-30.35,-1.0116666666666667
M30 atr14 m1.8,98,2022-02-21 01:00:00+00:00,-1,1898.088,1908.088,-30.35,-1.0116666666666667
M30 atr14 m1.8,99,2022-02-24 23:30:00+00:00,1,1911.428,1901.428,-30.35,-1.0116666666666667
M30 atr14 m1.8,100,2022-02-27 23:30:00+00:00,1,1914.528,1904.528,-30.35,-1.0116666666666667
M30 atr14 m1.8,101,2022-03-02 01:00:00+00:00,-1,1935.048,1945.048,-30.35,-1.0116666666666667
M30 atr14 m1.8,102,2022-03-04 02:00:00+00:00,-1,1933.693,1943.693,-30.35,-1.0116666666666667
M30 atr14 m1.8,103,2022-03-08 01:30:00+00:00,-1,1981.448,1991.448,-30.35,-1.0116666666666667
M30 atr14 m1.8,104,2022-03-11 01:00:00+00:00,-1,1992.228,1927.948,192.4899999999999,6.41633333333333
M30 atr14 m1.8,105,2022-03-21 02:00:00+00:00,1,1927.948,1917.948,-30.35,-1.0116666666666667
M30 atr14 m1.8,106,2022-03-24 03:00:00+00:00,-1,1941.328,1951.328,-30.35,-1.0116666666666667
M30 atr14 m1.8,107,2022-03-28 01:30:00+00:00,-1,1949.672,1959.672,-30.35,-1.0116666666666667
M30 atr14 m1.8,108,2022-04-13 00:30:00+00:00,-1,1964.108,1970.238,-18.740000000000325,-0.6246666666666775
M30 atr14 m1.8,109,2022-04-13 02:30:00+00:00,1,1970.238,1960.238,-30.35,-1.0116666666666667
M30 atr14 m1.8,110,2022-04-27 03:00:00+00:00,-1,1898.768,1908.768,-30.35,-1.0116666666666667
M30 atr14 m1.8,111,2022-05-09 01:30:00+00:00,-1,1877.898,1860.068,53.13999999999978,1.771333333333326
M30 atr14 m1.8,112,2022-05-10 03:00:00+00:00,1,1860.068,1850.068,-30.35,-1.0116666666666667
M30 atr14 m1.8,113,2022-05-13 01:30:00+00:00,1,1824.579,1814.579,-30.35,-1.0116666666666667
M30 atr14 m1.8,114,2022-05-20 02:00:00+00:00,-1,1837.968,1847.968,-30.35,-1.0116666666666667
M30 atr14 m1.8,115,2022-05-24 02:00:00+00:00,-1,1849.748,1854.518,-14.659999999999945,-0.48866666666666486
M30 atr14 m1.8,116,2022-05-24 03:30:00+00:00,1,1854.518,1861.153,19.55499999999997,0.6518333333333324
M30 atr14 m1.8,117,2022-05-25 02:00:00+00:00,-1,1861.153,1855.813,15.669999999999755,0.5223333333333252
M30 atr14 m1.8,118,2022-05-27 02:00:00+00:00,1,1855.813,1845.813,-30.35,-1.0116666666666667
M30 atr14 m1.8,119,2022-06-06 03:00:00+00:00,1,1854.408,1844.408,-30.35,-1.0116666666666667
M30 atr14 m1.8,120,2022-06-08 03:30:00+00:00,-1,1847.264,1857.264,-30.35,-1.0116666666666667
M30 atr14 m1.8,121,2022-06-13 02:00:00+00:00,-1,1862.568,1824.218,114.69999999999972,3.823333333333324
M30 atr14 m1.8,122,2022-06-14 02:00:00+00:00,1,1824.218,1814.218,-30.35,-1.0116666666666667
M30 atr14 m1.8,123,2022-06-15 01:30:00+00:00,1,1814.704,1847.854,99.10000000000028,3.3033333333333426
M30 atr14 m1.8,124,2022-06-17 00:30:00+00:00,-1,1847.854,1842.198,16.617999999999846,0.5539333333333282
M30 atr14 m1.8,125,2022-06-20 03:00:00+00:00,1,1842.198,1832.198,-30.35,-1.0116666666666667
M30 atr14 m1.8,126,2022-06-23 01:00:00+00:00,-1,1835.463,1845.463,-30.35,-1.0116666666666667
M30 atr14 m1.8,127,2022-07-07 03:30:00+00:00,1,1745.588,1739.524,-18.542000000000236,-0.6180666666666745
M30 atr14 m1.8,128,2022-07-07 23:30:00+00:00,-1,1739.524,1744.518,-15.332000000000425,-0.5110666666666809
M30 atr14 m1.8,129,2022-07-08 01:00:00+00:00,1,1744.518,1734.518,-30.35,-1.0116666666666667
M30 atr14 m1.8,130,2022-07-11 01:30:00+00:00,-1,1739.154,1734.514,13.570000000000299,0.4523333333333433
M30 atr14 m1.8,131,2022-07-12 02:00:00+00:00,1,1734.514,1724.514,-30.35,-1.0116666666666667
M30 atr14 m1.8,132,2022-07-14 00:30:00+00:00,-1,1729.878,1714.078,47.04999999999986,1.5683333333333287
M30 atr14 m1.8,133,2022-07-18 01:30:00+00:00,1,1714.078,1704.078,-30.35,-1.0116666666666667
M30 atr14 m1.8,134,2022-07-25 03:30:00+00:00,1,1727.568,1717.568,-30.35,-1.0116666666666667
M30 atr14 m1.8,135,2022-07-26 01:30:00+00:00,1,1725.774,1715.774,-30.35,-1.0116666666666667
M30 atr14 m1.8,136,2022-08-02 00:30:00+00:00,1,1774.404,1764.404,-30.35,-1.0116666666666667
M30 atr14 m1.8,137,2022-08-03 02:00:00+00:00,1,1764.623,1754.623,-30.35,-1.0116666666666667
M30 atr14 m1.8,138,2022-08-09 02:00:00+00:00,-1,1783.694,1793.694,-30.35,-1.0116666666666667
M30 atr14 m1.8,139,2022-08-15 02:30:00+00:00,-1,1795.474,1713.738,244.8579999999996,8.16193333333332
M30 atr14 m1.8,140,2022-09-09 00:30:00+00:00,1,1713.738,1703.738,-30.35,-1.0116666666666667
M30 atr14 m1.8,141,2022-09-19 02:00:00+00:00,-1,1671.538,1681.538,-30.35,-1.0116666666666667
M30 atr14 m1.8,142,2022-09-27 01:00:00+00:00,1,1630.618,1620.618,-30.35,-1.0116666666666667
M30 atr14 m1.8,143,2022-10-03 01:30:00+00:00,1,1667.218,1669.619,6.85299999999952,0.22843333333331733
M30 atr14 m1.8,144,2022-10-13 03:30:00+00:00,-1,1669.619,1679.619,-30.35,-1.0116666666666667
M30 atr14 m1.8,145,2022-10-14 01:30:00+00:00,-1,1659.488,1667.845,-25.42099999999991,-0.8473666666666637
M30 atr14 m1.8,146,2022-10-14 02:00:00+00:00,1,1667.845,1657.845,-30.35,-1.0116666666666667
M30 atr14 m1.8,147,2022-10-17 02:00:00+00:00,1,1651.838,1641.838,-30.35,-1.0116666666666667
M30 atr14 m1.8,148,2022-10-24 02:00:00+00:00,-1,1653.577,1653.548,-0.2630000000000109,-0.00876666666666703
M30 atr14 m1.8,149,2022-10-25 01:00:00+00:00,1,1653.548,1648.327,-16.013000000000012,-0.5337666666666671
M30 atr14 m1.8,150,2022-10-25 02:30:00+00:00,-1,1648.327,1658.327,-30.35,-1.0116666666666667
M30 atr14 m1.8,151,2022-10-27 02:30:00+00:00,-1,1663.387,1666.097,-8.480000000000109,-0.2826666666666703
M30 atr14 m1.8,152,2022-10-28 02:00:00+00:00,1,1666.097,1656.097,-30.35,-1.0116666666666667
M30 atr14 m1.8,153,2022-11-01 01:30:00+00:00,1,1635.618,1625.618,-30.35,-1.0116666666666667
M30 atr14 m1.8,154,2022-11-07 00:00:00+00:00,-1,1672.698,1682.698,-30.35,-1.0116666666666667
M30 atr14 m1.8,155,2022-11-11 02:00:00+00:00,-1,1747.408,1757.408,-30.35,-1.0116666666666667
M30 atr14 m1.8,156,2022-11-14 00:30:00+00:00,-1,1762.208,1772.208,-30.35,-1.0116666666666667
M30 atr14 m1.8,157,2022-11-22 00:30:00+00:00,1,1740.627,1730.627,-30.35,-1.0116666666666667
M30 atr14 m1.8,158,2022-11-25 00:30:00+00:00,-1,1752.987,1755.948,-9.233000000000038,-0.3077666666666679
M30 atr14 m1.8,159,2022-11-25 01:30:00+00:00,1,1755.948,1745.948,-30.35,-1.0116666666666667
M30 atr14 m1.8,160,2022-11-28 01:30:00+00:00,-1,1748.748,1758.748,-30.35,-1.0116666666666667
M30 atr14 m1.8,161,2022-11-29 02:00:00+00:00,1,1746.148,1797.188,152.77000000000058,5.092333333333353
M30 atr14 m1.8,162,2022-12-02 02:30:00+00:00,-1,1797.188,1807.188,-30.35,-1.0116666666666667
M30 atr14 m1.8,163,2022-12-06 01:30:00+00:00,1,1773.758,1781.768,23.679999999999968,0.7893333333333322
M30 atr14 m1.8,164,2022-12-08 03:00:00+00:00,-1,1781.768,1791.768,-30.35,-1.0116666666666667
M30 atr14 m1.8,165,2022-12-13 03:00:00+00:00,1,1785.625,1775.625,-30.35,-1.0116666666666667
M30 atr14 m1.8,166,2022-12-16 03:00:00+00:00,1,1781.785,1912.985,393.24999999999943,13.108333333333315
M30 atr14 m1.8,167,2023-01-17 02:00:00+00:00,-1,1912.985,1922.985,-30.35,-1.0116666666666667
M30 atr14 m1.8,168,2023-01-25 03:30:00+00:00,-1,1932.665,1942.665,-30.35,-1.0116666666666667
M30 atr14 m1.8,169,2023-01-27 00:30:00+00:00,1,1932.348,1925.665,-20.39899999999998,-0.6799666666666659
M30 atr14 m1.8,170,2023-01-27 03:00:00+00:00,-1,1925.665,1935.665,-30.35,-1.0116666666666667
M30 atr14 m1.8,171,2023-02-06 02:30:00+00:00,1,1875.025,1865.025,-30.35,-1.0116666666666667
M30 atr14 m1.8,172,2023-02-07 02:00:00+00:00,1,1873.465,1863.465,-30.35,-1.0116666666666667
M30 atr14 m1.8,173,2023-02-15 02:00:00+00:00,1,1858.797,1848.797,-30.35,-1.0116666666666667
M30 atr14 m1.8,174,2023-02-15 03:30:00+00:00,-1,1851.665,1841.295,30.75999999999967,1.0253333333333223
M30 atr14 m1.8,175,2023-02-16 02:00:00+00:00,1,1841.295,1831.295,-30.35,-1.0116666666666667
M30 atr14 m1.8,176,2023-02-23 03:00:00+00:00,1,1829.575,1819.575,-30.35,-1.0116666666666667
M30 atr14 m1.8,177,2023-03-01 01:00:00+00:00,-1,1823.365,1829.045,-17.390000000000192,-0.5796666666666731
M30 atr14 m1.8,178,2023-03-01 02:00:00+00:00,1,1829.045,1835.128,17.898999999999567,0.5966333333333189
M30 atr14 m1.8,179,2023-03-02 01:30:00+00:00,-1,1835.128,1845.128,-30.35,-1.0116666666666667
M30 atr14 m1.8,180,2023-03-07 02:30:00+00:00,1,1849.875,1839.875,-30.35,-1.0116666666666667
M30 atr14 m1.8,181,2023-03-10 03:00:00+00:00,-1,1829.375,1839.375,-30.35,-1.0116666666666667
M30 atr14 m1.8,182,2023-03-13 02:00:00+00:00,-1,1872.915,1882.915,-30.35,-1.0116666666666667
M30 atr14 m1.8,183,2023-03-13 03:00:00+00:00,1,1886.748,1876.748,-30.35,-1.0116666666666667
M30 atr14 m1.8,184,2023-03-14 03:00:00+00:00,-1,1904.335,1914.335,-30.35,-1.0116666666666667
M30 atr14 m1.8,185,2023-03-17 03:00:00+00:00,1,1927.325,1971.915,133.41999999999976,4.447333333333325
M30 atr14 m1.8,186,2023-03-20 01:00:00+00:00,-1,1971.915,1981.915,-30.35,-1.0116666666666667
M30 atr14 m1.8,187,2023-03-24 03:30:00+00:00,-1,1990.235,2000.235,-30.35,-1.0116666666666667
M30 atr14 m1.8,188,2023-03-29 01:30:00+00:00,-1,1967.245,1977.245,-30.35,-1.0116666666666667
M30 atr14 m1.8,189,2023-04-04 02:00:00+00:00,-1,1978.124,1988.124,-30.35,-1.0116666666666667
M30 atr14 m1.8,190,2023-04-10 01:00:00+00:00,-1,1998.195,1993.895,12.549999999999864,0.4183333333333288
M30 atr14 m1.8,191,2023-04-11 00:30:00+00:00,1,1993.895,1983.895,-30.35,-1.0116666666666667
M30 atr14 m1.8,192,2023-04-26 03:30:00+00:00,-1,1994.595,2004.595,-30.35,-1.0116666666666667
M30 atr14 m1.8,193,2023-04-27 02:30:00+00:00,1,1996.085,1986.085,-30.35,-1.0116666666666667
M30 atr14 m1.8,194,2023-05-01 01:00:00+00:00,-1,1983.845,1993.845,-30.35,-1.0116666666666667
M30 atr14 m1.8,195,2023-05-04 02:30:00+00:00,-1,2043.385,2053.385,-30.350000000000684,-1.0116666666666894
M30 atr14 m1.8,196,2023-05-10 02:00:00+00:00,-1,2032.744,2042.744,-30.35,-1.0116666666666667
M30 atr14 m1.8,197,2023-05-11 00:30:00+00:00,1,2032.654,2022.654,-30.35,-1.0116666666666667
M30 atr14 m1.8,198,2023-05-15 01:30:00+00:00,1,2014.764,2004.764,-30.35,-1.0116666666666667
M30 atr14 m1.8,199,2023-05-19 03:00:00+00:00,1,1962.745,1952.745,-30.35,-1.0116666666666667
M30 atr14 m1.8,200,2023-05-26 02:00:00+00:00,1,1946.735,1941.475,-16.129999999999974,-0.5376666666666658
M30 atr14 m1.8,201,2023-05-29 01:00:00+00:00,-1,1941.475,1944.925,-10.700000000000134,-0.35666666666667113
M30 atr14 m1.8,202,2023-05-30 02:00:00+00:00,1,1944.925,1941.935,-9.320000000000027,-0.3106666666666676
M30 atr14 m1.8,203,2023-05-30 03:30:00+00:00,-1,1941.935,1951.935,-30.35,-1.0116666666666667
M30 atr14 m1.8,204,2023-05-31 02:00:00+00:00,-1,1954.725,1964.725,-30.35,-1.0116666666666667
M30 atr14 m1.8,205,2023-06-08 01:00:00+00:00,1,1946.095,1958.364,36.457000000000015,1.2152333333333338
M30 atr14 m1.8,206,2023-06-12 00:30:00+00:00,-1,1958.364,1959.825,-4.733000000000038,-0.15776666666666792
M30 atr14 m1.8,207,2023-06-12 23:30:00+00:00,1,1959.825,1949.825,-30.35,-1.0116666666666667
M30 atr14 m1.8,208,2023-06-27 02:00:00+00:00,1,1929.024,1919.024,-30.35,-1.0116666666666667
M30 atr14 m1.8,209,2023-07-03 03:00:00+00:00,-1,1914.765,1924.765,-30.35,-1.0116666666666667
M30 atr14 m1.8,210,2023-07-10 03:30:00+00:00,-1,1923.605,1933.605,-30.35,-1.0116666666666667
M30 atr14 m1.8,211,2023-07-12 01:00:00+00:00,1,1935.695,1974.465,115.95999999999994,3.8653333333333313
M30 atr14 m1.8,212,2023-07-19 02:30:00+00:00,-1,1974.465,1984.465,-30.35,-1.0116666666666667
M30 atr14 m1.8,213,2023-07-25 01:30:00+00:00,1,1959.465,1949.465,-30.35,-1.0116666666666667
M30 atr14 m1.8,214,2023-07-28 02:00:00+00:00,1,1950.895,1940.895,-30.35,-1.0116666666666667
M30 atr14 m1.8,215,2023-08-09 03:00:00+00:00,1,1929.555,1919.555,-30.35,-1.0116666666666667
M30 atr14 m1.8,216,2023-08-10 02:30:00+00:00,1,1919.085,1909.085,-30.35,-1.0116666666666667
M30 atr14 m1.8,217,2023-08-16 03:30:00+00:00,1,1904.775,1894.775,-30.35,-1.0116666666666667
M30 atr14 m1.8,218,2023-08-18 00:00:00+00:00,1,1891.215,1916.205,74.62000000000003,2.4873333333333343
M30 atr14 m1.8,219,2023-08-24 23:30:00+00:00,-1,1916.205,1923.778,-23.06900000000028,-0.768966666666676
M30 atr14 m1.8,220,2023-08-29 03:00:00+00:00,1,1923.778,1939.158,45.789999999999644,1.5263333333333216
M30 atr14 m1.8,221,2023-09-01 03:30:00+00:00,-1,1939.158,1949.158,-30.35,-1.0116666666666667
M30 atr14 m1.8,222,2023-09-04 02:30:00+00:00,1,1944.665,1934.665,-30.35,-1.0116666666666667
M30 atr14 m1.8,223,2023-09-07 03:00:00+00:00,1,1919.675,1909.675,-30.35,-1.0116666666666667
M30 atr14 m1.8,224,2023-09-13 02:30:00+00:00,-1,1910.095,1912.515,-7.610000000000217,-0.2536666666666739
M30 atr14 m1.8,225,2023-09-14 01:00:00+00:00,1,1912.515,1902.515,-30.35,-1.0116666666666667
M30 atr14 m1.8,226,2023-09-18 02:30:00+00:00,1,1926.355,1916.355,-30.35,-1.0116666666666667
M30 atr14 m1.8,227,2023-09-25 00:30:00+00:00,-1,1924.005,1822.225,304.9900000000006,10.166333333333352
M30 atr14 m1.8,228,2023-10-05 23:30:00+00:00,1,1822.225,1812.225,-30.35,-1.0116666666666667
M30 atr14 m1.8,229,2023-10-13 03:00:00+00:00,1,1873.295,1915.025,124.84000000000005,4.161333333333335
M30 atr14 m1.8,230,2023-10-17 02:00:00+00:00,-1,1915.025,1925.025,-30.35,-1.0116666666666667
M30 atr14 m1.8,231,2023-10-18 01:00:00+00:00,1,1927.305,1971.185,131.28999999999965,4.376333333333322
M30 atr14 m1.8,232,2023-10-25 03:30:00+00:00,-1,1971.185,1981.185,-30.35,-1.0116666666666667
M30 atr14 m1.8,233,2023-10-31 03:30:00+00:00,-1,1993.935,2003.935,-30.35,-1.0116666666666667
M30 atr14 m1.8,234,2023-11-03 03:00:00+00:00,1,1987.275,1977.275,-30.35,-1.0116666666666667
M30 atr14 m1.8,235,2023-11-09 01:30:00+00:00,1,1954.275,1944.275,-30.35,-1.0116666666666667
M30 atr14 m1.8,236,2023-11-20 01:30:00+00:00,1,1982.605,1972.605,-30.35,-1.0116666666666667
M30 atr14 m1.8,237,2023-11-24 00:00:00+00:00,1,1994.065,2102.554,325.1170000000001,10.837233333333335
M30 atr14 m1.8,238,2023-12-04 00:30:00+00:00,-1,2102.554,2037.445,194.97700000000046,6.499233333333349
M30 atr14 m1.8,239,2023-12-05 00:30:00+00:00,1,2037.445,2027.445,-30.35,-1.0116666666666667
M30 atr14 m1.8,240,2023-12-08 01:00:00+00:00,1,2031.055,2021.055,-30.35,-1.0116666666666667
M30 atr14 m1.8,241,2023-12-10 23:30:00+00:00,1,2006.658,1996.658,-30.35,-1.0116666666666667
M30 atr14 m1.8,242,2023-12-11 02:30:00+00:00,-1,1999.245,1984.015,45.33999999999937,1.5113333333333123
M30 atr14 m1.8,243,2023-12-12 00:30:00+00:00,1,1984.015,1974.015,-30.35,-1.0116666666666667
M30 atr14 m1.8,244,2023-12-21 03:00:00+00:00,1,2036.798,2026.798,-30.35,-1.0116666666666667
M30 atr14 m1.8,245,2024-01-09 00:30:00+00:00,1,2033.755,2023.755,-30.35,-1.0116666666666667
M30 atr14 m1.8,246,2024-01-11 01:30:00+00:00,1,2027.964,2017.964,-30.35,-1.0116666666666667
M30 atr14 m1.8,247,2024-01-15 02:30:00+00:00,1,2054.525,2051.335,-9.920000000000163,-0.3306666666666721
M30 atr14 m1.8,248,2024-01-16 01:00:00+00:00,-1,2051.335,2011.555,118.98999999999992,3.966333333333331
M30 atr14 m1.8,249,2024-01-18 02:00:00+00:00,1,2011.555,2024.095,37.26999999999988,1.2423333333333295
M30 atr14 m1.8,250,2024-01-24 03:00:00+00:00,-1,2024.095,2034.095,-30.35,-1.0116666666666667
M30 atr14 m1.8,251,2024-01-26 01:30:00+00:00,1,2022.234,2019.865,-7.456999999999742,-0.24856666666665808
M30 atr14 m1.8,252,2024-01-29 00:30:00+00:00,-1,2019.865,2029.865,-30.35,-1.0116666666666667
M30 atr14 m1.8,253,2024-02-01 02:30:00+00:00,1,2046.455,2036.455,-30.35,-1.0116666666666667
M30 atr14 m1.8,254,2024-02-02 02:30:00+00:00,-1,2052.665,2005.435,141.34000000000006,4.711333333333335
M30 atr14 m1.8,255,2024-02-16 02:00:00+00:00,1,2005.435,1995.435,-30.35,-1.0116666666666667
M30 atr14 m1.8,256,2024-02-20 01:30:00+00:00,1,2018.395,2033.975,46.38999999999978,1.546333333333326
M30 atr14 m1.8,257,2024-02-26 00:00:00+00:00,-1,2033.975,2033.325,1.5999999999995906,0.05333333333331969
M30 atr14 m1.8,258,2024-02-28 02:00:00+00:00,1,2033.325,2155.375,365.79999999999984,12.193333333333328
M30 atr14 m1.8,259,2024-03-08 03:00:00+00:00,-1,2155.375,2165.375,-30.35,-1.0116666666666667
M30 atr14 m1.8,260,2024-03-11 01:00:00+00:00,1,2186.605,2176.605,-30.35,-1.0116666666666667
M30 atr14 m1.8,261,2024-03-19 00:00:00+00:00,1,2162.085,2152.085,-30.35,-1.0116666666666667
M30 atr14 m1.8,262,2024-03-22 02:00:00+00:00,-1,2173.365,2168.335,14.739999999999235,0.4913333333333078
M30 atr14 m1.8,263,2024-03-25 00:00:00+00:00,1,2168.335,2385.745,651.8799999999995,21.72933333333332
M30 atr14 m1.8,264,2024-04-19 03:30:00+00:00,-1,2385.745,2395.745,-30.35,-1.0116666666666667
M30 atr14 m1.8,265,2024-05-06 01:30:00+00:00,1,2307.698,2420.265,337.351,11.245033333333334
M30 atr14 m1.8,266,2024-05-21 02:00:00+00:00,-1,2420.265,2430.265,-30.35,-1.0116666666666667
M30 atr14 m1.8,267,2024-05-31 03:30:00+00:00,-1,2339.555,2349.555,-30.35,-1.0116666666666667
M30 atr14 m1.8,268,2024-06-04 03:30:00+00:00,-1,2345.065,2332.705,36.73000000000038,1.224333333333346
M30 atr14 m1.8,269,2024-06-05 02:30:00+00:00,1,2332.705,2370.955,114.4,3.8133333333333335
M30 atr14 m1.8,270,2024-06-07 02:00:00+00:00,-1,2370.955,2380.955,-30.35,-1.0116666666666667
M30 atr14 m1.8,271,2024-06-07 03:30:00+00:00,1,2377.875,2367.875,-30.35,-1.0116666666666667
M30 atr14 m1.8,272,2024-06-11 02:00:00+00:00,-1,2302.688,2312.688,-30.35,-1.0116666666666667
M30 atr14 m1.8,273,2024-06-17 00:30:00+00:00,-1,2325.718,2324.048,4.660000000000218,0.1553333333333406
M30 atr14 m1.8,274,2024-06-18 01:00:00+00:00,1,2324.048,2314.048,-30.35,-1.0116666666666667
M30 atr14 m1.8,275,2024-06-20 01:30:00+00:00,1,2332.205,2322.205,-30.35,-1.0116666666666667
M30 atr14 m1.8,276,2024-06-25 01:30:00+00:00,-1,2326.985,2336.985,-30.35,-1.0116666666666667
M30 atr14 m1.8,277,2024-06-28 01:00:00+00:00,-1,2321.474,2331.474,-30.35,-1.0116666666666667
M30 atr14 m1.8,278,2024-07-03 00:30:00+00:00,1,2331.455,2407.928,229.06899999999987,7.635633333333329
M30 atr14 m1.8,279,2024-07-12 02:00:00+00:00,-1,2407.928,2417.928,-30.35,-1.0116666666666667
M30 atr14 m1.8,280,2024-07-16 02:00:00+00:00,1,2427.155,2465.095,113.46999999999879,3.782333333333293
M30 atr14 m1.8,281,2024-07-17 03:30:00+00:00,-1,2465.095,2475.095,-30.35,-1.0116666666666667
M30 atr14 m1.8,282,2024-07-18 03:30:00+00:00,1,2467.195,2457.195,-30.35,-1.0116666666666667
M30 atr14 m1.8,283,2024-07-26 02:00:00+00:00,1,2373.425,2441.225,203.0499999999992,6.768333333333306
M30 atr14 m1.8,284,2024-08-01 03:00:00+00:00,-1,2441.225,2451.225,-30.35,-1.0116666666666667
M30 atr14 m1.8,285,2024-08-02 00:30:00+00:00,1,2449.305,2439.305,-30.35,-1.0116666666666667
M30 atr14 m1.8,286,2024-08-05 00:30:00+00:00,-1,2425.495,2435.495,-30.35,-1.0116666666666667
M30 atr14 m1.8,287,2024-08-05 03:00:00+00:00,1,2442.634,2432.634,-30.35,-1.0116666666666667
M30 atr14 m1.8,288,2024-08-12 02:00:00+00:00,-1,2425.915,2435.915,-30.35,-1.0116666666666667
M30 atr14 m1.8,289,2024-08-13 01:30:00+00:00,-1,2464.115,2474.115,-30.35,-1.0116666666666667
M30 atr14 m1.8,290,2024-08-14 02:30:00+00:00,-1,2460.444,2470.444,-30.35,-1.0116666666666667
M30 atr14 m1.8,291,2024-08-20 03:00:00+00:00,-1,2499.475,2509.475,-30.35,-1.0116666666666667
M30 atr14 m1.8,292,2024-08-21 03:00:00+00:00,1,2519.244,2509.244,-30.35,-1.0116666666666667
M30 atr14 m1.8,293,2024-08-22 02:30:00+00:00,-1,2503.125,2489.875,39.4,1.3133333333333332
M30 atr14 m1.8,294,2024-08-23 01:00:00+00:00,1,2489.875,2520.245,90.75999999999968,3.0253333333333225
M30 atr14 m1.8,295,2024-08-28 01:30:00+00:00,-1,2520.245,2513.995,18.4,0.6133333333333333
M30 atr14 m1.8,296,2024-08-29 00:30:00+00:00,1,2513.995,2503.995,-30.35,-1.0116666666666667
M30 atr14 m1.8,297,2024-08-30 02:00:00+00:00,-1,2515.925,2525.925,-30.35,-1.0116666666666667
M30 atr14 m1.8,298,2024-09-03 01:00:00+00:00,-1,2495.665,2505.665,-30.35,-1.0116666666666667
M30 atr14 m1.8,299,2024-09-17 23:30:00+00:00,1,2573.215,2563.215,-30.35,-1.0116666666666667
M30 atr14 m1.8,300,2024-09-30 02:00:00+00:00,-1,2652.565,2639.675,38.31999999999962,1.2773333333333206
M30 atr14 m1.8,301,2024-10-01 02:00:00+00:00,1,2639.675,2629.675,-30.35,-1.0116666666666667
M30 atr14 m1.8,302,2024-10-10 03:00:00+00:00,1,2615.095,2605.095,-30.35,-1.0116666666666667
M30 atr14 m1.8,303,2024-10-14 03:00:00+00:00,1,2655.025,2645.025,-30.35,-1.0116666666666667
M30 atr14 m1.8,304,2024-10-17 02:00:00+00:00,1,2682.915,2672.915,-30.35,-1.0116666666666667
M30 atr14 m1.8,305,2024-10-22 01:30:00+00:00,1,2728.275,2738.355,29.889999999999777,0.9963333333333259
M30 atr14 m1.8,306,2024-10-23 02:00:00+00:00,-1,2738.355,2748.355,-30.35,-1.0116666666666667
M30 atr14 m1.8,307,2024-10-24 01:30:00+00:00,1,2726.505,2728.215,4.7800000000001095,0.159333333333337
M30 atr14 m1.8,308,2024-10-25 03:00:00+00:00,-1,2728.215,2738.215,-30.35,-1.0116666666666667
M30 atr14 m1.8,309,2024-11-06 02:00:00+00:00,1,2746.924,2736.924,-30.35,-1.0116666666666667
M30 atr14 m1.8,310,2024-11-06 03:30:00+00:00,-1,2731.385,2741.385,-30.35,-1.0116666666666667
M30 atr14 m1.8,311,2024-11-08 03:00:00+00:00,-1,2697.375,2623.855,220.20999999999995,7.340333333333332
M30 atr14 m1.8,312,2024-11-12 00:00:00+00:00,1,2623.855,2613.855,-30.35,-1.0116666666666667
M30 atr14 m1.8,313,2024-11-13 01:30:00+00:00,1,2608.125,2598.125,-30.35,-1.0116666666666667
M30 atr14 m1.8,314,2024-11-17 23:30:00+00:00,1,2573.825,2701.905,383.89000000000107,12.796333333333369
M30 atr14 m1.8,315,2024-11-25 01:30:00+00:00,-1,2701.905,2644.805,170.9500000000011,5.69833333333337
M30 atr14 m1.8,316,2024-11-29 01:30:00+00:00,1,2644.805,2634.805,-30.35,-1.0116666666666667
M30 atr14 m1.8,317,2024-12-06 03:30:00+00:00,1,2636.355,2626.355,-30.35,-1.0116666666666667
M30 atr14 m1.8,318,2024-12-09 01:30:00+00:00,1,2649.015,2639.015,-30.35,-1.0116666666666667
M30 atr14 m1.8,319,2024-12-10 02:00:00+00:00,1,2667.305,2714.085,139.9900000000006,4.666333333333354
M30 atr14 m1.8,320,2024-12-12 01:30:00+00:00,-1,2714.085,2688.445,76.56999999999962,2.552333333333321
M30 atr14 m1.8,321,2024-12-13 01:30:00+00:00,1,2688.445,2678.445,-30.35,-1.0116666666666667
M30 atr14 m1.8,322,2024-12-17 02:00:00+00:00,1,2657.725,2647.725,-30.35,-1.0116666666666667
M30 atr14 m1.8,323,2024-12-19 01:30:00+00:00,1,2604.105,2594.105,-30.35,-1.0116666666666667
M30 atr14 m1.8,324,2024-12-20 02:00:00+00:00,1,2603.655,2680.465,230.07999999999984,7.669333333333328
M30 atr14 m1.8,325,2025-01-13 01:30:00+00:00,-1,2680.465,2690.465,-30.35,-1.0116666666666667
M30 atr14 m1.8,326,2025-01-14 00:00:00+00:00,1,2667.675,2669.935,6.429999999999291,0.2143333333333097
M30 atr14 m1.8,327,2025-01-15 02:00:00+00:00,-1,2669.935,2679.935,-30.35,-1.0116666666666667
M30 atr14 m1.8,328,2025-01-20 03:30:00+00:00,1,2700.825,2752.455,154.54000000000033,5.151333333333344
M30 atr14 m1.8,329,2025-01-23 03:00:00+00:00,-1,2752.455,2762.455,-30.35,-1.0116666666666667
M30 atr14 m1.8,330,2025-01-28 01:30:00+00:00,1,2744.425,2918.248,521.1189999999996,17.37063333333332
M30 atr14 m1.8,331,2025-02-11 03:00:00+00:00,-1,2918.248,2928.248,-30.35,-1.0116666666666667
M30 atr14 m1.8,332,2025-02-12 01:00:00+00:00,-1,2892.085,2902.085,-30.35,-1.0116666666666667
M30 atr14 m1.8,333,2025-02-17 02:00:00+00:00,1,2895.385,2928.975,100.41999999999908,3.3473333333333026
M30 atr14 m1.8,334,2025-02-19 03:00:00+00:00,-1,2928.975,2938.975,-30.35,-1.0116666666666667
M30 atr14 m1.8,335,2025-02-21 02:00:00+00:00,-1,2928.495,2938.495,-30.35,-1.0116666666666667
M30 atr14 m1.8,336,2025-02-24 01:00:00+00:00,-1,2930.035,2940.035,-30.35,-1.0116666666666667
M30 atr14 m1.8,337,2025-02-24 03:00:00+00:00,1,2940.645,2930.645,-30.35,-1.0116666666666667
M30 atr14 m1.8,338,2025-02-27 03:00:00+00:00,-1,2906.585,2916.585,-30.35,-1.0116666666666667
M30 atr14 m1.8,339,2025-03-07 00:30:00+00:00,-1,2902.285,2912.285,-30.35,-1.0116666666666667
M30 atr14 m1.8,340,2025-03-11 02:30:00+00:00,1,2897.555,3035.745,414.22000000000014,13.807333333333338
M30 atr14 m1.8,341,2025-03-21 02:00:00+00:00,-1,3035.745,3024.635,32.979999999999016,1.0993333333333006
M30 atr14 m1.8,342,2025-03-26 02:00:00+00:00,1,3024.635,3018.535,-18.650000000001093,-0.6216666666667031
M30 atr14 m1.8,343,2025-03-26 03:30:00+00:00,-1,3018.535,3028.535,-30.35,-1.0116666666666667
M30 atr14 m1.8,344,2025-03-27 01:00:00+00:00,1,3025.145,3078.748,160.45900000000017,5.348633333333339
M30 atr14 m1.8,345,2025-03-31 01:00:00+00:00,-1,3078.748,3088.748,-30.35,-1.0116666666666667
M30 atr14 m1.8,346,2025-03-31 01:30:00+00:00,1,3091.295,3081.295,-30.35,-1.0116666666666667
M30 atr14 m1.8,347,2025-04-04 03:00:00+00:00,-1,3096.555,3106.555,-30.35,-1.0116666666666667
M30 atr14 m1.8,348,2025-04-07 01:30:00+00:00,1,3018.785,3008.785,-30.35,-1.0116666666666667
M30 atr14 m1.8,349,2025-04-08 01:30:00+00:00,1,2995.769,2985.769,-30.35,-1.0116666666666667
M30 atr14 m1.8,350,2025-04-09 02:00:00+00:00,1,3007.912,3323.635,946.8190000000011,31.56063333333337
M30 atr14 m1.8,351,2025-04-17 02:00:00+00:00,-1,3323.635,3333.635,-30.35,-1.0116666666666667
M30 atr14 m1.8,352,2025-04-23 01:00:00+00:00,1,3367.665,3357.665,-30.35,-1.0116666666666667
M30 atr14 m1.8,353,2025-04-23 03:30:00+00:00,-1,3334.915,3344.915,-30.35,-1.0116666666666667
M30 atr14 m1.8,354,2025-04-25 02:00:00+00:00,-1,3345.465,3247.775,292.72000000000014,9.757333333333339
M30 atr14 m1.8,355,2025-05-05 00:00:00+00:00,1,3247.775,3357.955,330.18999999999943,11.006333333333314
M30 atr14 m1.8,356,2025-05-06 03:00:00+00:00,-1,3357.955,3367.955,-30.35,-1.0116666666666667
M30 atr14 m1.8,357,2025-05-08 01:30:00+00:00,1,3387.905,3377.905,-30.35,-1.0116666666666667
M30 atr14 m1.8,358,2025-05-09 02:00:00+00:00,-1,3290.855,3300.855,-30.35,-1.0116666666666667
M30 atr14 m1.8,359,2025-05-09 03:00:00+00:00,1,3308.055,3298.055,-30.35,-1.0116666666666667
M30 atr14 m1.8,360,2025-05-14 02:00:00+00:00,-1,3238.405,3248.405,-30.35,-1.0116666666666667
M30 atr14 m1.8,361,2025-05-16 01:30:00+00:00,-1,3223.015,3233.015,-30.35,-1.0116666666666667
M30 atr14 m1.8,362,2025-05-19 02:00:00+00:00,-1,3218.095,3228.095,-30.35,-1.0116666666666667
M30 atr14 m1.8,363,2025-05-27 02:00:00+00:00,-1,3335.648,3345.648,-30.35,-1.0116666666666667
M30 atr14 m1.8,364,2025-05-27 03:30:00+00:00,1,3346.615,3336.615,-30.35,-1.0116666666666667
M30 atr14 m1.8,365,2025-05-27 23:30:00+00:00,1,3308.298,3298.298,-30.35,-1.0116666666666667
M30 atr14 m1.8,366,2025-05-28 03:30:00+00:00,-1,3293.685,3303.685,-30.35,-1.0116666666666667
M30 atr14 m1.8,367,2025-05-30 02:30:00+00:00,-1,3301.698,3311.698,-30.35,-1.0116666666666667
M30 atr14 m1.8,368,2025-06-03 01:00:00+00:00,-1,3375.695,3385.695,-30.35,-1.0116666666666667
M30 atr14 m1.8,369,2025-06-06 01:30:00+00:00,1,3368.255,3358.255,-30.35,-1.0116666666666667
M30 atr14 m1.8,370,2025-06-11 01:30:00+00:00,1,3335.405,3325.405,-30.35,-1.0116666666666667
M30 atr14 m1.8,371,2025-06-16 23:30:00+00:00,1,3398.555,3388.555,-30.35,-1.0116666666666667
M30 atr14 m1.8,372,2025-06-17 03:30:00+00:00,-1,3385.345,3395.345,-30.35,-1.0116666666666667
M30 atr14 m1.8,373,2025-06-19 01:30:00+00:00,1,3379.898,3369.898,-30.35,-1.0116666666666667
M30 atr14 m1.8,374,2025-06-23 00:00:00+00:00,-1,3372.455,3382.455,-30.35,-1.0116666666666667
M30 atr14 m1.8,375,2025-06-30 01:30:00+00:00,1,3274.915,3350.255,225.6700000000004,7.522333333333347
M30 atr14 m1.8,376,2025-07-02 23:30:00+00:00,-1,3350.255,3360.255,-30.35,-1.0116666666666667
M30 atr14 m1.8,377,2025-07-08 03:30:00+00:00,-1,3331.335,3341.335,-30.35,-1.0116666666666667
M30 atr14 m1.8,378,2025-07-14 02:00:00+00:00,-1,3358.295,3368.295,-30.35,-1.0116666666666667
M30 atr14 m1.8,379,2025-07-15 03:30:00+00:00,1,3354.305,3344.305,-30.35,-1.0116666666666667
M30 atr14 m1.8,380,2025-07-21 01:30:00+00:00,1,3357.795,3391.265,100.0599999999994,3.3353333333333137
M30 atr14 m1.8,381,2025-07-22 01:30:00+00:00,-1,3391.265,3401.265,-30.35,-1.0116666666666667
M30 atr14 m1.8,382,2025-07-23 02:00:00+00:00,-1,3420.885,3430.885,-30.35,-1.0116666666666667
M30 atr14 m1.8,383,2025-07-25 03:00:00+00:00,-1,3362.785,3336.535,78.4,2.6133333333333337
M30 atr14 m1.8,384,2025-07-28 03:30:00+00:00,1,3336.535,3326.535,-30.35,-1.0116666666666667
M30 atr14 m1.8,385,2025-07-29 02:30:00+00:00,1,3319.598,3309.598,-30.35,-1.0116666666666667
M30 atr14 m1.8,386,2025-07-30 02:00:00+00:00,-1,3323.129,3333.129,-30.35,-1.0116666666666667
M30 atr14 m1.8,387,2025-07-31 01:00:00+00:00,1,3286.305,3347.398,182.9290000000009,6.097633333333364
M30 atr14 m1.8,388,2025-08-04 01:30:00+00:00,-1,3347.398,3357.398,-30.35,-1.0116666666666667
M30 atr14 m1.8,389,2025-08-06 02:30:00+00:00,-1,3375.295,3385.295,-30.35,-1.0116666666666667
M30 atr14 m1.8,390,2025-08-08 01:30:00+00:00,-1,3384.119,3394.119,-30.35,-1.0116666666666667
M30 atr14 m1.8,391,2025-08-14 00:00:00+00:00,1,3362.565,3362.465,-0.6499999999997271,-0.02166666666665757
M30 atr14 m1.8,392,2025-08-14 03:00:00+00:00,-1,3362.465,3340.085,66.79000000000033,2.2263333333333444
M30 atr14 m1.8,393,2025-08-18 00:30:00+00:00,1,3340.085,3330.085,-30.35,-1.0116666666666667
M30 atr14 m1.8,394,2025-08-19 03:00:00+00:00,1,3337.875,3327.875,-30.35,-1.0116666666666667
M30 atr14 m1.8,395,2025-08-21 01:00:00+00:00,-1,3342.095,3352.095,-30.35,-1.0116666666666667
M30 atr14 m1.8,396,2025-08-25 02:00:00+00:00,-1,3362.648,3372.648,-30.35,-1.0116666666666667
M30 atr14 m1.8,397,2025-08-26 00:30:00+00:00,1,3377.035,3367.035,-30.35,-1.0116666666666667
M30 atr14 m1.8,398,2025-08-27 03:00:00+00:00,-1,3383.975,3393.975,-30.35,-1.0116666666666667
M30 atr14 m1.8,399,2025-08-28 01:30:00+00:00,-1,3387.885,3397.885,-30.35,-1.0116666666666667
M30 atr14 m1.8,400,2025-08-29 01:30:00+00:00,-1,3410.098,3420.098,-30.35,-1.0116666666666667
M30 atr14 m1.8,401,2025-09-01 01:30:00+00:00,-1,3438.665,3448.665,-30.35,-1.0116666666666667
M30 atr14 m1.8,402,2025-09-01 02:00:00+00:00,1,3456.969,3639.075,545.9679999999992,18.198933333333304
M30 atr14 m1.8,403,2025-09-14 23:30:00+00:00,-1,3639.075,3642.845,-11.659999999999945,-0.38866666666666483
M30 atr14 m1.8,404,2025-09-15 02:30:00+00:00,1,3642.845,3632.845,-30.35,-1.0116666666666667
M30 atr14 m1.8,405,2025-09-19 03:30:00+00:00,1,3653.745,3643.745,-30.35,-1.0116666666666667
M30 atr14 m1.8,406,2025-09-23 03:00:00+00:00,-1,3741.575,3751.575,-30.35,-1.0116666666666667
M30 atr14 m1.8,407,2025-09-25 02:00:00+00:00,-1,3735.815,3745.815,-30.35,-1.0116666666666667
M30 atr14 m1.8,408,2025-09-29 00:30:00+00:00,1,3777.235,3839.685,186.99999999999943,6.233333333333315
M30 atr14 m1.8,409,2025-10-03 03:30:00+00:00,-1,3839.685,3849.685,-30.35,-1.0116666666666667
M30 atr14 m1.8,410,2025-10-09 01:30:00+00:00,1,4030.975,4020.975,-30.35,-1.0116666666666667
M30 atr14 m1.8,411,2025-10-10 00:00:00+00:00,1,3989.399,3979.399,-30.35,-1.0116666666666667
M30 atr14 m1.8,412,2025-10-17 02:00:00+00:00,-1,4313.735,4323.735,-30.35,-1.0116666666666667
M30 atr14 m1.8,413,2025-10-17 03:30:00+00:00,1,4356.505,4346.505,-30.35,-1.0116666666666667
M30 atr14 m1.8,414,2025-10-21 03:00:00+00:00,-1,4338.495,4348.495,-30.35,-1.0116666666666667
M30 atr14 m1.8,415,2025-10-22 01:30:00+00:00,1,4104.085,4094.085,-30.35,-1.0116666666666667
M30 atr14 m1.8,416,2025-10-29 00:30:00+00:00,1,3970.639,3960.639,-30.35,-1.0116666666666667
M30 atr14 m1.8,417,2025-10-31 03:30:00+00:00,-1,4000.145,4010.145,-30.35,-1.0116666666666667
M30 atr14 m1.8,418,2025-11-03 01:30:00+00:00,1,3998.445,3988.445,-30.35,-1.0116666666666667
M30 atr14 m1.8,419,2025-11-03 23:30:00+00:00,-1,3995.495,4005.495,-30.35,-1.0116666666666667
M30 atr14 m1.8,420,2025-11-07 01:30:00+00:00,1,3997.205,3987.205,-30.35,-1.0116666666666667
M30 atr14 m1.8,421,2025-11-12 03:00:00+00:00,-1,4123.945,4133.945,-30.35,-1.0116666666666667
M30 atr14 m1.8,422,2025-11-14 00:00:00+00:00,1,4185.795,4175.795,-30.35,-1.0116666666666667
M30 atr14 m1.8,423,2025-11-17 23:30:00+00:00,1,4048.055,4038.055,-30.35,-1.0116666666666667
M30 atr14 m1.8,424,2025-11-18 03:00:00+00:00,-1,4017.615,4027.615,-30.35,-1.0116666666666667
M30 atr14 m1.8,425,2025-11-20 00:00:00+00:00,1,4104.265,4094.2650000000003,-30.35,-1.0116666666666667
M30 atr14 m1.8,426,2025-11-20 02:00:00+00:00,-1,4081.085,4091.085,-30.35,-1.0116666666666667
M30 atr14 m1.8,427,2025-11-21 03:30:00+00:00,-1,4052.295,4062.295,-30.35,-1.0116666666666667
M30 atr14 m1.8,428,2025-11-27 03:00:00+00:00,-1,4145.235,4155.235,-30.35,-1.0116666666666667
M30 atr14 m1.8,429,2025-11-28 00:30:00+00:00,1,4170.515,4160.515,-30.35,-1.0116666666666667
M30 atr14 m1.8,430,2025-12-11 03:30:00+00:00,-1,4212.765,4222.765,-30.35,-1.0116666666666667
M30 atr14 m1.8,431,2025-12-15 01:00:00+00:00,1,4307.198,4297.198,-30.35,-1.0116666666666667
M30 atr14 m1.8,432,2025-12-16 03:00:00+00:00,-1,4289.435,4299.435,-30.35,-1.0116666666666667
M30 atr14 m1.8,433,2025-12-17 02:00:00+00:00,1,4326.475,4316.475,-30.35,-1.0116666666666667
M30 atr14 m1.8,434,2025-12-22 00:00:00+00:00,1,4354.885,4477.185,366.5500000000005,12.218333333333351
M30 atr14 m1.8,435,2025-12-24 03:00:00+00:00,-1,4477.185,4487.185,-30.35,-1.0116666666666667
M30 atr14 m1.8,436,2025-12-25 23:30:00+00:00,1,4497.175,4487.175,-30.35,-1.0116666666666667
M30 atr14 m1.8,437,2025-12-30 02:00:00+00:00,1,4359.935,4349.935,-30.35,-1.0116666666666667
M30 atr14 m1.8,438,2025-12-31 02:00:00+00:00,1,4365.698,4355.698,-30.35,-1.0116666666666667
M30 atr14 m1.8,439,2026-01-01 23:30:00+00:00,1,4339.605,4329.605,-30.35,-1.0116666666666667
M30 atr14 m1.8,440,2026-01-04 23:30:00+00:00,1,4366.525,4476.885,330.7300000000017,11.024333333333391
M30 atr14 m1.8,441,2026-01-07 01:30:00+00:00,-1,4476.885,4486.885,-30.35,-1.0116666666666667
M30 atr14 m1.8,442,2026-01-11 23:30:00+00:00,1,4537.455,4608.825,213.75999999999968,7.125333333333322
M30 atr14 m1.8,443,2026-01-14 23:30:00+00:00,-1,4608.825,4618.825,-30.35,-1.0116666666666667
M30 atr14 m1.8,444,2026-01-16 01:00:00+00:00,-1,4599.495,4609.495,-30.35,-1.0116666666666667
M30 atr14 m1.8,445,2026-01-20 00:30:00+00:00,-1,4659.425,4669.425,-30.35,-1.0116666666666667
M30 atr14 m1.8,446,2026-01-27 01:30:00+00:00,1,5066.445,5056.445,-30.35,-1.0116666666666667
M30 atr14 m1.8,447,2026-01-30 02:00:00+00:00,-1,5300.098,4773.975,1578.0189999999989,52.6006333333333
M30 atr14 m1.8,448,2026-02-03 00:00:00+00:00,1,4773.975,4763.975,-30.35,-1.0116666666666667
M30 atr14 m1.8,449,2026-02-05 02:30:00+00:00,-1,4936.459,4773.765,487.73199999999844,16.25773333333328
M30 atr14 m1.8,450,2026-02-06 02:00:00+00:00,1,4773.765,4981.985,624.309999999998,20.81033333333327
M30 atr14 m1.8,451,2026-02-09 02:00:00+00:00,-1,4981.985,4991.985,-30.35,-1.0116666666666667
M30 atr14 m1.8,452,2026-02-09 23:30:00+00:00,-1,5022.718,5032.718,-30.35,-1.0116666666666667
M30 atr14 m1.8,453,2026-02-11 02:00:00+00:00,1,5052.215,5042.215,-30.35,-1.0116666666666667
M30 atr14 m1.8,454,2026-02-13 01:30:00+00:00,1,4969.495,4959.495,-30.35,-1.0116666666666667
M30 atr14 m1.8,455,2026-02-16 03:00:00+00:00,-1,4994.405,5004.405,-30.35,-1.0116666666666667
M30 atr14 m1.8,456,2026-02-18 03:00:00+00:00,1,4904.975,4967.475,187.15,6.238333333333333
M30 atr14 m1.8,457,2026-02-19 00:30:00+00:00,-1,4967.475,4977.475,-30.35,-1.0116666666666667
M30 atr14 m1.8,458,2026-02-24 01:30:00+00:00,-1,5164.665,5174.665,-30.35,-1.0116666666666667
M30 atr14 m1.8,459,2026-02-24 23:30:00+00:00,-1,5130.605,5140.605,-30.35,-1.0116666666666667
M30 atr14 m1.8,460,2026-02-25 01:30:00+00:00,1,5184.865,5174.865,-30.35,-1.0116666666666667
M30 atr14 m1.8,461,2026-03-02 01:30:00+00:00,-1,5306.905,5316.905,-30.35,-1.0116666666666667
M30 atr14 m1.8,462,2026-03-03 00:00:00+00:00,1,5345.755,5335.755,-30.35,-1.0116666666666667
M30 atr14 m1.8,463,2026-03-05 00:30:00+00:00,1,5173.075,5163.075,-30.35,-1.0116666666666667
M30 atr14 m1.8,464,2026-03-06 02:00:00+00:00,1,5134.315,5124.315,-30.35,-1.0116666666666667
M30 atr14 m1.8,465,2026-03-13 00:30:00+00:00,1,5106.135,5096.135,-30.35,-1.0116666666666667
M30 atr14 m1.8,466,2026-03-17 02:00:00+00:00,1,5027.695,5017.695,-30.35,-1.0116666666666667
M30 atr14 m1.8,467,2026-03-19 02:30:00+00:00,1,4857.015,4847.015,-30.35,-1.0116666666666667
M30 atr14 m1.8,468,2026-03-27 02:30:00+00:00,1,4430.515,4420.515,-30.35,-1.0116666666666667
M30 atr14 m1.8,469,2026-03-30 03:30:00+00:00,1,4506.835,4496.835,-30.35,-1.0116666666666667
M30 atr14 m1.8,470,2026-03-31 01:00:00+00:00,1,4547.025,4537.025,-30.35,-1.0116666666666667
M30 atr14 m1.8,471,2026-04-02 01:30:00+00:00,-1,4695.265,4705.265,-30.35,-1.0116666666666667
M30 atr14 m1.8,472,2026-04-13 01:00:00+00:00,1,4694.795,4823.985,387.2199999999988,12.907333333333293
M30 atr14 m1.8,473,2026-04-15 03:00:00+00:00,-1,4823.985,4814.765,27.309999999998034,0.9103333333332678
M30 atr14 m1.8,474,2026-04-15 23:30:00+00:00,1,4814.765,4804.765,-30.35,-1.0116666666666667
M30 atr14 m1.8,475,2026-04-20 01:30:00+00:00,1,4802.785,4792.785,-30.35,-1.0116666666666667
M30 atr14 m1.8,476,2026-04-21 02:30:00+00:00,-1,4807.275,4729.805,232.059999999998,7.7353333333332674
M30 atr14 m1.8,477,2026-04-21 23:30:00+00:00,1,4729.805,4719.805,-30.35,-1.0116666666666667
M30 atr14 m1.8,478,2026-04-23 00:30:00+00:00,1,4741.275,4731.275,-30.35,-1.0116666666666667
M30 atr14 m1.8,479,2026-04-23 02:00:00+00:00,-1,4723.165,4733.165,-30.35,-1.0116666666666667
M30 atr14 m1.8,480,2026-04-27 01:30:00+00:00,1,4697.865,4687.865,-30.35,-1.0116666666666667
M30 atr14 m1.8,481,2026-04-28 00:30:00+00:00,1,4694.745,4684.745,-30.35,-1.0116666666666667
M30 atr14 m1.8,482,2026-04-28 02:00:00+00:00,-1,4670.295,4680.295,-30.35,-1.0116666666666667
M30 atr14 m1.8,483,2026-05-07 02:00:00+00:00,1,4714.588,4704.588,-30.35,-1.0116666666666667
M30 atr14 m1.8,484,2026-05-08 02:00:00+00:00,1,4722.695,4712.695,-30.35,-1.0116666666666667
M30 atr14 m1.8,485,2026-05-12 01:30:00+00:00,-1,4734.805,4533.325,604.0900000000014,20.13633333333338
M30 atr14 m1.8,486,2026-05-18 02:30:00+00:00,1,4533.325,4546.975,40.600000000001636,1.353333333333388
M30 atr14 m1.8,487,2026-05-19 03:00:00+00:00,-1,4546.975,4556.975,-30.35,-1.0116666666666667
M30 atr14 m1.8,488,2026-05-21 02:30:00+00:00,-1,4540.125,4550.125,-30.35,-1.0116666666666667
M30 atr14 m1.8,489,2026-05-22 03:30:00+00:00,-1,4521.395,4531.395,-30.35,-1.0116666666666667
M30 atr14 m1.8,490,2026-05-26 00:30:00+00:00,-1,4548.995,4558.995,-30.35,-1.0116666666666667
M30 atr14 m1.8,491,2026-06-04 00:00:00+00:00,1,4457.215,4447.215,-30.35,-1.0116666666666667
M30 atr14 m1.8,492,2026-06-08 00:30:00+00:00,1,4351.095,4341.095,-30.35,-1.0116666666666667
M30 atr14 m1.8,493,2026-06-08 01:30:00+00:00,-1,4314.645,4324.645,-30.35,-1.0116666666666667
M30 atr14 m1.8,494,2026-06-09 00:30:00+00:00,-1,4316.515,4326.515,-30.35,-1.0116666666666667
M30 atr14 m1.8,495,2026-06-11 01:30:00+00:00,1,4104.305,4094.3050000000003,-30.35,-1.0116666666666667
M30 atr14 m1.8,496,2026-06-11 03:30:00+00:00,-1,4062.945,4072.945,-30.35,-1.0116666666666667
M30 atr14 m1.8,497,2026-06-12 01:30:00+00:00,-1,4180.645,4190.645,-30.35,-1.0116666666666667
M30 atr14 m1.8,498,2026-06-17 23:30:00+00:00,1,4279.735,4269.735,-30.35,-1.0116666666666667
M30 atr14 m1.8,499,2026-06-22 00:00:00+00:00,-1,4140.015,4150.015,-30.35,-1.0116666666666667
M30 atr14 m1.8,500,2026-06-22 01:00:00+00:00,1,4200.655,4190.655,-30.35,-1.0116666666666667
M30 atr14 m1.8,501,2026-06-22 03:30:00+00:00,-1,4179.745,4189.745,-30.35,-1.0116666666666667
M30 atr20 m1.8,0,2021-01-06 03:00:00+00:00,-1,1943.968,1953.968,-30.35,-1.0116666666666667
M30 atr20 m1.8,1,2021-01-18 02:00:00+00:00,1,1825.098,1839.817,43.80700000000015,1.4602333333333384
M30 atr20 m1.8,2,2021-01-28 00:00:00+00:00,-1,1839.817,1849.817,-30.35,-1.0116666666666667
M30 atr20 m1.8,3,2021-01-31 23:30:00+00:00,1,1857.395,1855.227,-6.853999999999678,-0.2284666666666559
M30 atr20 m1.8,4,2021-02-02 00:30:00+00:00,-1,1855.227,1844.216,32.68300000000058,1.0894333333333528
M30 atr20 m1.8,5,2021-02-03 02:30:00+00:00,1,1844.216,1834.216,-30.35,-1.0116666666666667
M30 atr20 m1.8,6,2021-02-08 03:30:00+00:00,-1,1810.118,1820.118,-30.35,-1.0116666666666667
M30 atr20 m1.8,7,2021-02-09 01:30:00+00:00,1,1837.035,1827.035,-30.35,-1.0116666666666667
M30 atr20 m1.8,8,2021-02-15 02:00:00+00:00,1,1826.875,1816.875,-30.35,-1.0116666666666667
M30 atr20 m1.8,9,2021-02-16 01:30:00+00:00,1,1823.565,1813.565,-30.35,-1.0116666666666667
M30 atr20 m1.8,10,2021-02-18 01:00:00+00:00,1,1780.845,1770.845,-30.35,-1.0116666666666667
M30 atr20 m1.8,11,2021-02-24 01:30:00+00:00,1,1809.768,1799.768,-30.35,-1.0116666666666667
M30 atr20 m1.8,12,2021-02-25 03:00:00+00:00,-1,1796.295,1736.675,178.51000000000036,5.9503333333333455
M30 atr20 m1.8,13,2021-02-28 23:30:00+00:00,1,1736.675,1726.675,-30.35,-1.0116666666666667
M30 atr20 m1.8,14,2021-03-09 02:30:00+00:00,1,1688.135,1728.858,121.81899999999986,4.060633333333329
M30 atr20 m1.8,15,2021-03-19 01:30:00+00:00,-1,1728.858,1738.858,-30.35,-1.0116666666666667
M30 atr20 m1.8,16,2021-03-23 01:30:00+00:00,-1,1734.248,1730.908,9.670000000000435,0.32233333333334785
M30 atr20 m1.8,17,2021-03-24 02:30:00+00:00,1,1730.908,1727.878,-9.439999999999918,-0.31466666666666393
M30 atr20 m1.8,18,2021-03-29 01:30:00+00:00,-1,1727.878,1713.428,42.999999999999446,1.433333333333315
M30 atr20 m1.8,19,2021-04-01 03:30:00+00:00,1,1713.428,1737.158,70.83999999999936,2.361333333333312
M30 atr20 m1.8,20,2021-04-07 02:00:00+00:00,-1,1737.158,1738.838,-5.390000000000191,-0.17966666666667302
M30 atr20 m1.8,21,2021-04-08 03:30:00+00:00,1,1738.838,1739.228,0.8200000000003002,0.027333333333343337
M30 atr20 m1.8,22,2021-04-12 02:00:00+00:00,-1,1739.228,1734.898,12.640000000000462,0.42133333333334877
M30 atr20 m1.8,23,2021-04-13 02:30:00+00:00,1,1734.898,1724.898,-30.35,-1.0116666666666667
M30 atr20 m1.8,24,2021-04-16 02:30:00+00:00,-1,1760.128,1770.128,-30.35,-1.0116666666666667
M30 atr20 m1.8,25,2021-04-19 00:30:00+00:00,1,1780.168,1775.038,-15.739999999999645,-0.5246666666666548
M30 atr20 m1.8,26,2021-04-19 02:00:00+00:00,-1,1775.038,1785.038,-30.35,-1.0116666666666667
M30 atr20 m1.8,27,2021-04-20 03:30:00+00:00,1,1775.558,1765.558,-30.35,-1.0116666666666667
M30 atr20 m1.8,28,2021-04-23 01:30:00+00:00,1,1786.858,1776.858,-30.35,-1.0116666666666667
M30 atr20 m1.8,29,2021-04-26 01:30:00+00:00,1,1779.875,1769.875,-30.35,-1.0116666666666667
M30 atr20 m1.8,30,2021-04-27 02:00:00+00:00,-1,1774.985,1784.985,-30.35,-1.0116666666666667
M30 atr20 m1.8,31,2021-04-30 03:00:00+00:00,-1,1767.568,1773.165,-17.14099999999994,-0.5713666666666647
M30 atr20 m1.8,32,2021-05-03 02:30:00+00:00,1,1773.165,1789.295,48.040000000000326,1.6013333333333442
M30 atr20 m1.8,33,2021-05-04 01:30:00+00:00,-1,1789.295,1799.295,-30.35,-1.0116666666666667
M30 atr20 m1.8,34,2021-05-12 01:30:00+00:00,-1,1831.288,1841.288,-30.35,-1.0116666666666667
M30 atr20 m1.8,35,2021-05-13 02:00:00+00:00,1,1821.918,1811.918,-30.35,-1.0116666666666667
M30 atr20 m1.8,36,2021-05-20 03:30:00+00:00,1,1877.159,1867.159,-30.35,-1.0116666666666667
M30 atr20 m1.8,37,2021-05-24 23:30:00+00:00,-1,1877.765,1878.838,-3.568999999999596,-0.11896666666665319
M30 atr20 m1.8,38,2021-05-25 03:30:00+00:00,1,1878.838,1904.248,75.88000000000025,2.5293333333333416
M30 atr20 m1.8,39,2021-06-03 03:30:00+00:00,-1,1904.248,1869.998,102.39999999999999,3.413333333333333
M30 atr20 m1.8,40,2021-06-04 03:30:00+00:00,1,1869.998,1887.028,50.73999999999991,1.6913333333333302
M30 atr20 m1.8,41,2021-06-07 02:00:00+00:00,-1,1887.028,1897.028,-30.35,-1.0116666666666667
M30 atr20 m1.8,42,2021-06-08 02:00:00+00:00,-1,1897.878,1822.895,224.59899999999985,7.486633333333328
M30 atr20 m1.8,43,2021-06-17 02:30:00+00:00,1,1822.895,1812.895,-30.35,-1.0116666666666667
M30 atr20 m1.8,44,2021-06-18 01:30:00+00:00,1,1781.985,1771.985,-30.35,-1.0116666666666667
M30 atr20 m1.8,45,2021-06-21 01:00:00+00:00,1,1773.098,1774.928,5.140000000000464,0.1713333333333488
M30 atr20 m1.8,46,2021-06-28 01:30:00+00:00,-1,1774.928,1779.128,-12.949999999999452,-0.4316666666666484
M30 atr20 m1.8,47,2021-06-28 03:00:00+00:00,1,1779.128,1775.688,-10.669999999999481,-0.35566666666664937
M30 atr20 m1.8,48,2021-06-29 01:00:00+00:00,-1,1775.688,1785.688,-30.35,-1.0116666666666667
M30 atr20 m1.8,49,2021-07-07 01:30:00+00:00,1,1801.798,1805.428,10.540000000000328,0.35133333333334427
M30 atr20 m1.8,50,2021-07-12 02:00:00+00:00,-1,1805.428,1815.428,-30.35,-1.0116666666666667
M30 atr20 m1.8,51,2021-07-13 23:30:00+00:00,-1,1806.418,1810.505,-12.611000000000649,-0.4203666666666883
M30 atr20 m1.8,52,2021-07-14 02:30:00+00:00,1,1810.505,1826.258,46.908999999999786,1.563633333333326
M30 atr20 m1.8,53,2021-07-16 02:00:00+00:00,-1,1826.258,1813.475,37.999000000000386,1.2666333333333462
M30 atr20 m1.8,54,2021-07-20 00:30:00+00:00,1,1813.475,1803.475,-30.35,-1.0116666666666667
M30 atr20 m1.8,55,2021-07-22 03:00:00+00:00,-1,1798.728,1808.728,-30.35,-1.0116666666666667
M30 atr20 m1.8,56,2021-08-02 01:00:00+00:00,1,1816.418,1810.908,-16.879999999999974,-0.5626666666666658
M30 atr20 m1.8,57,2021-08-02 02:00:00+00:00,-1,1810.908,1820.908,-30.35,-1.0116666666666667
M30 atr20 m1.8,58,2021-08-09 00:00:00+00:00,1,1718.975,1781.738,187.93900000000045,6.264633333333348
M30 atr20 m1.8,59,2021-08-19 02:00:00+00:00,-1,1781.738,1791.738,-30.35,-1.0116666666666667
M30 atr20 m1.8,60,2021-08-20 01:30:00+00:00,1,1784.118,1813.488,87.76000000000036,2.9253333333333456
M30 atr20 m1.8,61,2021-08-30 03:00:00+00:00,-1,1813.488,1813.518,-0.4399999999999181,-0.014666666666663938
M30 atr20 m1.8,62,2021-08-31 01:30:00+00:00,1,1813.518,1803.518,-30.35,-1.0116666666666667
M30 atr20 m1.8,63,2021-09-03 02:00:00+00:00,1,1812.838,1826.0,39.1360000000001,1.3045333333333367
M30 atr20 m1.8,64,2021-09-06 00:30:00+00:00,-1,1826.0,1825.345,1.614999999999918,0.0538333333333306
M30 atr20 m1.8,65,2021-09-07 00:30:00+00:00,1,1825.345,1815.345,-30.35,-1.0116666666666667
M30 atr20 m1.8,66,2021-09-08 02:30:00+00:00,1,1799.698,1789.698,-30.35,-1.0116666666666667
M30 atr20 m1.8,67,2021-09-13 03:30:00+00:00,1,1792.214,1791.138,-3.5780000000000656,-0.11926666666666885
M30 atr20 m1.8,68,2021-09-14 01:00:00+00:00,-1,1791.138,1801.138,-30.35,-1.0116666666666667
M30 atr20 m1.8,69,2021-09-22 01:00:00+00:00,-1,1772.578,1777.424,-14.888000000000009,-0.49626666666666697
M30 atr20 m1.8,70,2021-09-22 02:30:00+00:00,1,1777.424,1767.424,-30.35,-1.0116666666666667
M30 atr20 m1.8,71,2021-09-24 01:00:00+00:00,1,1748.268,1738.268,-30.35,-1.0116666666666667
M30 atr20 m1.8,72,2021-09-30 02:00:00+00:00,1,1731.288,1751.358,59.85999999999981,1.995333333333327
M30 atr20 m1.8,73,2021-10-01 01:00:00+00:00,-1,1751.358,1761.358,-30.35,-1.0116666666666667
M30 atr20 m1.8,74,2021-10-04 03:00:00+00:00,-1,1758.938,1768.938,-30.35,-1.0116666666666667
M30 atr20 m1.8,75,2021-10-05 03:00:00+00:00,-1,1761.828,1758.428,9.849999999999591,0.3283333333333197
M30 atr20 m1.8,76,2021-10-08 02:00:00+00:00,1,1758.428,1803.544,134.99799999999996,4.499933333333332
M30 atr20 m1.8,77,2021-10-26 03:30:00+00:00,-1,1803.544,1784.438,56.96799999999998,1.8989333333333327
M30 atr20 m1.8,78,2021-11-01 02:00:00+00:00,1,1784.438,1774.438,-30.35,-1.0116666666666667
M30 atr20 m1.8,79,2021-11-05 02:00:00+00:00,1,1795.484,1785.484,-30.35,-1.0116666666666667
M30 atr20 m1.8,80,2021-11-15 02:00:00+00:00,-1,1860.348,1870.348,-30.35,-1.0116666666666667
M30 atr20 m1.8,81,2021-11-17 02:00:00+00:00,1,1855.568,1845.568,-30.35,-1.0116666666666667
M30 atr20 m1.8,82,2021-11-26 00:00:00+00:00,1,1792.548,1782.548,-30.35,-1.0116666666666667
M30 atr20 m1.8,83,2021-11-29 00:00:00+00:00,1,1795.405,1785.405,-30.35,-1.0116666666666667
M30 atr20 m1.8,84,2021-11-30 02:00:00+00:00,1,1788.358,1778.358,-30.35,-1.0116666666666667
M30 atr20 m1.8,85,2021-12-02 23:30:00+00:00,1,1769.935,1759.935,-30.35,-1.0116666666666667
M30 atr20 m1.8,86,2022-01-03 03:00:00+00:00,-1,1826.088,1805.044,62.7819999999996,2.09273333333332
M30 atr20 m1.8,87,2022-01-04 02:00:00+00:00,1,1805.044,1795.044,-30.35,-1.0116666666666667
M30 atr20 m1.8,88,2022-01-17 03:30:00+00:00,1,1818.818,1808.818,-30.35,-1.0116666666666667
M30 atr20 m1.8,89,2022-01-19 03:30:00+00:00,-1,1810.378,1820.378,-30.35,-1.0116666666666667
M30 atr20 m1.8,90,2022-01-21 03:30:00+00:00,1,1841.658,1831.658,-30.35,-1.0116666666666667
M30 atr20 m1.8,91,2022-01-23 23:30:00+00:00,1,1835.968,1846.965,32.64099999999953,1.0880333333333176
M30 atr20 m1.8,92,2022-01-26 01:30:00+00:00,-1,1846.965,1856.965,-30.35,-1.0116666666666667
M30 atr20 m1.8,93,2022-02-14 03:30:00+00:00,-1,1853.238,1863.238,-30.35,-1.0116666666666667
M30 atr20 m1.8,94,2022-02-18 02:00:00+00:00,-1,1890.118,1900.118,-30.35,-1.0116666666666667
M30 atr20 m1.8,95,2022-02-20 23:30:00+00:00,1,1904.638,1898.088,-19.999999999999865,-0.6666666666666622
M30 atr20 m1.8,96,2022-02-21 01:00:00+00:00,-1,1898.088,1908.088,-30.35,-1.0116666666666667
M30 atr20 m1.8,97,2022-02-27 23:30:00+00:00,1,1914.528,1904.528,-30.35,-1.0116666666666667
M30 atr20 m1.8,98,2022-03-02 01:00:00+00:00,-1,1935.048,1945.048,-30.35,-1.0116666666666667
M30 atr20 m1.8,99,2022-03-03 00:30:00+00:00,1,1930.121,1933.693,10.365999999999666,0.3455333333333222
M30 atr20 m1.8,100,2022-03-04 02:00:00+00:00,-1,1933.693,1943.693,-30.35,-1.0116666666666667
M30 atr20 m1.8,101,2022-03-08 01:30:00+00:00,-1,1981.448,1991.448,-30.35,-1.0116666666666667
M30 atr20 m1.8,102,2022-03-09 03:30:00+00:00,1,2054.318,2044.3180000000002,-30.35,-1.0116666666666667
M30 atr20 m1.8,103,2022-03-21 02:00:00+00:00,1,1927.948,1917.948,-30.35,-1.0116666666666667
M30 atr20 m1.8,104,2022-03-24 03:30:00+00:00,-1,1941.078,1951.078,-30.35,-1.0116666666666667
M30 atr20 m1.8,105,2022-03-28 01:30:00+00:00,-1,1949.672,1959.672,-30.35,-1.0116666666666667
M30 atr20 m1.8,106,2022-04-13 03:00:00+00:00,1,1970.678,1960.678,-30.35,-1.0116666666666667
M30 atr20 m1.8,107,2022-04-27 03:00:00+00:00,-1,1898.768,1908.768,-30.35,-1.0116666666666667
M30 atr20 m1.8,108,2022-05-09 00:30:00+00:00,-1,1879.898,1824.579,165.60699999999989,5.520233333333329
M30 atr20 m1.8,109,2022-05-13 01:30:00+00:00,1,1824.579,1814.579,-30.35,-1.0116666666666667
M30 atr20 m1.8,110,2022-05-20 01:30:00+00:00,-1,1838.173,1848.173,-30.35,-1.0116666666666667
M30 atr20 m1.8,111,2022-05-24 02:00:00+00:00,-1,1849.748,1859.748,-30.35,-1.0116666666666667
M30 atr20 m1.8,112,2022-05-25 02:00:00+00:00,-1,1861.153,1856.563,13.419999999999755,0.44733333333332514
M30 atr20 m1.8,113,2022-05-30 02:00:00+00:00,1,1856.563,1846.563,-30.35,-1.0116666666666667
M30 atr20 m1.8,114,2022-05-31 03:30:00+00:00,1,1851.888,1841.888,-30.35,-1.0116666666666667
M30 atr20 m1.8,115,2022-06-06 03:00:00+00:00,1,1854.408,1844.408,-30.35,-1.0116666666666667
M30 atr20 m1.8,116,2022-06-08 03:30:00+00:00,-1,1847.264,1857.264,-30.35,-1.0116666666666667
M30 atr20 m1.8,117,2022-06-13 02:00:00+00:00,-1,1862.568,1823.908,115.63000000000025,3.854333333333342
M30 atr20 m1.8,118,2022-06-14 01:00:00+00:00,1,1823.908,1813.908,-30.35,-1.0116666666666667
M30 atr20 m1.8,119,2022-06-15 01:30:00+00:00,1,1814.704,1846.563,95.22700000000044,3.174233333333348
M30 atr20 m1.8,120,2022-06-17 01:00:00+00:00,-1,1846.563,1842.198,12.745000000000026,0.4248333333333342
M30 atr20 m1.8,121,2022-06-20 03:00:00+00:00,1,1842.198,1832.198,-30.35,-1.0116666666666667
M30 atr20 m1.8,122,2022-07-05 02:00:00+00:00,1,1811.618,1801.618,-30.35,-1.0116666666666667
M30 atr20 m1.8,123,2022-07-07 03:00:00+00:00,1,1743.874,1733.874,-30.35,-1.0116666666666667
M30 atr20 m1.8,124,2022-07-11 01:30:00+00:00,-1,1739.154,1734.514,13.570000000000299,0.4523333333333433
M30 atr20 m1.8,125,2022-07-12 02:00:00+00:00,1,1734.514,1724.514,-30.35,-1.0116666666666667
M30 atr20 m1.8,126,2022-07-13 23:30:00+00:00,-1,1732.388,1725.774,19.492000000000097,0.6497333333333366
M30 atr20 m1.8,127,2022-07-26 01:30:00+00:00,1,1725.774,1715.774,-30.35,-1.0116666666666667
M30 atr20 m1.8,128,2022-08-02 00:30:00+00:00,1,1774.404,1764.404,-30.35,-1.0116666666666667
M30 atr20 m1.8,129,2022-08-03 02:00:00+00:00,1,1764.623,1754.623,-30.35,-1.0116666666666667
M30 atr20 m1.8,130,2022-08-09 02:00:00+00:00,-1,1783.694,1793.694,-30.35,-1.0116666666666667
M30 atr20 m1.8,131,2022-08-15 02:30:00+00:00,-1,1795.474,1699.615,287.22699999999975,9.574233333333325
M30 atr20 m1.8,132,2022-09-02 03:30:00+00:00,1,1699.615,1689.615,-30.35,-1.0116666666666667
M30 atr20 m1.8,133,2022-09-19 02:00:00+00:00,-1,1671.538,1681.538,-30.35,-1.0116666666666667
M30 atr20 m1.8,134,2022-09-27 01:00:00+00:00,1,1630.618,1620.618,-30.35,-1.0116666666666667
M30 atr20 m1.8,135,2022-10-03 02:00:00+00:00,1,1668.848,1658.848,-30.35,-1.0116666666666667
M30 atr20 m1.8,136,2022-10-14 01:30:00+00:00,-1,1659.488,1667.845,-25.42099999999991,-0.8473666666666637
M30 atr20 m1.8,137,2022-10-14 02:00:00+00:00,1,1667.845,1657.845,-30.35,-1.0116666666666667
M30 atr20 m1.8,138,2022-10-17 02:00:00+00:00,1,1651.838,1641.838,-30.35,-1.0116666666666667
M30 atr20 m1.8,139,2022-10-24 02:00:00+00:00,-1,1653.577,1653.548,-0.2630000000000109,-0.00876666666666703
M30 atr20 m1.8,140,2022-10-25 01:00:00+00:00,1,1653.548,1643.548,-30.35,-1.0116666666666667
M30 atr20 m1.8,141,2022-10-26 01:00:00+00:00,-1,1650.187,1656.097,-18.080000000000247,-0.6026666666666749
M30 atr20 m1.8,142,2022-10-26 03:00:00+00:00,1,1656.097,1663.387,21.51999999999989,0.7173333333333296
M30 atr20 m1.8,143,2022-10-27 02:30:00+00:00,-1,1663.387,1666.097,-8.480000000000109,-0.2826666666666703
M30 atr20 m1.8,144,2022-10-28 02:00:00+00:00,1,1666.097,1656.097,-30.35,-1.0116666666666667
M30 atr20 m1.8,145,2022-11-01 02:00:00+00:00,1,1637.187,1627.187,-30.35,-1.0116666666666667
M30 atr20 m1.8,146,2022-11-07 00:00:00+00:00,-1,1672.698,1682.698,-30.35,-1.0116666666666667
M30 atr20 m1.8,147,2022-11-09 02:00:00+00:00,-1,1706.917,1716.917,-30.35,-1.0116666666666667
M30 atr20 m1.8,148,2022-11-11 02:00:00+00:00,-1,1747.408,1757.408,-30.35,-1.0116666666666667
M30 atr20 m1.8,149,2022-11-14 00:30:00+00:00,-1,1762.208,1772.208,-30.35,-1.0116666666666667
M30 atr20 m1.8,150,2022-11-18 02:30:00+00:00,1,1763.858,1753.858,-30.35,-1.0116666666666667
M30 atr20 m1.8,151,2022-11-22 00:30:00+00:00,1,1740.627,1730.627,-30.35,-1.0116666666666667
M30 atr20 m1.8,152,2022-11-25 00:30:00+00:00,-1,1752.987,1756.377,-10.519999999999618,-0.3506666666666539
M30 atr20 m1.8,153,2022-11-25 02:00:00+00:00,1,1756.377,1746.377,-30.35,-1.0116666666666667
M30 atr20 m1.8,154,2022-11-28 01:30:00+00:00,-1,1748.748,1758.748,-30.35,-1.0116666666666667
M30 atr20 m1.8,155,2022-11-29 02:00:00+00:00,1,1746.148,1782.138,107.62000000000003,3.5873333333333344
M30 atr20 m1.8,156,2022-12-08 02:00:00+00:00,-1,1782.138,1792.138,-30.35,-1.0116666666666667
M30 atr20 m1.8,157,2022-12-13 03:00:00+00:00,1,1785.625,1798.375,37.9,1.2633333333333332
M30 atr20 m1.8,158,2022-12-15 02:00:00+00:00,-1,1798.375,1792.355,17.709999999999944,0.5903333333333315
M30 atr20 m1.8,159,2022-12-20 03:30:00+00:00,1,1792.355,1813.775,63.91000000000022,2.1303333333333407
M30 atr20 m1.8,160,2022-12-29 23:30:00+00:00,-1,1813.775,1823.775,-30.35,-1.0116666666666667
M30 atr20 m1.8,161,2023-01-05 01:30:00+00:00,1,1857.355,1847.355,-30.35,-1.0116666666666667
M30 atr20 m1.8,162,2023-01-17 01:00:00+00:00,1,1918.075,1912.985,-15.620000000000436,-0.5206666666666812
M30 atr20 m1.8,163,2023-01-17 02:00:00+00:00,-1,1912.985,1922.985,-30.35,-1.0116666666666667
M30 atr20 m1.8,164,2023-01-25 03:30:00+00:00,-1,1932.665,1942.665,-30.35,-1.0116666666666667
M30 atr20 m1.8,165,2023-01-27 00:30:00+00:00,1,1932.348,1925.665,-20.39899999999998,-0.6799666666666659
M30 atr20 m1.8,166,2023-01-27 03:00:00+00:00,-1,1925.665,1935.665,-30.35,-1.0116666666666667
M30 atr20 m1.8,167,2023-02-06 02:30:00+00:00,1,1875.025,1865.025,-30.35,-1.0116666666666667
M30 atr20 m1.8,168,2023-02-07 02:00:00+00:00,1,1873.465,1863.465,-30.35,-1.0116666666666667
M30 atr20 m1.8,169,2023-02-15 02:00:00+00:00,1,1858.797,1848.797,-30.35,-1.0116666666666667
M30 atr20 m1.8,170,2023-02-16 02:00:00+00:00,1,1841.295,1831.295,-30.35,-1.0116666666666667
M30 atr20 m1.8,171,2023-02-23 03:00:00+00:00,1,1829.575,1819.575,-30.35,-1.0116666666666667
M30 atr20 m1.8,172,2023-03-01 01:00:00+00:00,-1,1823.365,1829.045,-17.390000000000192,-0.5796666666666731
M30 atr20 m1.8,173,2023-03-01 02:00:00+00:00,1,1829.045,1835.128,17.898999999999567,0.5966333333333189
M30 atr20 m1.8,174,2023-03-02 01:30:00+00:00,-1,1835.128,1845.128,-30.35,-1.0116666666666667
M30 atr20 m1.8,175,2023-03-07 02:30:00+00:00,1,1849.875,1839.875,-30.35,-1.0116666666666667
M30 atr20 m1.8,176,2023-03-10 03:00:00+00:00,-1,1829.375,1839.375,-30.35,-1.0116666666666667
M30 atr20 m1.8,177,2023-03-13 02:00:00+00:00,-1,1872.915,1882.915,-30.35,-1.0116666666666667
M30 atr20 m1.8,178,2023-03-13 03:00:00+00:00,1,1886.748,1876.748,-30.35,-1.0116666666666667
M30 atr20 m1.8,179,2023-03-17 03:00:00+00:00,1,1927.325,1971.915,133.41999999999976,4.447333333333325
M30 atr20 m1.8,180,2023-03-20 01:00:00+00:00,-1,1971.915,1981.915,-30.35,-1.0116666666666667
M30 atr20 m1.8,181,2023-03-24 03:30:00+00:00,-1,1990.235,2000.235,-30.35,-1.0116666666666667
M30 atr20 m1.8,182,2023-03-29 01:30:00+00:00,-1,1967.245,1977.245,-30.35,-1.0116666666666667
M30 atr20 m1.8,183,2023-04-04 02:00:00+00:00,-1,1978.124,1988.124,-30.35,-1.0116666666666667
M30 atr20 m1.8,184,2023-04-10 01:00:00+00:00,-1,1998.195,1993.895,12.549999999999864,0.4183333333333288
M30 atr20 m1.8,185,2023-04-11 00:30:00+00:00,1,1993.895,1983.895,-30.35,-1.0116666666666667
M30 atr20 m1.8,186,2023-04-26 03:30:00+00:00,-1,1994.595,2004.595,-30.35,-1.0116666666666667
M30 atr20 m1.8,187,2023-04-27 02:30:00+00:00,1,1996.085,1986.085,-30.35,-1.0116666666666667
M30 atr20 m1.8,188,2023-05-01 01:00:00+00:00,-1,1983.845,1993.845,-30.35,-1.0116666666666667
M30 atr20 m1.8,189,2023-05-04 02:00:00+00:00,-1,2044.354,2054.3540000000003,-30.350000000000684,-1.0116666666666894
M30 atr20 m1.8,190,2023-05-10 02:00:00+00:00,-1,2032.744,2042.744,-30.35,-1.0116666666666667
M30 atr20 m1.8,191,2023-05-15 02:00:00+00:00,1,2017.495,2007.495,-30.35,-1.0116666666666667
M30 atr20 m1.8,192,2023-05-19 03:00:00+00:00,1,1962.745,1952.745,-30.35,-1.0116666666666667
M30 atr20 m1.8,193,2023-05-26 02:00:00+00:00,1,1946.735,1941.475,-16.129999999999974,-0.5376666666666658
M30 atr20 m1.8,194,2023-05-29 01:00:00+00:00,-1,1941.475,1945.465,-12.320000000000027,-0.41066666666666757
M30 atr20 m1.8,195,2023-05-30 02:30:00+00:00,1,1945.465,1941.935,-10.939999999999918,-0.3646666666666639
M30 atr20 m1.8,196,2023-05-30 03:30:00+00:00,-1,1941.935,1951.935,-30.35,-1.0116666666666667
M30 atr20 m1.8,197,2023-05-31 02:00:00+00:00,-1,1954.725,1964.725,-30.35,-1.0116666666666667
M30 atr20 m1.8,198,2023-06-08 01:00:00+00:00,1,1946.095,1936.095,-30.35,-1.0116666666666667
M30 atr20 m1.8,199,2023-06-27 02:00:00+00:00,1,1929.024,1919.024,-30.35,-1.0116666666666667
M30 atr20 m1.8,200,2023-07-03 03:00:00+00:00,-1,1914.765,1924.765,-30.35,-1.0116666666666667
M30 atr20 m1.8,201,2023-07-12 01:00:00+00:00,1,1935.695,1974.465,115.95999999999994,3.8653333333333313
M30 atr20 m1.8,202,2023-07-19 02:30:00+00:00,-1,1974.465,1984.465,-30.35,-1.0116666666666667
M30 atr20 m1.8,203,2023-07-21 01:00:00+00:00,1,1972.875,1962.875,-30.35,-1.0116666666666667
M30 atr20 m1.8,204,2023-07-25 01:30:00+00:00,1,1959.465,1949.465,-30.35,-1.0116666666666667
M30 atr20 m1.8,205,2023-07-28 02:00:00+00:00,1,1950.895,1940.895,-30.35,-1.0116666666666667
M30 atr20 m1.8,206,2023-08-09 03:00:00+00:00,1,1929.555,1919.555,-30.35,-1.0116666666666667
M30 atr20 m1.8,207,2023-08-10 02:30:00+00:00,1,1919.085,1909.085,-30.35,-1.0116666666666667
M30 atr20 m1.8,208,2023-08-18 00:00:00+00:00,1,1891.215,1939.158,143.47899999999996,4.782633333333332
M30 atr20 m1.8,209,2023-09-01 03:30:00+00:00,-1,1939.158,1949.158,-30.35,-1.0116666666666667
M30 atr20 m1.8,210,2023-09-04 02:00:00+00:00,1,1942.975,1932.975,-30.35,-1.0116666666666667
M30 atr20 m1.8,211,2023-09-07 03:30:00+00:00,1,1919.898,1909.898,-30.35,-1.0116666666666667
M30 atr20 m1.8,212,2023-09-13 02:30:00+00:00,-1,1910.095,1912.515,-7.610000000000217,-0.2536666666666739
M30 atr20 m1.8,213,2023-09-14 01:00:00+00:00,1,1912.515,1902.515,-30.35,-1.0116666666666667
M30 atr20 m1.8,214,2023-09-18 02:30:00+00:00,1,1926.355,1916.355,-30.35,-1.0116666666666667
M30 atr20 m1.8,215,2023-09-25 00:30:00+00:00,-1,1924.005,1822.225,304.9900000000006,10.166333333333352
M30 atr20 m1.8,216,2023-10-05 23:30:00+00:00,1,1822.225,1812.225,-30.35,-1.0116666666666667
M30 atr20 m1.8,217,2023-10-13 03:00:00+00:00,1,1873.295,1915.025,124.84000000000005,4.161333333333335
M30 atr20 m1.8,218,2023-10-17 02:00:00+00:00,-1,1915.025,1925.025,-30.35,-1.0116666666666667
M30 atr20 m1.8,219,2023-10-18 00:30:00+00:00,1,1926.115,1993.935,203.10999999999981,6.770333333333327
M30 atr20 m1.8,220,2023-10-31 03:30:00+00:00,-1,1993.935,2003.935,-30.35,-1.0116666666666667
M30 atr20 m1.8,221,2023-11-03 03:00:00+00:00,1,1987.275,1977.275,-30.35,-1.0116666666666667
M30 atr20 m1.8,222,2023-11-09 01:30:00+00:00,1,1954.275,1944.275,-30.35,-1.0116666666666667
M30 atr20 m1.8,223,2023-11-20 01:30:00+00:00,1,1982.605,1972.605,-30.35,-1.0116666666666667
M30 atr20 m1.8,224,2023-11-27 03:30:00+00:00,-1,2008.485,2018.485,-30.35,-1.0116666666666667
M30 atr20 m1.8,225,2023-12-04 00:30:00+00:00,-1,2102.554,2037.445,194.97700000000046,6.499233333333349
M30 atr20 m1.8,226,2023-12-05 00:30:00+00:00,1,2037.445,2027.445,-30.35,-1.0116666666666667
M30 atr20 m1.8,227,2023-12-10 23:30:00+00:00,1,2006.658,1996.658,-30.35,-1.0116666666666667
M30 atr20 m1.8,228,2023-12-11 02:30:00+00:00,-1,1999.245,1984.015,45.33999999999937,1.5113333333333123
M30 atr20 m1.8,229,2023-12-12 00:30:00+00:00,1,1984.015,1974.015,-30.35,-1.0116666666666667
M30 atr20 m1.8,230,2023-12-21 02:00:00+00:00,1,2035.298,2025.298,-30.35,-1.0116666666666667
M30 atr20 m1.8,231,2024-01-09 00:30:00+00:00,1,2033.755,2023.755,-30.35,-1.0116666666666667
M30 atr20 m1.8,232,2024-01-11 01:00:00+00:00,1,2027.748,2017.748,-30.35,-1.0116666666666667
M30 atr20 m1.8,233,2024-01-15 02:00:00+00:00,1,2051.025,2050.785,-1.0700000000007095,-0.035666666666690314
M30 atr20 m1.8,234,2024-01-16 02:00:00+00:00,-1,2050.785,2011.555,117.33999999999936,3.911333333333312
M30 atr20 m1.8,235,2024-01-18 02:00:00+00:00,1,2011.555,2019.865,24.579999999999835,0.8193333333333278
M30 atr20 m1.8,236,2024-01-29 00:30:00+00:00,-1,2019.865,2029.865,-30.35,-1.0116666666666667
M30 atr20 m1.8,237,2024-01-31 23:30:00+00:00,1,2041.055,2031.055,-30.35,-1.0116666666666667
M30 atr20 m1.8,238,2024-02-02 01:30:00+00:00,-1,2053.495,2018.395,104.94999999999973,3.4983333333333246
M30 atr20 m1.8,239,2024-02-20 01:30:00+00:00,1,2018.395,2033.975,46.38999999999978,1.546333333333326
M30 atr20 m1.8,240,2024-02-26 00:00:00+00:00,-1,2033.975,2033.325,1.5999999999995906,0.05333333333331969
M30 atr20 m1.8,241,2024-02-28 02:00:00+00:00,1,2033.325,2124.398,272.86900000000026,9.095633333333343
M30 atr20 m1.8,242,2024-03-06 02:30:00+00:00,-1,2124.398,2134.398,-30.35,-1.0116666666666667
M30 atr20 m1.8,243,2024-03-08 03:00:00+00:00,-1,2155.375,2165.375,-30.35,-1.0116666666666667
M30 atr20 m1.8,244,2024-03-11 01:00:00+00:00,1,2186.605,2176.605,-30.35,-1.0116666666666667
M30 atr20 m1.8,245,2024-03-19 00:00:00+00:00,1,2162.085,2152.085,-30.35,-1.0116666666666667
M30 atr20 m1.8,246,2024-03-22 02:00:00+00:00,-1,2173.365,2168.335,14.739999999999235,0.4913333333333078
M30 atr20 m1.8,247,2024-03-25 00:00:00+00:00,1,2168.335,2375.045,619.7800000000001,20.659333333333336
M30 atr20 m1.8,248,2024-04-19 00:30:00+00:00,-1,2375.045,2385.045,-30.35,-1.0116666666666667
M30 atr20 m1.8,249,2024-04-19 01:30:00+00:00,1,2395.615,2385.615,-30.35,-1.0116666666666667
M30 atr20 m1.8,250,2024-04-19 03:30:00+00:00,-1,2385.745,2395.745,-30.35,-1.0116666666666667
M30 atr20 m1.8,251,2024-05-06 00:30:00+00:00,-1,2292.178,2302.178,-30.35,-1.0116666666666667
M30 atr20 m1.8,252,2024-05-06 01:30:00+00:00,1,2307.698,2420.265,337.351,11.245033333333334
M30 atr20 m1.8,253,2024-05-21 02:00:00+00:00,-1,2420.265,2430.265,-30.35,-1.0116666666666667
M30 atr20 m1.8,254,2024-05-27 03:00:00+00:00,1,2346.035,2336.035,-30.35,-1.0116666666666667
M30 atr20 m1.8,255,2024-05-31 03:30:00+00:00,-1,2339.555,2349.555,-30.35,-1.0116666666666667
M30 atr20 m1.8,256,2024-06-05 02:00:00+00:00,1,2330.324,2370.955,121.54299999999957,4.051433333333319
M30 atr20 m1.8,257,2024-06-07 02:00:00+00:00,-1,2370.955,2380.955,-30.35,-1.0116666666666667
M30 atr20 m1.8,258,2024-06-07 03:30:00+00:00,1,2377.875,2367.875,-30.35,-1.0116666666666667
M30 atr20 m1.8,259,2024-06-11 02:00:00+00:00,-1,2302.688,2312.688,-30.35,-1.0116666666666667
M30 atr20 m1.8,260,2024-06-17 00:30:00+00:00,-1,2325.718,2322.135,10.398999999998885,0.34663333333329616
M30 atr20 m1.8,261,2024-06-18 00:30:00+00:00,1,2322.135,2312.135,-30.35,-1.0116666666666667
M30 atr20 m1.8,262,2024-06-20 01:30:00+00:00,1,2332.205,2322.205,-30.35,-1.0116666666666667
M30 atr20 m1.8,263,2024-06-25 01:30:00+00:00,-1,2326.985,2336.985,-30.35,-1.0116666666666667
M30 atr20 m1.8,264,2024-06-28 01:00:00+00:00,-1,2321.474,2331.474,-30.35,-1.0116666666666667
M30 atr20 m1.8,265,2024-07-04 02:00:00+00:00,1,2361.788,2351.788,-30.35,-1.0116666666666667
M30 atr20 m1.8,266,2024-07-05 02:30:00+00:00,1,2361.578,2351.578,-30.35,-1.0116666666666667
M30 atr20 m1.8,267,2024-07-08 03:00:00+00:00,-1,2382.785,2363.175,58.479999999999016,1.9493333333333005
M30 atr20 m1.8,268,2024-07-09 01:30:00+00:00,1,2363.175,2353.175,-30.35,-1.0116666666666667
M30 atr20 m1.8,269,2024-07-11 03:00:00+00:00,1,2377.265,2408.818,94.30900000000102,3.1436333333333675
M30 atr20 m1.8,270,2024-07-12 01:30:00+00:00,-1,2408.818,2418.818,-30.35,-1.0116666666666667
M30 atr20 m1.8,271,2024-07-16 02:00:00+00:00,1,2427.155,2465.095,113.46999999999879,3.782333333333293
M30 atr20 m1.8,272,2024-07-17 03:30:00+00:00,-1,2465.095,2475.095,-30.35,-1.0116666666666667
M30 atr20 m1.8,273,2024-07-18 03:30:00+00:00,1,2467.195,2457.195,-30.35,-1.0116666666666667
M30 atr20 m1.8,274,2024-07-26 02:00:00+00:00,1,2373.425,2441.225,203.0499999999992,6.768333333333306
M30 atr20 m1.8,275,2024-08-01 03:00:00+00:00,-1,2441.225,2451.225,-30.35,-1.0116666666666667
M30 atr20 m1.8,276,2024-08-02 00:30:00+00:00,1,2449.305,2439.305,-30.35,-1.0116666666666667
M30 atr20 m1.8,277,2024-08-05 00:30:00+00:00,-1,2425.495,2435.495,-30.35,-1.0116666666666667
M30 atr20 m1.8,278,2024-08-05 03:00:00+00:00,1,2442.634,2432.634,-30.35,-1.0116666666666667
M30 atr20 m1.8,279,2024-08-12 02:00:00+00:00,-1,2425.915,2435.915,-30.35,-1.0116666666666667
M30 atr20 m1.8,280,2024-08-13 01:30:00+00:00,-1,2464.115,2474.115,-30.35,-1.0116666666666667
M30 atr20 m1.8,281,2024-08-14 02:30:00+00:00,-1,2460.444,2470.444,-30.35,-1.0116666666666667
M30 atr20 m1.8,282,2024-08-15 03:30:00+00:00,1,2451.945,2441.945,-30.35,-1.0116666666666667
M30 atr20 m1.8,283,2024-08-19 01:30:00+00:00,-1,2497.965,2507.965,-30.35,-1.0116666666666667
M30 atr20 m1.8,284,2024-08-21 02:00:00+00:00,1,2516.678,2506.678,-30.35,-1.0116666666666667
M30 atr20 m1.8,285,2024-08-22 02:30:00+00:00,-1,2503.125,2487.475,46.60000000000027,1.5533333333333423
M30 atr20 m1.8,286,2024-08-23 00:00:00+00:00,1,2487.475,2520.245,97.95999999999995,3.2653333333333316
M30 atr20 m1.8,287,2024-08-28 01:30:00+00:00,-1,2520.245,2513.995,18.4,0.6133333333333333
M30 atr20 m1.8,288,2024-08-29 00:30:00+00:00,1,2513.995,2503.995,-30.35,-1.0116666666666667
M30 atr20 m1.8,289,2024-08-30 01:00:00+00:00,-1,2517.655,2527.655,-30.35,-1.0116666666666667
M30 atr20 m1.8,290,2024-09-17 23:30:00+00:00,1,2573.215,2563.215,-30.35,-1.0116666666666667
M30 atr20 m1.8,291,2024-09-30 02:00:00+00:00,-1,2652.565,2639.675,38.31999999999962,1.2773333333333206
M30 atr20 m1.8,292,2024-10-01 02:00:00+00:00,1,2639.675,2657.385,52.78000000000011,1.759333333333337
M30 atr20 m1.8,293,2024-10-02 01:00:00+00:00,-1,2657.385,2667.385,-30.35,-1.0116666666666667
M30 atr20 m1.8,294,2024-10-10 03:00:00+00:00,1,2615.095,2605.095,-30.35,-1.0116666666666667
M30 atr20 m1.8,295,2024-10-14 03:00:00+00:00,1,2655.025,2645.025,-30.35,-1.0116666666666667
M30 atr20 m1.8,296,2024-10-17 02:00:00+00:00,1,2682.915,2672.915,-30.35,-1.0116666666666667
M30 atr20 m1.8,297,2024-10-22 01:30:00+00:00,1,2728.275,2738.355,29.889999999999777,0.9963333333333259
M30 atr20 m1.8,298,2024-10-23 02:00:00+00:00,-1,2738.355,2748.355,-30.35,-1.0116666666666667
M30 atr20 m1.8,299,2024-10-24 01:30:00+00:00,1,2726.505,2726.865,0.7299999999990178,0.02433333333330059
M30 atr20 m1.8,300,2024-10-25 03:30:00+00:00,-1,2726.865,2736.865,-30.35,-1.0116666666666667
M30 atr20 m1.8,301,2024-11-06 02:00:00+00:00,1,2746.924,2736.924,-30.35,-1.0116666666666667
M30 atr20 m1.8,302,2024-11-06 03:30:00+00:00,-1,2731.385,2741.385,-30.35,-1.0116666666666667
M30 atr20 m1.8,303,2024-11-07 01:30:00+00:00,-1,2650.498,2660.498,-30.35,-1.0116666666666667
M30 atr20 m1.8,304,2024-11-08 03:00:00+00:00,-1,2697.375,2623.855,220.20999999999995,7.340333333333332
M30 atr20 m1.8,305,2024-11-12 00:00:00+00:00,1,2623.855,2613.855,-30.35,-1.0116666666666667
M30 atr20 m1.8,306,2024-11-13 01:30:00+00:00,1,2608.125,2598.125,-30.35,-1.0116666666666667
M30 atr20 m1.8,307,2024-11-17 23:30:00+00:00,1,2573.825,2701.905,383.89000000000107,12.796333333333369
M30 atr20 m1.8,308,2024-11-25 01:30:00+00:00,-1,2701.905,2637.075,194.14000000000115,6.471333333333372
M30 atr20 m1.8,309,2024-11-27 02:30:00+00:00,1,2637.075,2627.075,-30.35,-1.0116666666666667
M30 atr20 m1.8,310,2024-11-29 01:30:00+00:00,1,2644.805,2634.805,-30.35,-1.0116666666666667
M30 atr20 m1.8,311,2024-12-06 03:30:00+00:00,1,2636.355,2626.355,-30.35,-1.0116666666666667
M30 atr20 m1.8,312,2024-12-09 01:30:00+00:00,1,2649.015,2639.015,-30.35,-1.0116666666666667
M30 atr20 m1.8,313,2024-12-10 02:00:00+00:00,1,2667.305,2710.855,130.30000000000055,4.3433333333333515
M30 atr20 m1.8,314,2024-12-12 02:00:00+00:00,-1,2710.855,2688.445,66.87999999999957,2.229333333333319
M30 atr20 m1.8,315,2024-12-13 01:30:00+00:00,1,2688.445,2678.445,-30.35,-1.0116666666666667
M30 atr20 m1.8,316,2024-12-17 02:00:00+00:00,1,2657.725,2647.725,-30.35,-1.0116666666666667
M30 atr20 m1.8,317,2024-12-19 01:30:00+00:00,1,2604.105,2594.105,-30.35,-1.0116666666666667
M30 atr20 m1.8,318,2024-12-20 02:00:00+00:00,1,2603.655,2669.935,198.48999999999924,6.616333333333308
M30 atr20 m1.8,319,2025-01-15 02:00:00+00:00,-1,2669.935,2679.935,-30.35,-1.0116666666666667
M30 atr20 m1.8,320,2025-01-20 03:30:00+00:00,1,2700.825,2752.598,154.96900000000042,5.165633333333347
M30 atr20 m1.8,321,2025-01-23 02:00:00+00:00,-1,2752.598,2762.598,-30.35,-1.0116666666666667
M30 atr20 m1.8,322,2025-01-28 01:30:00+00:00,1,2744.425,2918.248,521.1189999999996,17.37063333333332
M30 atr20 m1.8,323,2025-02-11 03:00:00+00:00,-1,2918.248,2928.248,-30.35,-1.0116666666666667
M30 atr20 m1.8,324,2025-02-12 01:00:00+00:00,-1,2892.085,2902.085,-30.35,-1.0116666666666667
M30 atr20 m1.8,325,2025-02-17 02:00:00+00:00,1,2895.385,2928.975,100.41999999999908,3.3473333333333026
M30 atr20 m1.8,326,2025-02-19 03:00:00+00:00,-1,2928.975,2938.975,-30.35,-1.0116666666666667
M30 atr20 m1.8,327,2025-02-21 02:00:00+00:00,-1,2928.495,2938.495,-30.35,-1.0116666666666667
M30 atr20 m1.8,328,2025-02-24 01:00:00+00:00,-1,2930.035,2940.035,-30.35,-1.0116666666666667
M30 atr20 m1.8,329,2025-02-24 03:00:00+00:00,1,2940.645,2930.645,-30.35,-1.0116666666666667
M30 atr20 m1.8,330,2025-02-27 03:00:00+00:00,-1,2906.585,2916.585,-30.35,-1.0116666666666667
M30 atr20 m1.8,331,2025-03-05 03:00:00+00:00,-1,2904.045,2914.045,-30.35,-1.0116666666666667
M30 atr20 m1.8,332,2025-03-07 00:30:00+00:00,-1,2902.285,2912.285,-30.35,-1.0116666666666667
M30 atr20 m1.8,333,2025-03-11 02:30:00+00:00,1,2897.555,3035.745,414.22000000000014,13.807333333333338
M30 atr20 m1.8,334,2025-03-21 02:00:00+00:00,-1,3035.745,3014.235,64.1799999999993,2.13933333333331
M30 atr20 m1.8,335,2025-03-25 03:30:00+00:00,1,3014.235,3078.748,193.18899999999977,6.439633333333325
M30 atr20 m1.8,336,2025-03-31 01:00:00+00:00,-1,3078.748,3088.748,-30.35,-1.0116666666666667
M30 atr20 m1.8,337,2025-03-31 01:30:00+00:00,1,3091.295,3081.295,-30.35,-1.0116666666666667
M30 atr20 m1.8,338,2025-04-04 03:00:00+00:00,-1,3096.555,3106.555,-30.35,-1.0116666666666667
M30 atr20 m1.8,339,2025-04-07 01:30:00+00:00,1,3018.785,3008.785,-30.35,-1.0116666666666667
M30 atr20 m1.8,340,2025-04-08 01:30:00+00:00,1,2995.769,2985.769,-30.35,-1.0116666666666667
M30 atr20 m1.8,341,2025-04-09 02:00:00+00:00,1,3007.912,3323.635,946.8190000000011,31.56063333333337
M30 atr20 m1.8,342,2025-04-17 02:00:00+00:00,-1,3323.635,3333.635,-30.35,-1.0116666666666667
M30 atr20 m1.8,343,2025-04-23 01:00:00+00:00,1,3367.665,3357.665,-30.35,-1.0116666666666667
M30 atr20 m1.8,344,2025-04-23 03:30:00+00:00,-1,3334.915,3344.915,-30.35,-1.0116666666666667
M30 atr20 m1.8,345,2025-04-25 02:00:00+00:00,-1,3345.465,3247.775,292.72000000000014,9.757333333333339
M30 atr20 m1.8,346,2025-05-05 00:00:00+00:00,1,3247.775,3357.955,330.18999999999943,11.006333333333314
M30 atr20 m1.8,347,2025-05-06 03:00:00+00:00,-1,3357.955,3367.955,-30.35,-1.0116666666666667
M30 atr20 m1.8,348,2025-05-08 01:30:00+00:00,1,3387.905,3377.905,-30.35,-1.0116666666666667
M30 atr20 m1.8,349,2025-05-09 02:00:00+00:00,-1,3290.855,3300.855,-30.35,-1.0116666666666667
M30 atr20 m1.8,350,2025-05-09 03:00:00+00:00,1,3308.055,3298.055,-30.35,-1.0116666666666667
M30 atr20 m1.8,351,2025-05-14 02:00:00+00:00,-1,3238.405,3248.405,-30.35,-1.0116666666666667
M30 atr20 m1.8,352,2025-05-16 01:30:00+00:00,-1,3223.015,3233.015,-30.35,-1.0116666666666667
M30 atr20 m1.8,353,2025-05-19 02:00:00+00:00,-1,3218.095,3228.095,-30.35,-1.0116666666666667
M30 atr20 m1.8,354,2025-05-27 02:00:00+00:00,-1,3335.648,3345.648,-30.35,-1.0116666666666667
M30 atr20 m1.8,355,2025-05-27 03:30:00+00:00,1,3346.615,3336.615,-30.35,-1.0116666666666667
M30 atr20 m1.8,356,2025-05-27 23:30:00+00:00,1,3308.298,3298.298,-30.35,-1.0116666666666667
M30 atr20 m1.8,357,2025-05-28 03:30:00+00:00,-1,3293.685,3303.685,-30.35,-1.0116666666666667
M30 atr20 m1.8,358,2025-05-29 03:30:00+00:00,1,3273.935,3301.698,82.93899999999977,2.7646333333333257
M30 atr20 m1.8,359,2025-05-30 02:30:00+00:00,-1,3301.698,3311.698,-30.35,-1.0116666666666667
M30 atr20 m1.8,360,2025-06-03 01:00:00+00:00,-1,3375.695,3385.695,-30.35,-1.0116666666666667
M30 atr20 m1.8,361,2025-06-06 01:30:00+00:00,1,3368.255,3358.255,-30.35,-1.0116666666666667
M30 atr20 m1.8,362,2025-06-10 00:30:00+00:00,-1,3320.535,3330.535,-30.35,-1.0116666666666667
M30 atr20 m1.8,363,2025-06-11 01:30:00+00:00,1,3335.405,3325.405,-30.35,-1.0116666666666667
M30 atr20 m1.8,364,2025-06-16 23:30:00+00:00,1,3398.555,3388.555,-30.35,-1.0116666666666667
M30 atr20 m1.8,365,2025-06-17 03:30:00+00:00,-1,3385.345,3395.345,-30.35,-1.0116666666666667
M30 atr20 m1.8,366,2025-06-18 02:00:00+00:00,-1,3378.625,3388.625,-30.35,-1.0116666666666667
M30 atr20 m1.8,367,2025-06-19 01:00:00+00:00,1,3379.205,3369.205,-30.35,-1.0116666666666667
M30 atr20 m1.8,368,2025-06-23 00:00:00+00:00,-1,3372.455,3382.455,-30.35,-1.0116666666666667
M30 atr20 m1.8,369,2025-06-30 01:30:00+00:00,1,3274.915,3350.255,225.6700000000004,7.522333333333347
M30 atr20 m1.8,370,2025-07-02 23:30:00+00:00,-1,3350.255,3360.255,-30.35,-1.0116666666666667
M30 atr20 m1.8,371,2025-07-08 03:30:00+00:00,-1,3331.335,3341.335,-30.35,-1.0116666666666667
M30 atr20 m1.8,372,2025-07-14 02:00:00+00:00,-1,3358.295,3368.295,-30.35,-1.0116666666666667
M30 atr20 m1.8,373,2025-07-15 03:30:00+00:00,1,3354.305,3344.305,-30.35,-1.0116666666666667
M30 atr20 m1.8,374,2025-07-17 02:30:00+00:00,-1,3339.598,3349.598,-30.35,-1.0116666666666667
M30 atr20 m1.8,375,2025-07-21 01:30:00+00:00,1,3357.795,3391.265,100.0599999999994,3.3353333333333137
M30 atr20 m1.8,376,2025-07-22 01:30:00+00:00,-1,3391.265,3401.265,-30.35,-1.0116666666666667
M30 atr20 m1.8,377,2025-07-23 02:00:00+00:00,-1,3420.885,3430.885,-30.35,-1.0116666666666667
M30 atr20 m1.8,378,2025-07-25 03:00:00+00:00,-1,3362.785,3336.535,78.4,2.6133333333333337
M30 atr20 m1.8,379,2025-07-28 03:30:00+00:00,1,3336.535,3326.535,-30.35,-1.0116666666666667
M30 atr20 m1.8,380,2025-07-29 02:30:00+00:00,1,3319.598,3309.598,-30.35,-1.0116666666666667
M30 atr20 m1.8,381,2025-07-31 00:00:00+00:00,1,3285.045,3347.398,186.7090000000002,6.22363333333334
M30 atr20 m1.8,382,2025-08-04 01:30:00+00:00,-1,3347.398,3357.398,-30.35,-1.0116666666666667
M30 atr20 m1.8,383,2025-08-06 02:30:00+00:00,-1,3375.295,3385.295,-30.35,-1.0116666666666667
M30 atr20 m1.8,384,2025-08-08 01:30:00+00:00,-1,3384.119,3394.119,-30.35,-1.0116666666666667
M30 atr20 m1.8,385,2025-08-14 00:00:00+00:00,1,3362.565,3362.465,-0.6499999999997271,-0.02166666666665757
M30 atr20 m1.8,386,2025-08-14 03:00:00+00:00,-1,3362.465,3340.085,66.79000000000033,2.2263333333333444
M30 atr20 m1.8,387,2025-08-18 00:30:00+00:00,1,3340.085,3330.085,-30.35,-1.0116666666666667
M30 atr20 m1.8,388,2025-08-19 03:30:00+00:00,1,3340.825,3330.825,-30.35,-1.0116666666666667
M30 atr20 m1.8,389,2025-08-21 01:00:00+00:00,-1,3342.095,3352.095,-30.35,-1.0116666666666667
M30 atr20 m1.8,390,2025-08-25 00:30:00+00:00,-1,3364.735,3374.735,-30.35,-1.0116666666666667
M30 atr20 m1.8,391,2025-08-26 00:30:00+00:00,1,3377.035,3372.075,-15.230000000000109,-0.5076666666666703
M30 atr20 m1.8,392,2025-08-26 03:30:00+00:00,-1,3372.075,3382.075,-30.35,-1.0116666666666667
M30 atr20 m1.8,393,2025-08-27 03:30:00+00:00,-1,3381.915,3391.915,-30.35,-1.0116666666666667
M30 atr20 m1.8,394,2025-08-28 01:30:00+00:00,-1,3387.885,3397.885,-30.35,-1.0116666666666667
M30 atr20 m1.8,395,2025-08-29 01:30:00+00:00,-1,3410.098,3420.098,-30.35,-1.0116666666666667
M30 atr20 m1.8,396,2025-09-01 01:30:00+00:00,-1,3438.665,3448.665,-30.35,-1.0116666666666667
M30 atr20 m1.8,397,2025-09-01 02:00:00+00:00,1,3456.969,3639.075,545.9679999999992,18.198933333333304
M30 atr20 m1.8,398,2025-09-14 23:30:00+00:00,-1,3639.075,3642.845,-11.659999999999945,-0.38866666666666483
M30 atr20 m1.8,399,2025-09-15 02:30:00+00:00,1,3642.845,3632.845,-30.35,-1.0116666666666667
M30 atr20 m1.8,400,2025-09-19 03:30:00+00:00,1,3653.745,3643.745,-30.35,-1.0116666666666667
M30 atr20 m1.8,401,2025-09-23 03:00:00+00:00,-1,3741.575,3751.575,-30.35,-1.0116666666666667
M30 atr20 m1.8,402,2025-09-25 02:00:00+00:00,-1,3735.815,3745.815,-30.35,-1.0116666666666667
M30 atr20 m1.8,403,2025-09-29 00:30:00+00:00,1,3777.235,3839.685,186.99999999999943,6.233333333333315
M30 atr20 m1.8,404,2025-10-03 03:30:00+00:00,-1,3839.685,3849.685,-30.35,-1.0116666666666667
M30 atr20 m1.8,405,2025-10-09 01:30:00+00:00,1,4030.975,4020.975,-30.35,-1.0116666666666667
M30 atr20 m1.8,406,2025-10-09 23:30:00+00:00,1,3982.895,3972.895,-30.35,-1.0116666666666667
M30 atr20 m1.8,407,2025-10-17 02:00:00+00:00,-1,4313.735,4323.735,-30.35,-1.0116666666666667
M30 atr20 m1.8,408,2025-10-17 03:30:00+00:00,1,4356.505,4346.505,-30.35,-1.0116666666666667
M30 atr20 m1.8,409,2025-10-21 03:00:00+00:00,-1,4338.495,4348.495,-30.35,-1.0116666666666667
M30 atr20 m1.8,410,2025-10-22 01:30:00+00:00,1,4104.085,4094.085,-30.35,-1.0116666666666667
M30 atr20 m1.8,411,2025-10-29 00:30:00+00:00,1,3970.639,3960.639,-30.35,-1.0116666666666667
M30 atr20 m1.8,412,2025-10-31 03:30:00+00:00,-1,4000.145,4010.145,-30.35,-1.0116666666666667
M30 atr20 m1.8,413,2025-11-03 01:30:00+00:00,1,3998.445,3988.445,-30.35,-1.0116666666666667
M30 atr20 m1.8,414,2025-11-03 23:30:00+00:00,-1,3995.495,4005.495,-30.35,-1.0116666666666667
M30 atr20 m1.8,415,2025-11-07 01:30:00+00:00,1,3997.205,3987.205,-30.35,-1.0116666666666667
M30 atr20 m1.8,416,2025-11-10 01:00:00+00:00,1,4020.045,4123.945,311.3499999999989,10.378333333333297
M30 atr20 m1.8,417,2025-11-12 03:00:00+00:00,-1,4123.945,4133.945,-30.35,-1.0116666666666667
M30 atr20 m1.8,418,2025-11-14 00:00:00+00:00,1,4185.795,4175.795,-30.35,-1.0116666666666667
M30 atr20 m1.8,419,2025-11-17 23:30:00+00:00,1,4048.055,4038.055,-30.35,-1.0116666666666667
M30 atr20 m1.8,420,2025-11-18 03:00:00+00:00,-1,4017.615,4027.615,-30.35,-1.0116666666666667
M30 atr20 m1.8,421,2025-11-20 00:00:00+00:00,1,4104.265,4094.2650000000003,-30.35,-1.0116666666666667
M30 atr20 m1.8,422,2025-11-20 02:00:00+00:00,-1,4081.085,4091.085,-30.35,-1.0116666666666667
M30 atr20 m1.8,423,2025-11-21 03:30:00+00:00,-1,4052.295,4062.295,-30.35,-1.0116666666666667
M30 atr20 m1.8,424,2025-11-27 03:00:00+00:00,-1,4145.235,4155.235,-30.35,-1.0116666666666667
M30 atr20 m1.8,425,2025-12-11 03:00:00+00:00,-1,4221.975,4231.975,-30.35,-1.0116666666666667
M30 atr20 m1.8,426,2025-12-16 03:00:00+00:00,-1,4289.435,4299.435,-30.35,-1.0116666666666667
M30 atr20 m1.8,427,2025-12-17 02:00:00+00:00,1,4326.475,4316.475,-30.35,-1.0116666666666667
M30 atr20 m1.8,428,2025-12-18 01:30:00+00:00,-1,4324.585,4334.585,-30.35,-1.0116666666666667
M30 atr20 m1.8,429,2025-12-22 00:00:00+00:00,1,4354.885,4477.185,366.5500000000005,12.218333333333351
M30 atr20 m1.8,430,2025-12-24 03:00:00+00:00,-1,4477.185,4487.185,-30.35,-1.0116666666666667
M30 atr20 m1.8,431,2025-12-25 23:30:00+00:00,1,4497.175,4487.175,-30.35,-1.0116666666666667
M30 atr20 m1.8,432,2025-12-30 02:00:00+00:00,1,4359.935,4349.935,-30.35,-1.0116666666666667
M30 atr20 m1.8,433,2025-12-31 02:00:00+00:00,1,4365.698,4355.698,-30.35,-1.0116666666666667
M30 atr20 m1.8,434,2026-01-01 23:30:00+00:00,1,4339.605,4329.605,-30.35,-1.0116666666666667
M30 atr20 m1.8,435,2026-01-04 23:30:00+00:00,1,4366.525,4476.885,330.7300000000017,11.024333333333391
M30 atr20 m1.8,436,2026-01-07 01:30:00+00:00,-1,4476.885,4486.885,-30.35,-1.0116666666666667
M30 atr20 m1.8,437,2026-01-11 23:30:00+00:00,1,4537.455,4608.825,213.75999999999968,7.125333333333322
M30 atr20 m1.8,438,2026-01-14 23:30:00+00:00,-1,4608.825,4618.825,-30.35,-1.0116666666666667
M30 atr20 m1.8,439,2026-01-16 03:00:00+00:00,-1,4594.825,4604.825,-30.35,-1.0116666666666667
M30 atr20 m1.8,440,2026-01-20 00:30:00+00:00,-1,4659.425,4669.425,-30.35,-1.0116666666666667
M30 atr20 m1.8,441,2026-01-22 00:00:00+00:00,-1,4777.875,4787.875,-30.35,-1.0116666666666667
M30 atr20 m1.8,442,2026-01-27 01:30:00+00:00,1,5066.445,5056.445,-30.35,-1.0116666666666667
M30 atr20 m1.8,443,2026-01-30 02:00:00+00:00,-1,5300.098,4773.975,1578.0189999999989,52.6006333333333
M30 atr20 m1.8,444,2026-02-03 00:00:00+00:00,1,4773.975,4763.975,-30.35,-1.0116666666666667
M30 atr20 m1.8,445,2026-02-05 02:30:00+00:00,-1,4936.459,4773.765,487.73199999999844,16.25773333333328
M30 atr20 m1.8,446,2026-02-06 02:00:00+00:00,1,4773.765,5022.718,746.5089999999985,24.883633333333286
M30 atr20 m1.8,447,2026-02-09 23:30:00+00:00,-1,5022.718,5032.718,-30.35,-1.0116666666666667
M30 atr20 m1.8,448,2026-02-11 02:00:00+00:00,1,5052.215,5042.215,-30.35,-1.0116666666666667
M30 atr20 m1.8,449,2026-02-13 01:30:00+00:00,1,4969.495,4959.495,-30.35,-1.0116666666666667
M30 atr20 m1.8,450,2026-02-16 03:00:00+00:00,-1,4994.405,5004.405,-30.35,-1.0116666666666667
M30 atr20 m1.8,451,2026-02-18 03:00:00+00:00,1,4904.975,4967.475,187.15,6.238333333333333
M30 atr20 m1.8,452,2026-02-19 00:30:00+00:00,-1,4967.475,4977.475,-30.35,-1.0116666666666667
M30 atr20 m1.8,453,2026-02-24 01:30:00+00:00,-1,5164.665,5174.665,-30.35,-1.0116666666666667
M30 atr20 m1.8,454,2026-02-24 23:30:00+00:00,-1,5130.605,5140.605,-30.35,-1.0116666666666667
M30 atr20 m1.8,455,2026-02-25 01:30:00+00:00,1,5184.865,5174.865,-30.35,-1.0116666666666667
M30 atr20 m1.8,456,2026-03-02 01:30:00+00:00,-1,5306.905,5316.905,-30.35,-1.0116666666666667
M30 atr20 m1.8,457,2026-03-03 00:00:00+00:00,1,5345.755,5335.755,-30.35,-1.0116666666666667
M30 atr20 m1.8,458,2026-03-05 00:30:00+00:00,1,5173.075,5163.075,-30.35,-1.0116666666666667
M30 atr20 m1.8,459,2026-03-06 02:00:00+00:00,1,5134.315,5124.315,-30.35,-1.0116666666666667
M30 atr20 m1.8,460,2026-03-13 00:00:00+00:00,1,5097.725,5087.725,-30.35,-1.0116666666666667
M30 atr20 m1.8,461,2026-03-16 01:00:00+00:00,1,5025.435,5015.435,-30.35,-1.0116666666666667
M30 atr20 m1.8,462,2026-03-17 02:00:00+00:00,1,5027.695,5017.695,-30.35,-1.0116666666666667
M30 atr20 m1.8,463,2026-03-19 02:30:00+00:00,1,4857.015,4847.015,-30.35,-1.0116666666666667
M30 atr20 m1.8,464,2026-03-27 02:30:00+00:00,1,4430.515,4420.515,-30.35,-1.0116666666666667
M30 atr20 m1.8,465,2026-03-30 03:30:00+00:00,1,4506.835,4496.835,-30.35,-1.0116666666666667
M30 atr20 m1.8,466,2026-03-31 01:00:00+00:00,1,4547.025,4537.025,-30.35,-1.0116666666666667
M30 atr20 m1.8,467,2026-04-02 01:30:00+00:00,-1,4695.265,4660.815,103.00000000000219,3.4333333333334064
M30 atr20 m1.8,468,2026-04-06 02:30:00+00:00,1,4660.815,4650.815,-30.35,-1.0116666666666667
M30 atr20 m1.8,469,2026-04-13 01:00:00+00:00,1,4694.795,4823.985,387.2199999999988,12.907333333333293
M30 atr20 m1.8,470,2026-04-15 03:00:00+00:00,-1,4823.985,4814.765,27.309999999998034,0.9103333333332678
M30 atr20 m1.8,471,2026-04-15 23:30:00+00:00,1,4814.765,4804.765,-30.35,-1.0116666666666667
M30 atr20 m1.8,472,2026-04-20 01:30:00+00:00,1,4802.785,4792.785,-30.35,-1.0116666666666667
M30 atr20 m1.8,473,2026-04-21 03:00:00+00:00,-1,4806.645,4729.805,230.1700000000004,7.672333333333347
M30 atr20 m1.8,474,2026-04-21 23:30:00+00:00,1,4729.805,4719.805,-30.35,-1.0116666666666667
M30 atr20 m1.8,475,2026-04-23 00:30:00+00:00,1,4741.275,4731.275,-30.35,-1.0116666666666667
M30 atr20 m1.8,476,2026-04-23 02:00:00+00:00,-1,4723.165,4733.165,-30.35,-1.0116666666666667
M30 atr20 m1.8,477,2026-04-27 02:00:00+00:00,1,4702.445,4692.445,-30.35,-1.0116666666666667
M30 atr20 m1.8,478,2026-04-28 00:30:00+00:00,1,4694.745,4684.745,-30.35,-1.0116666666666667
M30 atr20 m1.8,479,2026-04-28 02:00:00+00:00,-1,4670.295,4680.295,-30.35,-1.0116666666666667
M30 atr20 m1.8,480,2026-05-08 02:00:00+00:00,1,4722.695,4712.695,-30.35,-1.0116666666666667
M30 atr20 m1.8,481,2026-05-12 01:30:00+00:00,-1,4734.805,4533.325,604.0900000000014,20.13633333333338
M30 atr20 m1.8,482,2026-05-18 02:30:00+00:00,1,4533.325,4546.975,40.600000000001636,1.353333333333388
M30 atr20 m1.8,483,2026-05-19 03:00:00+00:00,-1,4546.975,4556.975,-30.35,-1.0116666666666667
M30 atr20 m1.8,484,2026-05-21 02:30:00+00:00,-1,4540.125,4550.125,-30.35,-1.0116666666666667
M30 atr20 m1.8,485,2026-05-22 03:30:00+00:00,-1,4521.395,4531.395,-30.35,-1.0116666666666667
M30 atr20 m1.8,486,2026-05-26 00:30:00+00:00,-1,4548.995,4558.995,-30.35,-1.0116666666666667
M30 atr20 m1.8,487,2026-06-04 00:00:00+00:00,1,4457.215,4447.215,-30.35,-1.0116666666666667
M30 atr20 m1.8,488,2026-06-08 00:30:00+00:00,1,4351.095,4341.095,-30.35,-1.0116666666666667
M30 atr20 m1.8,489,2026-06-08 01:30:00+00:00,-1,4314.645,4324.645,-30.35,-1.0116666666666667
M30 atr20 m1.8,490,2026-06-11 01:30:00+00:00,1,4104.305,4094.3050000000003,-30.35,-1.0116666666666667
M30 atr20 m1.8,491,2026-06-11 03:30:00+00:00,-1,4062.945,4072.945,-30.35,-1.0116666666666667
M30 atr20 m1.8,492,2026-06-12 01:30:00+00:00,-1,4180.645,4190.645,-30.35,-1.0116666666666667
M30 atr20 m1.8,493,2026-06-17 23:30:00+00:00,1,4279.735,4269.735,-30.35,-1.0116666666666667
M30 atr20 m1.8,494,2026-06-22 00:00:00+00:00,-1,4140.015,4150.015,-30.35,-1.0116666666666667
M30 atr20 m1.8,495,2026-06-22 01:00:00+00:00,1,4200.655,4190.655,-30.35,-1.0116666666666667
M30 atr20 m1.8,496,2026-06-22 03:30:00+00:00,-1,4179.745,4189.745,-30.35,-1.0116666666666667
